"gene_pair","gemini_strong_median","gemini_fdr"
"ADAD1;AKT1",-0.273069907594541,0.83051842769989
"ADAD1;BRD4",-0.385789869944968,0.83051842769989
"ADAD1;MYC",-1.59528714419041,0.996820526247479
"ADAD1;MAP2K1",-0.453141325906096,0.83051842769989
"ADAD1;MAPK1",-0.474729203050636,0.83051842769989
"ADAD1;WEE1",-0.740950119976556,0.848886624982646
"ADAD1;ARID1A",-0.389263574392519,0.83051842769989
"ADAD1;PRMT1",-1.27316559635855,0.981123201355568
"ADAD1;PARP1",-1.07270486183139,0.919963971753561
"ADAD1;PORCN",-0.327330133276406,0.83051842769989
"ADAD1;MDM2",-0.404308082966929,0.83051842769989
"ADAD1;EGFR",-0.47734633770786,0.83051842769989
"ADAD1;SMAD4",-0.312502539289247,0.83051842769989
"ADAD1;DNMT1",-0.499853915714435,0.83051842769989
"ADAD1;RAF1",-0.420645770924914,0.83051842769989
"ADAD1;CDK6",-0.724449626523426,0.845231706482896
"ADAD1;ATR",-1.04185359869419,0.913419946253691
"ADAD1;MCL1",-0.216763624790432,0.83051842769989
"ADAD1;BCL2",-0.443452863578675,0.83051842769989
"ADAD1;PRMT5",-0.864643417648961,0.864875045592771
"ADAD1;ATM",-0.336943005761284,0.83051842769989
"ADAD1;BCL2L1",-0.462055107773048,0.83051842769989
"ADAD1;KRAS",-0.281061419161367,0.83051842769989
"ADAD1;CDK4",-0.466126974095852,0.83051842769989
"ADAD1;CTNNB1",-0.992023168380472,0.902591929762792
"ADAD1;BRAF",-0.35871513998376,0.83051842769989
"ADAD1;MAP2K2",-0.259198985936129,0.83051842769989
"ADAD1;PIK3CA",-0.414965349969453,0.83051842769989
"ADAD1;IGF1R",-0.46099905720622,0.83051842769989
"ADAD1;TAZ",-0.31671824470874,0.83051842769989
"ADAD1;WRN",-0.465127744513645,0.83051842769989
"ADAD1;AKT2",-0.425111191818733,0.83051842769989
"ADAD1;SRC",-0.370443267030438,0.83051842769989
"ADAD1;DNMT3B",-0.317899491435408,0.83051842769989
"ADAD1;APC",-0.380823643837248,0.83051842769989
"ADAD1;ERBB2",-0.347733618390174,0.83051842769989
"ADAD1;YAP1",-0.326938930874979,0.83051842769989
"ADAD1;PTPN11",-0.134729441045652,0.83051842769989
"ADAD1;CHEK1",-1.58539528554115,0.996820526247479
"ADAD1;JAK1",-0.455444489147667,0.83051842769989
"AKT1;CYLC2",-0.57848142456773,0.83051842769989
"BRD4;CYLC2",-0.621061813000297,0.83051842769989
"CYLC2;MYC",-1.60616880191515,0.996820526247479
"CYLC2;MAP2K1",-0.629004538430584,0.83051842769989
"CYLC2;MAPK1",-0.542029496327826,0.83051842769989
"CYLC2;WEE1",-0.669488323375212,0.831056774835896
"ARID1A;CYLC2",-0.621536604111631,0.83051842769989
"CYLC2;PRMT1",-1.30279831433688,0.988259405159808
"CYLC2;PARP1",-0.970309135472757,0.895618409877648
"CYLC2;PORCN",-0.545994100644589,0.83051842769989
"CYLC2;MDM2",-0.578594249569326,0.83051842769989
"CYLC2;EGFR",-0.534681873938033,0.83051842769989
"CYLC2;SMAD4",-0.626536154526657,0.83051842769989
"CYLC2;DNMT1",-0.58846334765592,0.83051842769989
"CYLC2;RAF1",-0.595710800369043,0.83051842769989
"CDK6;CYLC2",-0.688984967756415,0.836553028488806
"ATR;CYLC2",-1.02698298904,0.911081572852605
"CYLC2;MCL1",-0.557392072101974,0.83051842769989
"BCL2;CYLC2",-0.61397658992515,0.83051842769989
"CYLC2;PRMT5",-0.83191097723208,0.858667905495995
"ATM;CYLC2",-0.622025538061025,0.83051842769989
"BCL2L1;CYLC2",-0.570466704626149,0.83051842769989
"CYLC2;KRAS",-0.604845900415092,0.83051842769989
"CDK4;CYLC2",-0.539045719625852,0.83051842769989
"CTNNB1;CYLC2",-0.969708087266064,0.895509909042636
"BRAF;CYLC2",-0.624957112046812,0.83051842769989
"CYLC2;MAP2K2",-0.487287465683116,0.83051842769989
"CYLC2;PIK3CA",-0.628457058623981,0.83051842769989
"CYLC2;IGF1R",-0.559377171452985,0.83051842769989
"CYLC2;TAZ",-0.620842805617065,0.83051842769989
"CYLC2;WRN",-0.56325102079573,0.83051842769989
"AKT2;CYLC2",-0.524305414466623,0.83051842769989
"CYLC2;SRC",-0.54668914367287,0.83051842769989
"CYLC2;DNMT3B",-0.569985682828323,0.83051842769989
"APC;CYLC2",-0.56358047710079,0.83051842769989
"CYLC2;ERBB2",-0.606993958798171,0.83051842769989
"CYLC2;YAP1",-0.582177654859839,0.83051842769989
"CYLC2;PTPN11",-0.477433788017305,0.83051842769989
"CHEK1;CYLC2",-1.58980001680826,0.996820526247479
"CYLC2;JAK1",-0.58451615563262,0.83051842769989
"AKT1;KLK12",-0.618585100548919,0.83051842769989
"BRD4;KLK12",-0.602064466346683,0.83051842769989
"KLK12;MYC",-1.36891328700543,0.996820526247479
"KLK12;MAP2K1",-0.610111841392925,0.83051842769989
"KLK12;MAPK1",-0.620342828185236,0.83051842769989
"KLK12;WEE1",-0.641654106107812,0.83051842769989
"ARID1A;KLK12",-0.622399398540918,0.83051842769989
"KLK12;PRMT1",-1.31171039955438,0.989655909804524
"KLK12;PARP1",-0.992568099650123,0.90265567890817
"KLK12;PORCN",-0.591084428703741,0.83051842769989
"KLK12;MDM2",-0.647763578832062,0.83051842769989
"EGFR;KLK12",-0.575000838270069,0.83051842769989
"KLK12;SMAD4",-0.64878975773881,0.83051842769989
"DNMT1;KLK12",-0.617546438501849,0.83051842769989
"KLK12;RAF1",-0.641442706209757,0.83051842769989
"CDK6;KLK12",-0.738230662984788,0.848264934835957
"ATR;KLK12",-0.892952110466683,0.873141855938178
"KLK12;MCL1",-0.649148259429961,0.83051842769989
"BCL2;KLK12",-0.621579817109066,0.83051842769989
"KLK12;PRMT5",-0.661219247280452,0.83051842769989
"ATM;KLK12",-0.459520759986209,0.83051842769989
"BCL2L1;KLK12",-0.631218382166103,0.83051842769989
"KLK12;KRAS",-0.61407411544512,0.83051842769989
"CDK4;KLK12",-0.582411230934011,0.83051842769989
"CTNNB1;KLK12",-0.77056253468835,0.854290408947958
"BRAF;KLK12",-0.599569787767866,0.83051842769989
"KLK12;MAP2K2",-0.620669697799314,0.83051842769989
"KLK12;PIK3CA",-0.507153248096277,0.83051842769989
"IGF1R;KLK12",-0.580814022252101,0.83051842769989
"KLK12;TAZ",-0.645067722547978,0.83051842769989
"KLK12;WRN",-0.488363665871978,0.83051842769989
"AKT2;KLK12",-0.643738469580102,0.83051842769989
"KLK12;SRC",-0.57644605068922,0.83051842769989
"DNMT3B;KLK12",-0.641154310345703,0.83051842769989
"APC;KLK12",-0.62507063256603,0.83051842769989
"ERBB2;KLK12",-0.650454713424131,0.83051842769989
"KLK12;YAP1",-0.607945699742246,0.83051842769989
"KLK12;PTPN11",-0.640933914684424,0.83051842769989
"CHEK1;KLK12",-1.39607610898758,0.996820526247479
"JAK1;KLK12",-0.642219209412146,0.83051842769989
"ADAD1;KIT",-0.459776382951764,0.83051842769989
"CYLC2;KIT",-0.607972257928905,0.83051842769989
"KIT;KLK12",-0.631135413115652,0.83051842769989
"ADAD1;PPAT",-0.458131734048182,0.83051842769989
"CYLC2;PPAT",-0.473667237050027,0.83051842769989
"KLK12;PPAT",-0.54983804862486,0.83051842769989
"ADAD1;AXL",-0.488554581111998,0.83051842769989
"AXL;CYLC2",-0.592796704937663,0.83051842769989
"AXL;KLK12",-0.643167467724329,0.83051842769989
"ADAD1;ARF6",-0.453409626352683,0.83051842769989
"ARF6;CYLC2",-0.627715796545934,0.83051842769989
"ARF6;KLK12",-0.643059450423625,0.83051842769989
"ADAD1;MAPK11",-0.498283872926339,0.83051842769989
"CYLC2;MAPK11",-0.429221407466812,0.83051842769989
"KLK12;MAPK11",-0.60314626940395,0.83051842769989
"ADAD1;KDM8",-0.490512384630556,0.83051842769989
"CYLC2;KDM8",-0.577169663469643,0.83051842769989
"KDM8;KLK12",-0.569137718507013,0.83051842769989
"ADAD1;NUAK1",-0.472609293007541,0.83051842769989
"CYLC2;NUAK1",-0.617130978845482,0.83051842769989
"KLK12;NUAK1",-0.637924566440557,0.83051842769989
"ADAD1;RIPK1",-0.467914179343039,0.83051842769989
"CYLC2;RIPK1",-0.591210773863878,0.83051842769989
"KLK12;RIPK1",-0.569263633743368,0.83051842769989
"ADAD1;GSK3A",-0.48464171070504,0.83051842769989
"CYLC2;GSK3A",-0.572932233025837,0.83051842769989
"GSK3A;KLK12",-0.617462233535363,0.83051842769989
"ADAD1;PTTG1",-0.436916907844724,0.83051842769989
"CYLC2;PTTG1",-0.584950765338127,0.83051842769989
"KLK12;PTTG1",-0.481937976893974,0.83051842769989
"ADAD1;PNP",-0.416724899950781,0.83051842769989
"CYLC2;PNP",-0.598262791924193,0.83051842769989
"KLK12;PNP",-0.625845383234233,0.83051842769989
"ADAD1;SHC1",-0.460157161577881,0.83051842769989
"CYLC2;SHC1",-0.62304102517329,0.83051842769989
"KLK12;SHC1",-0.63297823028559,0.83051842769989
"ADAD1;MRAS",-0.462117411052933,0.83051842769989
"CYLC2;MRAS",-0.629852090381429,0.83051842769989
"KLK12;MRAS",-0.558005828406428,0.83051842769989
"ADAD1;KNTC1",-0.497089784830561,0.83051842769989
"CYLC2;KNTC1",-0.601030165217064,0.83051842769989
"KLK12;KNTC1",-0.627632206824274,0.83051842769989
"ADAD1;PLEC",-0.499456858252272,0.83051842769989
"CYLC2;PLEC",-0.583085135519121,0.83051842769989
"KLK12;PLEC",-0.638194126730258,0.83051842769989
"ADAD1;NAA10",-0.37754867843282,0.83051842769989
"CYLC2;NAA10",-0.489135317214094,0.83051842769989
"KLK12;NAA10",-0.534020526125086,0.83051842769989
"ADAD1;PRDX3",-0.456182117543017,0.83051842769989
"CYLC2;PRDX3",-0.592457346058098,0.83051842769989
"KLK12;PRDX3",-0.631679928133978,0.83051842769989
"ADAD1;SYK",-0.399479912190697,0.83051842769989
"CYLC2;SYK",-0.5693061087934,0.83051842769989
"KLK12;SYK",-0.621641839091615,0.83051842769989
"ADAD1;CDK8",-0.407892756454718,0.83051842769989
"CDK8;CYLC2",-0.566093458792456,0.83051842769989
"CDK8;KLK12",-0.620485651130761,0.83051842769989
"ADAD1;CDK7",-0.417512275751598,0.83051842769989
"CDK7;CYLC2",-0.606150013221725,0.83051842769989
"CDK7;KLK12",-0.529516557233965,0.83051842769989
"ABL2;ADAD1",-0.48430918587434,0.83051842769989
"ABL2;CYLC2",-0.627195653187756,0.83051842769989
"ABL2;KLK12",-0.616496996755757,0.83051842769989
"ADAD1;CUL3",-0.410877342800441,0.83051842769989
"CUL3;CYLC2",-0.575184608104495,0.83051842769989
"CUL3;KLK12",-0.542586678057781,0.83051842769989
"ADAD1;SGK3",-0.440144234487187,0.83051842769989
"CYLC2;SGK3",-0.451533061470725,0.83051842769989
"KLK12;SGK3",-0.641140804301453,0.83051842769989
"ADAD1;ANLN",-0.512373856308033,0.83051842769989
"ANLN;CYLC2",-0.532938235042494,0.83051842769989
"ANLN;KLK12",-0.649806609530892,0.83051842769989
"ADAD1;MERTK",-0.351587827780322,0.83051842769989
"CYLC2;MERTK",-0.575784938036118,0.83051842769989
"KLK12;MERTK",-0.624771739743748,0.83051842769989
"ADAD1;MRGBP",-0.484527169786202,0.83051842769989
"CYLC2;MRGBP",-0.603009370965761,0.83051842769989
"KLK12;MRGBP",-0.522957478318641,0.83051842769989
"ADAD1;PPM1G",-0.437336371895988,0.83051842769989
"CYLC2;PPM1G",-0.596221348479288,0.83051842769989
"KLK12;PPM1G",-0.618213273510212,0.83051842769989
"ADAD1;NOTCH4",-0.45251530628652,0.83051842769989
"CYLC2;NOTCH4",-0.600667393408534,0.83051842769989
"KLK12;NOTCH4",-0.652240996596432,0.83051842769989
"ADAD1;STK4",-0.451994538850054,0.83051842769989
"CYLC2;STK4",-0.584559738720644,0.83051842769989
"KLK12;STK4",-0.609508575487611,0.83051842769989
"ADAD1;PARL",-0.474131640521892,0.83051842769989
"CYLC2;PARL",-0.600606011264484,0.83051842769989
"KLK12;PARL",-0.623209584935422,0.83051842769989
"ADAD1;TAB1",-0.453601186433846,0.83051842769989
"CYLC2;TAB1",-0.540581723699514,0.83051842769989
"KLK12;TAB1",-0.63604926025386,0.83051842769989
"ADAD1;FLT3",-0.51227600734214,0.83051842769989
"CYLC2;FLT3",-0.519190052230819,0.83051842769989
"FLT3;KLK12",-0.580352097002357,0.83051842769989
"ADAD1;AURKA",-0.476922620384333,0.83051842769989
"AURKA;CYLC2",-0.549637869327626,0.83051842769989
"AURKA;KLK12",-0.568334948452371,0.83051842769989
"ADAD1;PRKAG2",-0.458540270556722,0.83051842769989
"CYLC2;PRKAG2",-0.609942149606645,0.83051842769989
"KLK12;PRKAG2",-0.598465730696046,0.83051842769989
"ADAD1;RINT1",-0.710549755523267,0.841953357183135
"CYLC2;RINT1",-0.71244176565297,0.842505651198578
"KLK12;RINT1",-0.590758170929222,0.83051842769989
"ADAD1;CAB39",-0.322052081639408,0.83051842769989
"CAB39;CYLC2",-0.602634614310655,0.83051842769989
"CAB39;KLK12",-0.565224041017298,0.83051842769989
"ADAD1;HCK",-0.50104500251026,0.83051842769989
"CYLC2;HCK",-0.601262911740262,0.83051842769989
"HCK;KLK12",-0.592403653363268,0.83051842769989
"ADAD1;IP6K2",-0.461941743097522,0.83051842769989
"CYLC2;IP6K2",-0.587807831462313,0.83051842769989
"IP6K2;KLK12",-0.633380302740758,0.83051842769989
"ADAD1;UBR5",-0.511340713218257,0.83051842769989
"CYLC2;UBR5",-0.539324669290963,0.83051842769989
"KLK12;UBR5",-0.598838391466807,0.83051842769989
"ADAD1;RPS6KB1",-0.489576546904967,0.83051842769989
"CYLC2;RPS6KB1",-0.594669851485574,0.83051842769989
"KLK12;RPS6KB1",-0.63154887881816,0.83051842769989
"ADAD1;PHF8",-0.42206746025693,0.83051842769989
"CYLC2;PHF8",-0.5658282762993,0.83051842769989
"KLK12;PHF8",-0.502791762424297,0.83051842769989
"ADAD1;GRK6",-0.472514235189838,0.83051842769989
"CYLC2;GRK6",-0.611321620150237,0.83051842769989
"GRK6;KLK12",-0.607272727400083,0.83051842769989
"ADAD1;PPP1R10",-0.575682359387741,0.83051842769989
"CYLC2;PPP1R10",-0.426430959841674,0.83051842769989
"KLK12;PPP1R10",-0.605946759572463,0.83051842769989
"ADAD1;BRCA2",-0.508984186749185,0.83051842769989
"BRCA2;CYLC2",-0.569736025718596,0.83051842769989
"BRCA2;KLK12",-0.603739090104892,0.83051842769989
"ADAD1;RALA",-0.394093988862947,0.83051842769989
"CYLC2;RALA",-0.541731683353306,0.83051842769989
"KLK12;RALA",-0.608631170774219,0.83051842769989
"ADAD1;G2E3",-0.497514362518284,0.83051842769989
"CYLC2;G2E3",-0.597673501882087,0.83051842769989
"G2E3;KLK12",-0.650535363200353,0.83051842769989
"ADAD1;MAP3K5",-0.486718795765667,0.83051842769989
"CYLC2;MAP3K5",-0.579940634488277,0.83051842769989
"KLK12;MAP3K5",-0.637678276019836,0.83051842769989
"ADAD1;TPX2",-0.532637906269809,0.83051842769989
"CYLC2;TPX2",-0.671972393895678,0.83173992559053
"KLK12;TPX2",-0.573767444630755,0.83051842769989
"ADAD1;PERP",-0.45436800825135,0.83051842769989
"CYLC2;PERP",-0.599404165568011,0.83051842769989
"KLK12;PERP",-0.548035734944717,0.83051842769989
"ADAD1;JUN",-0.460865149197877,0.83051842769989
"CYLC2;JUN",-0.566244798079725,0.83051842769989
"JUN;KLK12",-0.590625153261727,0.83051842769989
"ADAD1;USP9X",-0.484510136649168,0.83051842769989
"CYLC2;USP9X",-0.571483013785862,0.83051842769989
"KLK12;USP9X",-0.628276519599297,0.83051842769989
"ADAD1;TSC2",-0.45143606630885,0.83051842769989
"CYLC2;TSC2",-0.48903603165489,0.83051842769989
"KLK12;TSC2",-0.557120518205282,0.83051842769989
"ADAD1;ROCK2",-0.406070786842355,0.83051842769989
"CYLC2;ROCK2",-0.505337256363602,0.83051842769989
"KLK12;ROCK2",-0.57340405225303,0.83051842769989
"ADAD1;MAP2K7",-0.502268033916996,0.83051842769989
"CYLC2;MAP2K7",-0.597692266393552,0.83051842769989
"KLK12;MAP2K7",-0.632988639539392,0.83051842769989
"ADAD1;KIF4A",-0.436924470965705,0.83051842769989
"CYLC2;KIF4A",-0.595827942119161,0.83051842769989
"KIF4A;KLK12",-0.623234765467927,0.83051842769989
"ADAD1;NF2",-0.462850675723708,0.83051842769989
"CYLC2;NF2",-0.583529439628066,0.83051842769989
"KLK12;NF2",-0.483815715566226,0.83051842769989
"ADAD1;NRP1",-0.507176031088411,0.83051842769989
"CYLC2;NRP1",-0.583055204185299,0.83051842769989
"KLK12;NRP1",-0.595612778011323,0.83051842769989
"ADAD1;MELK",-0.471674597859482,0.83051842769989
"CYLC2;MELK",-0.563180043754549,0.83051842769989
"KLK12;MELK",-0.579656101977064,0.83051842769989
"ADAD1;SMC3",-0.749074903945139,0.850699071344219
"CYLC2;SMC3",-0.876637674948816,0.86785127379467
"KLK12;SMC3",-0.929870873996245,0.883895272446356
"ADAD1;FZR1",-0.496371039070763,0.83051842769989
"CYLC2;FZR1",-0.609922774921832,0.83051842769989
"FZR1;KLK12",-0.58275351621783,0.83051842769989
"ADAD1;NIT2",-0.452870881714401,0.83051842769989
"CYLC2;NIT2",-0.548678863534602,0.83051842769989
"KLK12;NIT2",-0.57752212715973,0.83051842769989
"ADAD1;BARD1",-0.497568173480996,0.83051842769989
"BARD1;CYLC2",-0.60321997205833,0.83051842769989
"BARD1;KLK12",-0.599559478140437,0.83051842769989
"ADAD1;TUBB",-0.341762556542612,0.83051842769989
"CYLC2;TUBB",-0.620999564883026,0.83051842769989
"KLK12;TUBB",-0.524238497264635,0.83051842769989
"ADAD1;XIAP",-0.46500965980072,0.83051842769989
"CYLC2;XIAP",-0.574459666372176,0.83051842769989
"KLK12;XIAP",-0.604128287130307,0.83051842769989
"ADAD1;CDC42",-0.499904091510613,0.83051842769989
"CDC42;CYLC2",-0.602421281650218,0.83051842769989
"CDC42;KLK12",-0.596446490423207,0.83051842769989
"ADAD1;MFN2",-0.669660188862517,0.831067997785703
"CYLC2;MFN2",-0.747333861219209,0.850506615113902
"KLK12;MFN2",-0.726454281339253,0.84561549852509
"ADAD1;MAPKAPK2",-0.499488086666793,0.83051842769989
"CYLC2;MAPKAPK2",-0.590130890601327,0.83051842769989
"KLK12;MAPKAPK2",-0.50496910469748,0.83051842769989
"ADAD1;MAP3K1",-0.409959332380092,0.83051842769989
"CYLC2;MAP3K1",-0.576007329818874,0.83051842769989
"KLK12;MAP3K1",-0.590217798222333,0.83051842769989
"ADAD1;CUL1",-0.258449156139767,0.83051842769989
"CUL1;CYLC2",-0.584843587248186,0.83051842769989
"CUL1;KLK12",-0.627649833571668,0.83051842769989
"ADAD1;NIPBL",-0.44684388459658,0.83051842769989
"CYLC2;NIPBL",-0.54410751245695,0.83051842769989
"KLK12;NIPBL",-0.575884246983079,0.83051842769989
"ADAD1;KAT5",-1.10061789291764,0.923452397685076
"CYLC2;KAT5",-1.16060231464265,0.940886825175029
"KAT5;KLK12",-1.05144693652948,0.915034883571603
"ADAD1;SMG1",-0.616578254381882,0.83051842769989
"CYLC2;SMG1",-0.72809717962339,0.845738990547818
"KLK12;SMG1",-0.707221457857367,0.841425383246677
"ADAD1;ECT2",-0.399130782460214,0.83051842769989
"CYLC2;ECT2",-0.559813613683793,0.83051842769989
"ECT2;KLK12",-0.621579523079194,0.83051842769989
"ADAD1;PIM3",-0.45348275778051,0.83051842769989
"CYLC2;PIM3",-0.596732669464395,0.83051842769989
"KLK12;PIM3",-0.636002364227001,0.83051842769989
"ADAD1;FER",-0.497270025124341,0.83051842769989
"CYLC2;FER",-0.625342130257759,0.83051842769989
"FER;KLK12",-0.599487666932975,0.83051842769989
"ADAD1;RRAD",-0.502053754420382,0.83051842769989
"CYLC2;RRAD",-0.561169270537343,0.83051842769989
"KLK12;RRAD",-0.5593390326187,0.83051842769989
"ADAD1;RACK1",-1.07907691592945,0.921431989741481
"CYLC2;RACK1",-1.01915996026246,0.90935463268898
"KLK12;RACK1",-0.924291851904243,0.88252779001628
"ADAD1;BRD3",-0.413926669562157,0.83051842769989
"BRD3;CYLC2",-0.623703494030076,0.83051842769989
"BRD3;KLK12",-0.612321472849231,0.83051842769989
"ADAD1;TAF1",-0.638674509661698,0.83051842769989
"CYLC2;TAF1",-0.60628736758403,0.83051842769989
"KLK12;TAF1",-0.526917101838559,0.83051842769989
"ADAD1;NUP62",-0.353683838927048,0.83051842769989
"CYLC2;NUP62",-0.581841316240062,0.83051842769989
"KLK12;NUP62",-0.581278019587452,0.83051842769989
"ADAD1;NUAK2",-0.423773317024451,0.83051842769989
"CYLC2;NUAK2",-0.623954938412968,0.83051842769989
"KLK12;NUAK2",-0.641605584273628,0.83051842769989
"ADAD1;PRKCI",-0.488575872112647,0.83051842769989
"CYLC2;PRKCI",-0.555173885231645,0.83051842769989
"KLK12;PRKCI",-0.610577548849212,0.83051842769989
"ADAD1;DCTN2",-0.443068184306018,0.83051842769989
"CYLC2;DCTN2",-0.61876622279996,0.83051842769989
"DCTN2;KLK12",-0.591405620790985,0.83051842769989
"ADAD1;MARCHF5",-0.499408826077065,0.83051842769989
"CYLC2;MARCHF5",-0.589174524520839,0.83051842769989
"KLK12;MARCHF5",-0.605553732732864,0.83051842769989
"ADAD1;PPM1D",-0.403364704383584,0.83051842769989
"CYLC2;PPM1D",-0.58327311788201,0.83051842769989
"KLK12;PPM1D",-0.637744274635918,0.83051842769989
"ADAD1;TERF1",-0.320374178828728,0.83051842769989
"CYLC2;TERF1",-0.544605505219951,0.83051842769989
"KLK12;TERF1",-0.650083654896008,0.83051842769989
"ADAD1;HMGB1",-0.437602729574962,0.83051842769989
"CYLC2;HMGB1",-0.58974575670783,0.83051842769989
"HMGB1;KLK12",-0.617275512024176,0.83051842769989
"ADAD1;SGK1",-0.516647779885904,0.83051842769989
"CYLC2;SGK1",-0.606794659997811,0.83051842769989
"KLK12;SGK1",-0.644608031551623,0.83051842769989
"ADAD1;PIK3CB",-0.401959771415857,0.83051842769989
"CYLC2;PIK3CB",-0.440585399795832,0.83051842769989
"KLK12;PIK3CB",-0.612763732676604,0.83051842769989
"ADAD1;BRDT",-0.49681865135206,0.83051842769989
"BRDT;CYLC2",-0.578485408468544,0.83051842769989
"BRDT;KLK12",-0.649672083638125,0.83051842769989
"ADAD1;TACC3",-0.485393248952773,0.83051842769989
"CYLC2;TACC3",-0.489064553068274,0.83051842769989
"KLK12;TACC3",-0.609155508946096,0.83051842769989
"ADAD1;PIK3R1",-0.455870801451336,0.83051842769989
"CYLC2;PIK3R1",-0.470080640777711,0.83051842769989
"KLK12;PIK3R1",-0.648170992841455,0.83051842769989
"ADAD1;NME2",-0.514743926257471,0.83051842769989
"CYLC2;NME2",-0.538776044359713,0.83051842769989
"KLK12;NME2",-0.641146419995221,0.83051842769989
"ADAD1;HDAC1",-0.481066532507403,0.83051842769989
"CYLC2;HDAC1",-0.614726416101188,0.83051842769989
"HDAC1;KLK12",-0.590332320380159,0.83051842769989
"ADAD1;JAG2",-0.470858658092246,0.83051842769989
"CYLC2;JAG2",-0.546357911425661,0.83051842769989
"JAG2;KLK12",-0.533891295624385,0.83051842769989
"ADAD1;IKBKB",-0.492751855493768,0.83051842769989
"CYLC2;IKBKB",-0.588936829756214,0.83051842769989
"IKBKB;KLK12",-0.622813362440376,0.83051842769989
"ADAD1;LCK",-0.503051823377903,0.83051842769989
"CYLC2;LCK",-0.564192879226961,0.83051842769989
"KLK12;LCK",-0.621859854024647,0.83051842769989
"ADAD1;PRKRA",-0.425422413921744,0.83051842769989
"CYLC2;PRKRA",-0.624644358687537,0.83051842769989
"KLK12;PRKRA",-0.59050239827638,0.83051842769989
"ADAD1;USP11",-0.448840073937809,0.83051842769989
"CYLC2;USP11",-0.584600955854212,0.83051842769989
"KLK12;USP11",-0.550279721867359,0.83051842769989
"ADAD1;REM2",-0.437715504177282,0.83051842769989
"CYLC2;REM2",-0.603762735161181,0.83051842769989
"KLK12;REM2",-0.636916175185176,0.83051842769989
"ADAD1;SYVN1",-0.477988762919549,0.83051842769989
"CYLC2;SYVN1",-0.614238703388509,0.83051842769989
"KLK12;SYVN1",-0.621166288774465,0.83051842769989
"ADAD1;DSN1",-0.393350680342613,0.83051842769989
"CYLC2;DSN1",-0.596687131120877,0.83051842769989
"DSN1;KLK12",-0.626465675927854,0.83051842769989
"ADAD1;DAPK3",-0.466677498485005,0.83051842769989
"CYLC2;DAPK3",-0.620989359677547,0.83051842769989
"DAPK3;KLK12",-0.601553343003085,0.83051842769989
"ADAD1;MAPK6",-0.439849646473267,0.83051842769989
"CYLC2;MAPK6",-0.548740506123657,0.83051842769989
"KLK12;MAPK6",-0.652702953452152,0.83051842769989
"ADAD1;TYK2",-0.445820544058705,0.83051842769989
"CYLC2;TYK2",-0.540966176775983,0.83051842769989
"KLK12;TYK2",-0.601767697321318,0.83051842769989
"ADAD1;PIK3CD",-0.487603904525645,0.83051842769989
"CYLC2;PIK3CD",-0.593537071160142,0.83051842769989
"KLK12;PIK3CD",-0.566735403303412,0.83051842769989
"ADAD1;PLK2",-0.442556592484227,0.83051842769989
"CYLC2;PLK2",-0.579569590758087,0.83051842769989
"KLK12;PLK2",-0.635617018964345,0.83051842769989
"ADAD1;BCCIP",-0.457694378975888,0.83051842769989
"BCCIP;CYLC2",-0.500335514078538,0.83051842769989
"BCCIP;KLK12",-0.580243128564884,0.83051842769989
"ADAD1;MYCN",-0.469944578646037,0.83051842769989
"CYLC2;MYCN",-0.532688171245463,0.83051842769989
"KLK12;MYCN",-0.653009027837706,0.83051842769989
"ADAD1;PELP1",-0.503717344724564,0.83051842769989
"CYLC2;PELP1",-0.459583829493632,0.83051842769989
"KLK12;PELP1",-0.541641370909776,0.83051842769989
"ADAD1;PIN1",-0.432350500091831,0.83051842769989
"CYLC2;PIN1",-0.567456754631815,0.83051842769989
"KLK12;PIN1",-0.629111210870151,0.83051842769989
"ADAD1;E2F1",-0.479775295646994,0.83051842769989
"CYLC2;E2F1",-0.628726314722305,0.83051842769989
"E2F1;KLK12",-0.650793307714524,0.83051842769989
"ADAD1;MAP2K5",-0.516354412617458,0.83051842769989
"CYLC2;MAP2K5",-0.625692693085115,0.83051842769989
"KLK12;MAP2K5",-0.631070239344564,0.83051842769989
"ADAD1;DYRK1A",-0.479829539625582,0.83051842769989
"CYLC2;DYRK1A",-0.613086590880492,0.83051842769989
"DYRK1A;KLK12",-0.566871504365873,0.83051842769989
"ADAD1;SGK2",-0.497713956724463,0.83051842769989
"CYLC2;SGK2",-0.574978516292584,0.83051842769989
"KLK12;SGK2",-0.508854467430005,0.83051842769989
"ADAD1;TAOK2",-0.431307580759189,0.83051842769989
"CYLC2;TAOK2",-0.565067065219469,0.83051842769989
"KLK12;TAOK2",-0.64547335598606,0.83051842769989
"ADAD1;PRCC",-0.428388235864837,0.83051842769989
"CYLC2;PRCC",-0.582269617328216,0.83051842769989
"KLK12;PRCC",-0.526720684501411,0.83051842769989
"ADAD1;METAP2",-0.514006267019868,0.83051842769989
"CYLC2;METAP2",-0.551899700073532,0.83051842769989
"KLK12;METAP2",-0.625158893891798,0.83051842769989
"ADAD1;UBA3",-0.354473107647271,0.83051842769989
"CYLC2;UBA3",-0.622543389645866,0.83051842769989
"KLK12;UBA3",-0.50253832417711,0.83051842769989
"ADAD1;HIPK2",-0.507554589517196,0.83051842769989
"CYLC2;HIPK2",-0.535332556996443,0.83051842769989
"HIPK2;KLK12",-0.617893846901746,0.83051842769989
"ADAD1;YES1",-0.447414594515993,0.83051842769989
"CYLC2;YES1",-0.549386136573995,0.83051842769989
"KLK12;YES1",-0.600307387149282,0.83051842769989
"ADAD1;FNTB",-0.487504282624756,0.83051842769989
"CYLC2;FNTB",-0.520191999310377,0.83051842769989
"FNTB;KLK12",-0.60046340744943,0.83051842769989
"ADAD1;KIF14",-0.373897720437598,0.83051842769989
"CYLC2;KIF14",-0.615034307173031,0.83051842769989
"KIF14;KLK12",-0.608915356373208,0.83051842769989
"ADAD1;TEC",-0.440548418970816,0.83051842769989
"CYLC2;TEC",-0.585340340687202,0.83051842769989
"KLK12;TEC",-0.612878465713209,0.83051842769989
"ADAD1;MAP3K7",-0.432218351371612,0.83051842769989
"CYLC2;MAP3K7",-0.615534795244938,0.83051842769989
"KLK12;MAP3K7",-0.636839420810073,0.83051842769989
"ADAD1;JUP",-0.507954918110046,0.83051842769989
"CYLC2;JUP",-0.601467239476872,0.83051842769989
"JUP;KLK12",-0.616298991904184,0.83051842769989
"ADAD1;NEK4",-0.481319136328055,0.83051842769989
"CYLC2;NEK4",-0.531264754114585,0.83051842769989
"KLK12;NEK4",-0.622308018434193,0.83051842769989
"ADAD1;MARK1",-0.407449118711655,0.83051842769989
"CYLC2;MARK1",-0.622262159614447,0.83051842769989
"KLK12;MARK1",-0.640599725894327,0.83051842769989
"ADAD1;PAK1",-0.461012809773943,0.83051842769989
"CYLC2;PAK1",-0.619947624871199,0.83051842769989
"KLK12;PAK1",-0.647461573437444,0.83051842769989
"ADAD1;CDKL5",-0.458721462173921,0.83051842769989
"CDKL5;CYLC2",-0.615575586109661,0.83051842769989
"CDKL5;KLK12",-0.623984621956286,0.83051842769989
"ADAD1;BRD2",-0.445193811821726,0.83051842769989
"BRD2;CYLC2",-0.628879051686513,0.83051842769989
"BRD2;KLK12",-0.587806426602513,0.83051842769989
"ADAD1;RIPK3",-0.452911533917049,0.83051842769989
"CYLC2;RIPK3",-0.577682144809429,0.83051842769989
"KLK12;RIPK3",-0.649111218938503,0.83051842769989
"ADAD1;RPS6KB2",-0.492469304007311,0.83051842769989
"CYLC2;RPS6KB2",-0.527125757038557,0.83051842769989
"KLK12;RPS6KB2",-0.528709247848933,0.83051842769989
"ADAD1;STK3",-0.51504701386363,0.83051842769989
"CYLC2;STK3",-0.58421560975052,0.83051842769989
"KLK12;STK3",-0.63214746940935,0.83051842769989
"ADAD1;TPR",-0.510881212820535,0.83051842769989
"CYLC2;TPR",-0.592975288559269,0.83051842769989
"KLK12;TPR",-0.626683046620887,0.83051842769989
"ADAD1;CD44",-0.514741241367348,0.83051842769989
"CD44;CYLC2",-0.571208598158234,0.83051842769989
"CD44;KLK12",-0.627702613174433,0.83051842769989
"ADAD1;PDS5B",-0.468899577916765,0.83051842769989
"CYLC2;PDS5B",-0.574813373515875,0.83051842769989
"KLK12;PDS5B",-0.603135135208671,0.83051842769989
"ADAD1;PCNT",-0.485784029237983,0.83051842769989
"CYLC2;PCNT",-0.568079537472615,0.83051842769989
"KLK12;PCNT",-0.641261283801518,0.83051842769989
"ADAD1;ROCK1",-0.489421274118217,0.83051842769989
"CYLC2;ROCK1",-0.617877616052263,0.83051842769989
"KLK12;ROCK1",-0.594090407415493,0.83051842769989
"ADAD1;STYK1",-0.466000689719666,0.83051842769989
"CYLC2;STYK1",-0.549011962242771,0.83051842769989
"KLK12;STYK1",-0.624296786285639,0.83051842769989
"ADAD1;CHEK2",-0.472607176987326,0.83051842769989
"CHEK2;CYLC2",-0.615975043096657,0.83051842769989
"CHEK2;KLK12",-0.602849240286511,0.83051842769989
"ADAD1;ARID3C",-0.453506766948494,0.83051842769989
"ARID3C;CYLC2",-0.548258492915062,0.83051842769989
"ARID3C;KLK12",-0.572849636023472,0.83051842769989
"ADAD1;NLK",-0.437459520699036,0.83051842769989
"CYLC2;NLK",-0.621265791061806,0.83051842769989
"KLK12;NLK",-0.603428565739007,0.83051842769989
"ADAD1;AK6",-0.431587523106822,0.83051842769989
"AK6;CYLC2",-0.630551603575924,0.83051842769989
"AK6;KLK12",-0.638737920742565,0.83051842769989
"ADAD1;SUMO1",-0.479923097583356,0.83051842769989
"CYLC2;SUMO1",-0.556747928723741,0.83051842769989
"KLK12;SUMO1",-0.613369721702894,0.83051842769989
"ADAD1;HDAC3",-0.327693803407345,0.83051842769989
"CYLC2;HDAC3",-0.410681407005662,0.83051842769989
"HDAC3;KLK12",-0.493953548004598,0.83051842769989
"ADAD1;SIK2",-0.507951130773576,0.83051842769989
"CYLC2;SIK2",-0.571883445743088,0.83051842769989
"KLK12;SIK2",-0.554811582153267,0.83051842769989
"ADAD1;MTOR",-0.419075125904879,0.83051842769989
"CYLC2;MTOR",-0.559037380040726,0.83051842769989
"KLK12;MTOR",-0.566709089924554,0.83051842769989
"ADAD1;TYMS",-0.420545294328023,0.83051842769989
"CYLC2;TYMS",-0.600689684901326,0.83051842769989
"KLK12;TYMS",-0.557818607132978,0.83051842769989
"ADAD1;PEA15",-0.447047065326189,0.83051842769989
"CYLC2;PEA15",-0.624009026147645,0.83051842769989
"KLK12;PEA15",-0.606259835697635,0.83051842769989
"ADAD1;MKNK1",-0.490071165638879,0.83051842769989
"CYLC2;MKNK1",-0.481356061050026,0.83051842769989
"KLK12;MKNK1",-0.630121860714072,0.83051842769989
"ADAD1;BLM",-0.476527133544271,0.83051842769989
"BLM;CYLC2",-0.57559843168402,0.83051842769989
"BLM;KLK12",-0.542992522385955,0.83051842769989
"ADAD1;UBR4",-0.653990778254847,0.83051842769989
"CYLC2;UBR4",-0.697050662274229,0.838519307905746
"KLK12;UBR4",-0.655519948023852,0.83051842769989
"ADAD1;MAPK14",-0.515673990806368,0.83051842769989
"CYLC2;MAPK14",-0.629846768461728,0.83051842769989
"KLK12;MAPK14",-0.616379244393057,0.83051842769989
"ADAD1;SP1",-0.473110673999307,0.83051842769989
"CYLC2;SP1",-0.59737809077039,0.83051842769989
"KLK12;SP1",-0.532971027032434,0.83051842769989
"ADAD1;SMAD1",-0.506533298191016,0.83051842769989
"CYLC2;SMAD1",-0.496747994679203,0.83051842769989
"KLK12;SMAD1",-0.594374059259921,0.83051842769989
"ADAD1;UBE2C",-0.47113727075239,0.83051842769989
"CYLC2;UBE2C",-0.602159269090182,0.83051842769989
"KLK12;UBE2C",-0.583130316181942,0.83051842769989
"ADAD1;FES",-0.488480944796871,0.83051842769989
"CYLC2;FES",-0.617825433635418,0.83051842769989
"FES;KLK12",-0.61427004359424,0.83051842769989
"ADAD1;DHODH",-0.505762858407786,0.83051842769989
"CYLC2;DHODH",-0.582514068288217,0.83051842769989
"DHODH;KLK12",-0.608239286421886,0.83051842769989
"ADAD1;TFDP1",-0.465677858508693,0.83051842769989
"CYLC2;TFDP1",-0.566273307923794,0.83051842769989
"KLK12;TFDP1",-0.616537000336703,0.83051842769989
"ADAD1;PA2G4",-0.511914687701533,0.83051842769989
"CYLC2;PA2G4",-0.524786424557329,0.83051842769989
"KLK12;PA2G4",-0.6505620819135,0.83051842769989
"ADAD1;CDK1",-1.28548229940454,0.98444295059375
"CDK1;CYLC2",-1.24316430987356,0.972429552329724
"CDK1;KLK12",-1.205746360203,0.959721053944906
"ADAD1;AIFM1",-0.495504350051833,0.83051842769989
"AIFM1;CYLC2",-0.597609036636448,0.83051842769989
"AIFM1;KLK12",-0.616116433752518,0.83051842769989
"ADAD1;E2F3",-0.388800870258384,0.83051842769989
"CYLC2;E2F3",-0.471254545639053,0.83051842769989
"E2F3;KLK12",-0.605184563912982,0.83051842769989
"ADAD1;FLT1",-0.485957328340787,0.83051842769989
"CYLC2;FLT1",-0.629102957784901,0.83051842769989
"FLT1;KLK12",-0.635396714381617,0.83051842769989
"ADAD1;CHMP7",-0.336050708882647,0.83051842769989
"CHMP7;CYLC2",-0.608856954325729,0.83051842769989
"CHMP7;KLK12",-0.485390904280729,0.83051842769989
"ADAD1;MAPK9",-0.497579269266658,0.83051842769989
"CYLC2;MAPK9",-0.622205983095014,0.83051842769989
"KLK12;MAPK9",-0.639627783450974,0.83051842769989
"ADAD1;CCNG1",-0.450309934913823,0.83051842769989
"CCNG1;CYLC2",-0.538159634790796,0.83051842769989
"CCNG1;KLK12",-0.54673604219466,0.83051842769989
"ADAD1;SRPK1",-0.438460183248254,0.83051842769989
"CYLC2;SRPK1",-0.629519507065822,0.83051842769989
"KLK12;SRPK1",-0.628800544188659,0.83051842769989
"ADAD1;CEP55",-0.461373599549128,0.83051842769989
"CEP55;CYLC2",-0.511899776198728,0.83051842769989
"CEP55;KLK12",-0.499305255006451,0.83051842769989
"ADAD1;WNK1",-0.440399193251453,0.83051842769989
"CYLC2;WNK1",-0.579618997860086,0.83051842769989
"KLK12;WNK1",-0.626356123436044,0.83051842769989
"ABCB1;ADAD1",-0.455840944558457,0.83051842769989
"ABCB1;CYLC2",-0.56786918783443,0.83051842769989
"ABCB1;KLK12",-0.636349462805725,0.83051842769989
"ADAD1;EAPP",-0.502046561886393,0.83051842769989
"CYLC2;EAPP",-0.607043756619261,0.83051842769989
"EAPP;KLK12",-0.594149222697557,0.83051842769989
"ADAD1;LIMK1",-0.475366631383747,0.83051842769989
"CYLC2;LIMK1",-0.601429433629903,0.83051842769989
"KLK12;LIMK1",-0.629296386403357,0.83051842769989
"ADAD1;JTB",-0.224791980766311,0.83051842769989
"CYLC2;JTB",-0.451824309749145,0.83051842769989
"JTB;KLK12",-0.617676164631112,0.83051842769989
"ADAD1;PIK3R3",-0.469091232915434,0.83051842769989
"CYLC2;PIK3R3",-0.498211625186605,0.83051842769989
"KLK12;PIK3R3",-0.61540553888148,0.83051842769989
"ADAD1;NR3C2",-0.466230658657423,0.83051842769989
"CYLC2;NR3C2",-0.594529378275887,0.83051842769989
"KLK12;NR3C2",-0.612540309054505,0.83051842769989
"ADAD1;IRAK2",-0.48542327988917,0.83051842769989
"CYLC2;IRAK2",-0.586358040356775,0.83051842769989
"IRAK2;KLK12",-0.606829644132758,0.83051842769989
"ADAD1;SKIL",-0.469946668035396,0.83051842769989
"CYLC2;SKIL",-0.61601351698048,0.83051842769989
"KLK12;SKIL",-0.613717879297237,0.83051842769989
"ADAD1;SKP2",-0.436307165781493,0.83051842769989
"CYLC2;SKP2",-0.528336925987563,0.83051842769989
"KLK12;SKP2",-0.60867449605869,0.83051842769989
"ADAD1;MINK1",-0.51516573889845,0.83051842769989
"CYLC2;MINK1",-0.560236742079061,0.83051842769989
"KLK12;MINK1",-0.648730128291431,0.83051842769989
"ABL1;ADAD1",-0.378860763208243,0.83051842769989
"ABL1;CYLC2",-0.611500925829041,0.83051842769989
"ABL1;KLK12",-0.641486154180899,0.83051842769989
"ADAD1;CDK19",-0.435048300528478,0.83051842769989
"CDK19;CYLC2",-0.562670626127713,0.83051842769989
"CDK19;KLK12",-0.638544738684143,0.83051842769989
"ADAD1;GRK5",-0.44128193438314,0.83051842769989
"CYLC2;GRK5",-0.615533263109398,0.83051842769989
"GRK5;KLK12",-0.537862977341274,0.83051842769989
"ADAD1;MAP3K10",-0.479220954517847,0.83051842769989
"CYLC2;MAP3K10",-0.620861163911505,0.83051842769989
"KLK12;MAP3K10",-0.63342178265182,0.83051842769989
"ADAD1;CCAR1",-0.49896615912026,0.83051842769989
"CCAR1;CYLC2",-0.6212213668574,0.83051842769989
"CCAR1;KLK12",-0.626218762360734,0.83051842769989
"ADAD1;DLG5",-0.407512201027408,0.83051842769989
"CYLC2;DLG5",-0.613241284491467,0.83051842769989
"DLG5;KLK12",-0.625537459857546,0.83051842769989
"ADAD1;PDK3",-0.464827381479989,0.83051842769989
"CYLC2;PDK3",-0.580586208636446,0.83051842769989
"KLK12;PDK3",-0.619231643145422,0.83051842769989
"ADAD1;BRD7",-0.513049536590256,0.83051842769989
"BRD7;CYLC2",-0.592343101856018,0.83051842769989
"BRD7;KLK12",-0.650401007539637,0.83051842769989
"ADAD1;BUB1",-0.425708907605408,0.83051842769989
"BUB1;CYLC2",-0.554602095208237,0.83051842769989
"BUB1;KLK12",-0.613467813064609,0.83051842769989
"ADAD1;PRKAG1",-0.497831955450018,0.83051842769989
"CYLC2;PRKAG1",-0.61798795344925,0.83051842769989
"KLK12;PRKAG1",-0.622090144274766,0.83051842769989
"ADAD1;ESCO2",-0.506123322592347,0.83051842769989
"CYLC2;ESCO2",-0.589590349539197,0.83051842769989
"ESCO2;KLK12",-0.622009669412784,0.83051842769989
"ADAD1;CHKA",-0.652022493788254,0.83051842769989
"CHKA;CYLC2",-0.701907644577106,0.840111409048772
"CHKA;KLK12",-0.573673932619489,0.83051842769989
"ADAD1;PPARG",-0.492983921663229,0.83051842769989
"CYLC2;PPARG",-0.500994422352651,0.83051842769989
"KLK12;PPARG",-0.556644531479661,0.83051842769989
"ADAD1;FEN1",-0.478856181587387,0.83051842769989
"CYLC2;FEN1",-0.617493287646861,0.83051842769989
"FEN1;KLK12",-0.608120524775483,0.83051842769989
"ADAD1;LYN",-0.467954173851417,0.83051842769989
"CYLC2;LYN",-0.570707257428854,0.83051842769989
"KLK12;LYN",-0.638511820820124,0.83051842769989
"ADAD1;MAPK7",-0.370297867620077,0.83051842769989
"CYLC2;MAPK7",-0.51380619340756,0.83051842769989
"KLK12;MAPK7",-0.638381290802084,0.83051842769989
"ADAD1;HRK",-0.405428286131114,0.83051842769989
"CYLC2;HRK",-0.625462109221404,0.83051842769989
"HRK;KLK12",-0.588387230321734,0.83051842769989
"ADAD1;PRKACA",-0.507672379873759,0.83051842769989
"CYLC2;PRKACA",-0.548678117595229,0.83051842769989
"KLK12;PRKACA",-0.564767831077868,0.83051842769989
"ADAD1;PKN2",-0.51072594426245,0.83051842769989
"CYLC2;PKN2",-0.60248254104602,0.83051842769989
"KLK12;PKN2",-0.64055149575207,0.83051842769989
"ADAD1;MAP2K6",-0.441357543058867,0.83051842769989
"CYLC2;MAP2K6",-0.57635722971758,0.83051842769989
"KLK12;MAP2K6",-0.641146533726981,0.83051842769989
"ADAD1;CBX3",-0.502075913292223,0.83051842769989
"CBX3;CYLC2",-0.621130330299694,0.83051842769989
"CBX3;KLK12",-0.621499162972511,0.83051842769989
"ADAD1;CDK13",-0.512141569955948,0.83051842769989
"CDK13;CYLC2",-0.623447528933785,0.83051842769989
"CDK13;KLK12",-0.622233202407487,0.83051842769989
"ADAD1;PELO",-0.513320225184823,0.83051842769989
"CYLC2;PELO",-0.550415545848052,0.83051842769989
"KLK12;PELO",-0.611277104026278,0.83051842769989
"ADAD1;MAPKAPK5",-0.503079506061445,0.83051842769989
"CYLC2;MAPKAPK5",-0.580371857239439,0.83051842769989
"KLK12;MAPKAPK5",-0.57604275828787,0.83051842769989
"ADAD1;NAE1",-0.463302580107852,0.83051842769989
"CYLC2;NAE1",-0.60285345387398,0.83051842769989
"KLK12;NAE1",-0.634159280518589,0.83051842769989
"ADAD1;MIB1",-0.475929503093654,0.83051842769989
"CYLC2;MIB1",-0.552256141703427,0.83051842769989
"KLK12;MIB1",-0.610996851600447,0.83051842769989
"ADAD1;CNPY2",-0.50314956437163,0.83051842769989
"CNPY2;CYLC2",-0.510155459425004,0.83051842769989
"CNPY2;KLK12",-0.424930817583955,0.83051842769989
"ADAD1;MEN1",-0.466321843159397,0.83051842769989
"CYLC2;MEN1",-0.521240203396298,0.83051842769989
"KLK12;MEN1",-0.5612185940186,0.83051842769989
"ADAD1;MAPK3",-0.382493664034516,0.83051842769989
"CYLC2;MAPK3",-0.528018943389406,0.83051842769989
"KLK12;MAPK3",-0.527424492976292,0.83051842769989
"ADAD1;NOTCH1",-0.469845401880868,0.83051842769989
"CYLC2;NOTCH1",-0.595731415094352,0.83051842769989
"KLK12;NOTCH1",-0.571990275312336,0.83051842769989
"ADAD1;ERBB3",-0.356311442134256,0.83051842769989
"CYLC2;ERBB3",-0.504929803152335,0.83051842769989
"ERBB3;KLK12",-0.640178998469367,0.83051842769989
"ADAD1;NAMPT",-0.496806990140804,0.83051842769989
"CYLC2;NAMPT",-0.55576374169118,0.83051842769989
"KLK12;NAMPT",-0.633250179027747,0.83051842769989
"ADAD1;CDK20",-0.452703032437279,0.83051842769989
"CDK20;CYLC2",-0.586555300722924,0.83051842769989
"CDK20;KLK12",-0.562507133768445,0.83051842769989
"ADAD1;BIRC6",-0.496593709825997,0.83051842769989
"BIRC6;CYLC2",-0.580073489935087,0.83051842769989
"BIRC6;KLK12",-0.639592665072977,0.83051842769989
"ADAD1;UCK2",-0.490192315876952,0.83051842769989
"CYLC2;UCK2",-0.587420775983147,0.83051842769989
"KLK12;UCK2",-0.624072935957153,0.83051842769989
"ADAD1;PRKACB",-0.509057692336306,0.83051842769989
"CYLC2;PRKACB",-0.494284461022358,0.83051842769989
"KLK12;PRKACB",-0.567325143106381,0.83051842769989
"ADAD1;ILK",-0.485433334269351,0.83051842769989
"CYLC2;ILK",-0.554713419491604,0.83051842769989
"ILK;KLK12",-0.628937560804552,0.83051842769989
"ADAD1;MAP2K4",-0.478700650100319,0.83051842769989
"CYLC2;MAP2K4",-0.603689261040886,0.83051842769989
"KLK12;MAP2K4",-0.602662259904681,0.83051842769989
"ADAD1;NTRK1",-0.482697256370825,0.83051842769989
"CYLC2;NTRK1",-0.607985435862526,0.83051842769989
"KLK12;NTRK1",-0.601673096406843,0.83051842769989
"ADAD1;WASL",-0.446497144973816,0.83051842769989
"CYLC2;WASL",-0.526825674801279,0.83051842769989
"KLK12;WASL",-0.482690193764518,0.83051842769989
"ADAD1;OPA1",-0.352184201550027,0.83051842769989
"CYLC2;OPA1",-0.530040730930486,0.83051842769989
"KLK12;OPA1",-0.56904378449784,0.83051842769989
"ADAD1;CDCA5",-0.459114097500484,0.83051842769989
"CDCA5;CYLC2",-0.528239287936822,0.83051842769989
"CDCA5;KLK12",-0.612679772721277,0.83051842769989
"ADAD1;FKBP1A",-0.508885446859202,0.83051842769989
"CYLC2;FKBP1A",-0.508096861811335,0.83051842769989
"FKBP1A;KLK12",-0.524319412438995,0.83051842769989
"ADAD1;PKM",-0.491312548010629,0.83051842769989
"CYLC2;PKM",-0.595486904443161,0.83051842769989
"KLK12;PKM",-0.571116025381428,0.83051842769989
"ADAD1;MAP3K2",-0.479246754955818,0.83051842769989
"CYLC2;MAP3K2",-0.587460407937813,0.83051842769989
"KLK12;MAP3K2",-0.641997717917947,0.83051842769989
"ADAD1;RAD50",-0.449860909324193,0.83051842769989
"CYLC2;RAD50",-0.620648339159521,0.83051842769989
"KLK12;RAD50",-0.555760116554478,0.83051842769989
"ADAD1;NUMA1",-0.485199321318518,0.83051842769989
"CYLC2;NUMA1",-0.583487528557509,0.83051842769989
"KLK12;NUMA1",-0.558201456119436,0.83051842769989
"ADAD1;CDK10",-0.497013477014738,0.83051842769989
"CDK10;CYLC2",-0.516235213097647,0.83051842769989
"CDK10;KLK12",-0.597047536896061,0.83051842769989
"ADAD1;TYRO3",-0.467763628301139,0.83051842769989
"CYLC2;TYRO3",-0.596493457501779,0.83051842769989
"KLK12;TYRO3",-0.616101697197022,0.83051842769989
"ADAD1;PDK4",-0.461566418595346,0.83051842769989
"CYLC2;PDK4",-0.62417751953153,0.83051842769989
"KLK12;PDK4",-0.644156552284318,0.83051842769989
"ADAD1;UBE2N",-0.381082281044454,0.83051842769989
"CYLC2;UBE2N",-0.553399389347684,0.83051842769989
"KLK12;UBE2N",-0.653156960032484,0.83051842769989
"ADAD1;NUP43",-0.378210330590168,0.83051842769989
"CYLC2;NUP43",-0.501882719696451,0.83051842769989
"KLK12;NUP43",-0.594901467485627,0.83051842769989
"ADAD1;PRKCA",-0.489581174011854,0.83051842769989
"CYLC2;PRKCA",-0.626267639997671,0.83051842769989
"KLK12;PRKCA",-0.637580816641485,0.83051842769989
"ADAD1;CDCA3",-0.283745910961943,0.83051842769989
"CDCA3;CYLC2",-0.588564717349126,0.83051842769989
"CDCA3;KLK12",-0.430983967597582,0.83051842769989
"ADAD1;ADK",-0.502933183398541,0.83051842769989
"ADK;CYLC2",-0.627874613603175,0.83051842769989
"ADK;KLK12",-0.603336790325773,0.83051842769989
"ADAD1;MADD",-0.473145810229312,0.83051842769989
"CYLC2;MADD",-0.556129924432214,0.83051842769989
"KLK12;MADD",-0.651402604400701,0.83051842769989
"ADAD1;ATP1A1",-0.901338063342557,0.875827709100792
"ATP1A1;CYLC2",-0.799749423690445,0.857292527748453
"ATP1A1;KLK12",-0.949756637230431,0.889210782708027
"ADAD1;PTK2B",-0.516221523591968,0.83051842769989
"CYLC2;PTK2B",-0.549903519061419,0.83051842769989
"KLK12;PTK2B",-0.651892424921337,0.83051842769989
"ADAD1;PINX1",-0.463166989848019,0.83051842769989
"CYLC2;PINX1",-0.543394908256908,0.83051842769989
"KLK12;PINX1",-0.610012475183997,0.83051842769989
"ADAD1;KIF2A",-0.441457953252955,0.83051842769989
"CYLC2;KIF2A",-0.610946362398442,0.83051842769989
"KIF2A;KLK12",-0.584948880545018,0.83051842769989
"ADAD1;PRKDC",-0.478805983466063,0.83051842769989
"CYLC2;PRKDC",-0.576402162546027,0.83051842769989
"KLK12;PRKDC",-0.646840764859091,0.83051842769989
"ADAD1;CDK2",-0.294608825591933,0.83051842769989
"CDK2;CYLC2",-0.557717511156674,0.83051842769989
"CDK2;KLK12",-0.632183285541955,0.83051842769989
"ADAD1;MCMBP",-0.444326488595117,0.83051842769989
"CYLC2;MCMBP",-0.56872853918056,0.83051842769989
"KLK12;MCMBP",-0.528013639317411,0.83051842769989
"ADAD1;CCNE2",-0.468066113365101,0.83051842769989
"CCNE2;CYLC2",-0.572128924600865,0.83051842769989
"CCNE2;KLK12",-0.644975198305627,0.83051842769989
"ADAD1;ARID1B",-0.442143468271359,0.83051842769989
"ARID1B;CYLC2",-0.533815046542085,0.83051842769989
"ARID1B;KLK12",-0.63853867235473,0.83051842769989
"ADAD1;MYCL",-0.445773216539417,0.83051842769989
"CYLC2;MYCL",-0.58763938687577,0.83051842769989
"KLK12;MYCL",-0.628477452924469,0.83051842769989
"ADAD1;XRCC2",-0.450358392606965,0.83051842769989
"CYLC2;XRCC2",-0.612213580727505,0.83051842769989
"KLK12;XRCC2",-0.607295717759016,0.83051842769989
"ADAD1;IMPDH2",-0.361803009751661,0.83051842769989
"CYLC2;IMPDH2",-0.597499135474809,0.83051842769989
"IMPDH2;KLK12",-0.60833991701163,0.83051842769989
"ADAD1;EIF2AK1",-0.516297889759116,0.83051842769989
"CYLC2;EIF2AK1",-0.583390156953177,0.83051842769989
"EIF2AK1;KLK12",-0.620847682542158,0.83051842769989
"ADAD1;ITGB5",-0.439678073598853,0.83051842769989
"CYLC2;ITGB5",-0.597888600495571,0.83051842769989
"ITGB5;KLK12",-0.607971860022719,0.83051842769989
"ADAD1;SMAD2",-0.515149657966578,0.83051842769989
"CYLC2;SMAD2",-0.62929849334066,0.83051842769989
"KLK12;SMAD2",-0.614267094247088,0.83051842769989
"ADAD1;RALB",-0.426275532583947,0.83051842769989
"CYLC2;RALB",-0.595884726214822,0.83051842769989
"KLK12;RALB",-0.649663193901309,0.83051842769989
"ADAD1;CTC1",-0.438478047287258,0.83051842769989
"CTC1;CYLC2",-0.60622621737824,0.83051842769989
"CTC1;KLK12",-0.614954307787028,0.83051842769989
"ADAD1;ARAF",-0.442455343250613,0.83051842769989
"ARAF;CYLC2",-0.578758904770354,0.83051842769989
"ARAF;KLK12",-0.611135014305235,0.83051842769989
"ADAD1;FADD",-0.496985369357079,0.83051842769989
"CYLC2;FADD",-0.614145043990936,0.83051842769989
"FADD;KLK12",-0.577660684038224,0.83051842769989
"ADAD1;KAT7",-0.360463635984078,0.83051842769989
"CYLC2;KAT7",-0.604951656644668,0.83051842769989
"KAT7;KLK12",-0.575282557904847,0.83051842769989
"ADAD1;JAK2",-0.50314925080394,0.83051842769989
"CYLC2;JAK2",-0.552558174707399,0.83051842769989
"JAK2;KLK12",-0.63225217851959,0.83051842769989
"ADAD1;WWTR1",-0.456843093356462,0.83051842769989
"CYLC2;WWTR1",-0.591835638862418,0.83051842769989
"KLK12;WWTR1",-0.607659422958045,0.83051842769989
"ADAD1;ALPK2",-0.503317339163887,0.83051842769989
"ALPK2;CYLC2",-0.476738696159293,0.83051842769989
"ALPK2;KLK12",-0.623530909874579,0.83051842769989
"ADAD1;ICK",-0.466207074549558,0.83051842769989
"CYLC2;ICK",-0.542272448533311,0.83051842769989
"ICK;KLK12",-0.629734224278249,0.83051842769989
"ADAD1;NEK11",-0.505346990578452,0.83051842769989
"CYLC2;NEK11",-0.617367844682049,0.83051842769989
"KLK12;NEK11",-0.585804406294293,0.83051842769989
"ADAD1;PSMD4",-0.846605147344585,0.86167473793251
"CYLC2;PSMD4",-0.888854766550196,0.87196839083404
"KLK12;PSMD4",-0.730803831959699,0.846521727033261
"ADAD1;CDK3",-0.464907973501814,0.83051842769989
"CDK3;CYLC2",-0.598590643854665,0.83051842769989
"CDK3;KLK12",-0.546259730336286,0.83051842769989
"ADAD1;FLCN",-0.481475143067556,0.83051842769989
"CYLC2;FLCN",-0.572766793627302,0.83051842769989
"FLCN;KLK12",-0.550340135387728,0.83051842769989
"ADAD1;AKT3",-0.449249505340786,0.83051842769989
"AKT3;CYLC2",-0.624097188135268,0.83051842769989
"AKT3;KLK12",-0.616284411943467,0.83051842769989
"ADAD1;CCND1",-0.856766707793176,0.864028834679315
"CCND1;CYLC2",-0.838638614755329,0.860372130595238
"CCND1;KLK12",-0.782365941891351,0.855443174457673
"ADAD1;NF1",-0.439216067644056,0.83051842769989
"CYLC2;NF1",-0.535995009358785,0.83051842769989
"KLK12;NF1",-0.610752964682697,0.83051842769989
"ADAD1;PRKCG",-0.416463422773468,0.83051842769989
"CYLC2;PRKCG",-0.595295815669268,0.83051842769989
"KLK12;PRKCG",-0.638653651072237,0.83051842769989
"ADAD1;ASPM",-0.460750418292621,0.83051842769989
"ASPM;CYLC2",-0.584045704310084,0.83051842769989
"ASPM;KLK12",-0.574843904147262,0.83051842769989
"ADAD1;CDK12",-0.479029893985148,0.83051842769989
"CDK12;CYLC2",-0.581281373827728,0.83051842769989
"CDK12;KLK12",-0.643427923768422,0.83051842769989
"ADAD1;CDKL2",-0.504611322811977,0.83051842769989
"CDKL2;CYLC2",-0.627929160390219,0.83051842769989
"CDKL2;KLK12",-0.631500471320228,0.83051842769989
"ADAD1;IKBKG",-0.503579009848226,0.83051842769989
"CYLC2;IKBKG",-0.503362472744132,0.83051842769989
"IKBKG;KLK12",-0.64356244663258,0.83051842769989
"ADAD1;CKS2",-0.370825732533834,0.83051842769989
"CKS2;CYLC2",-0.555298804122047,0.83051842769989
"CKS2;KLK12",-0.598403764457146,0.83051842769989
"ADAD1;SMAD9",-0.474942414493856,0.83051842769989
"CYLC2;SMAD9",-0.611286216908829,0.83051842769989
"KLK12;SMAD9",-0.637411595881984,0.83051842769989
"ADAD1;PIM1",-0.358893026329293,0.83051842769989
"CYLC2;PIM1",-0.597250093683184,0.83051842769989
"KLK12;PIM1",-0.604707594486835,0.83051842769989
"ADAD1;GRK4",-0.450701213458394,0.83051842769989
"CYLC2;GRK4",-0.537595715548722,0.83051842769989
"GRK4;KLK12",-0.586476118498889,0.83051842769989
"ADAD1;HTRA2",-0.416642580321511,0.83051842769989
"CYLC2;HTRA2",-0.576533753986063,0.83051842769989
"HTRA2;KLK12",-0.62167832606609,0.83051842769989
"ADAD1;UVRAG",-0.475201808890761,0.83051842769989
"CYLC2;UVRAG",-0.527356364665604,0.83051842769989
"KLK12;UVRAG",-0.636986901570901,0.83051842769989
"ADAD1;BAP1",-0.514551782367264,0.83051842769989
"BAP1;CYLC2",-0.680639259434954,0.834301709255521
"BAP1;KLK12",-0.666463102758013,0.83051842769989
"ADAD1;GALK1",-0.516400312818996,0.83051842769989
"CYLC2;GALK1",-0.628395674310285,0.83051842769989
"GALK1;KLK12",-0.650656787212981,0.83051842769989
"ADAD1;ITGAV",-0.375113913486085,0.83051842769989
"CYLC2;ITGAV",-0.593783715997432,0.83051842769989
"ITGAV;KLK12",-0.649212950720405,0.83051842769989
"ADAD1;PLK3",-0.453261644398842,0.83051842769989
"CYLC2;PLK3",-0.619379881412782,0.83051842769989
"KLK12;PLK3",-0.638130225982399,0.83051842769989
"ADAD1;RNF8",-0.492965402182256,0.83051842769989
"CYLC2;RNF8",-0.624512559313502,0.83051842769989
"KLK12;RNF8",-0.62888641534809,0.83051842769989
"ADAD1;DCTN3",-0.449989675483642,0.83051842769989
"CYLC2;DCTN3",-0.479475915968367,0.83051842769989
"DCTN3;KLK12",-0.560313693607798,0.83051842769989
"ADAD1;SRPK2",-0.504761434816847,0.83051842769989
"CYLC2;SRPK2",-0.606834011367775,0.83051842769989
"KLK12;SRPK2",-0.55592180890579,0.83051842769989
"ADAD1;STIL",-0.362556270425609,0.83051842769989
"CYLC2;STIL",-0.601044841289315,0.83051842769989
"KLK12;STIL",-0.568556351430784,0.83051842769989
"ADAD1;NEK2",-0.507163715036411,0.83051842769989
"CYLC2;NEK2",-0.596501589762808,0.83051842769989
"KLK12;NEK2",-0.589518575929062,0.83051842769989
"ADAD1;PRKCZ",-0.471719878638253,0.83051842769989
"CYLC2;PRKCZ",-0.605287265157072,0.83051842769989
"KLK12;PRKCZ",-0.53089553733844,0.83051842769989
"ADAD1;BCL2L2",-0.510630163760873,0.83051842769989
"BCL2L2;CYLC2",-0.618034232928674,0.83051842769989
"BCL2L2;KLK12",-0.649637982289514,0.83051842769989
"ADAD1;TSC1",-0.37907742929588,0.83051842769989
"CYLC2;TSC1",-0.607989427699886,0.83051842769989
"KLK12;TSC1",-0.641355041395843,0.83051842769989
"ADAD1;FNTA",-0.487110607695362,0.83051842769989
"CYLC2;FNTA",-0.639003804232184,0.83051842769989
"FNTA;KLK12",-0.545630307755154,0.83051842769989
"ADAD1;AURKC",-0.477719470193542,0.83051842769989
"AURKC;CYLC2",-0.577381589096029,0.83051842769989
"AURKC;KLK12",-0.583173456576305,0.83051842769989
"ADAD1;CDK14",-0.493133316061582,0.83051842769989
"CDK14;CYLC2",-0.575637627857949,0.83051842769989
"CDK14;KLK12",-0.59604188240423,0.83051842769989
"ADAD1;CDK16",-0.500907935533431,0.83051842769989
"CDK16;CYLC2",-0.575401263393095,0.83051842769989
"CDK16;KLK12",-0.579765577575044,0.83051842769989
"ADAD1;TBCD",-0.480815952925607,0.83051842769989
"CYLC2;TBCD",-0.558282997304268,0.83051842769989
"KLK12;TBCD",-0.575259105238402,0.83051842769989
"ADAD1;SMAD3",-0.431836598491536,0.83051842769989
"CYLC2;SMAD3",-0.612138451889299,0.83051842769989
"KLK12;SMAD3",-0.559907660300765,0.83051842769989
"ADAD1;MAP2K3",-0.470224285481476,0.83051842769989
"CYLC2;MAP2K3",-0.59919918245932,0.83051842769989
"KLK12;MAP2K3",-0.592964458228586,0.83051842769989
"ADAD1;NOTCH2",-0.492942617604351,0.83051842769989
"CYLC2;NOTCH2",-0.627537158753216,0.83051842769989
"KLK12;NOTCH2",-0.62810691491528,0.83051842769989
"ADAD1;CDKL1",-0.482482020054358,0.83051842769989
"CDKL1;CYLC2",-0.570267840811709,0.83051842769989
"CDKL1;KLK12",-0.62478157530471,0.83051842769989
"ADAD1;NDUFA10",-0.509879415138022,0.83051842769989
"CYLC2;NDUFA10",-0.589613628370851,0.83051842769989
"KLK12;NDUFA10",-0.56003559168892,0.83051842769989
"ADAD1;BIRC2",-0.371138809572622,0.83051842769989
"BIRC2;CYLC2",-0.60105362066011,0.83051842769989
"BIRC2;KLK12",-0.566886531823443,0.83051842769989
"ADAD1;PIM2",-0.49642230391142,0.83051842769989
"CYLC2;PIM2",-0.616698780000014,0.83051842769989
"KLK12;PIM2",-0.634110019530564,0.83051842769989
"ADAD1;BNIP3",-0.442320442597763,0.83051842769989
"BNIP3;CYLC2",-0.564191054946964,0.83051842769989
"BNIP3;KLK12",-0.592446369742567,0.83051842769989
"ADAD1;RIPK4",-0.487917017475825,0.83051842769989
"CYLC2;RIPK4",-0.56239637519968,0.83051842769989
"KLK12;RIPK4",-0.648806859176688,0.83051842769989
"ADAD1;STK11",-0.435874230975246,0.83051842769989
"CYLC2;STK11",-0.619757729303904,0.83051842769989
"KLK12;STK11",-0.497875747348905,0.83051842769989
"ADAD1;PAK4",-0.496007062764712,0.83051842769989
"CYLC2;PAK4",-0.499056967581497,0.83051842769989
"KLK12;PAK4",-0.611209942657095,0.83051842769989
"ADAD1;HIRA",-0.329679733200346,0.83051842769989
"CYLC2;HIRA",-0.548813433769195,0.83051842769989
"HIRA;KLK12",-0.601833853681032,0.83051842769989
"ADAD1;METAP1",-0.512206986267684,0.83051842769989
"CYLC2;METAP1",-0.480727057153443,0.83051842769989
"KLK12;METAP1",-0.55806503036012,0.83051842769989
"ADAD1;HK2",-0.476103451615063,0.83051842769989
"CYLC2;HK2",-0.614156951280326,0.83051842769989
"HK2;KLK12",-0.619381524960183,0.83051842769989
"ADAD1;DYRK2",-0.431689071296987,0.83051842769989
"CYLC2;DYRK2",-0.625564798560253,0.83051842769989
"DYRK2;KLK12",-0.59983592543819,0.83051842769989
"ADAD1;ULK2",-0.514002351653818,0.83051842769989
"CYLC2;ULK2",-0.588558983212732,0.83051842769989
"KLK12;ULK2",-0.588148137137913,0.83051842769989
"ADAD1;PRKD1",-0.504543504365002,0.83051842769989
"CYLC2;PRKD1",-0.584837683617239,0.83051842769989
"KLK12;PRKD1",-0.653507916232142,0.83051842769989
"ADAD1;IL18",-0.469522602011333,0.83051842769989
"CYLC2;IL18",-0.58544435980799,0.83051842769989
"IL18;KLK12",-0.608380142183152,0.83051842769989
"ADAD1;PCM1",-0.493866726265194,0.83051842769989
"CYLC2;PCM1",-0.619065984869862,0.83051842769989
"KLK12;PCM1",-0.540988564753335,0.83051842769989
"ADAD1;AKTIP",-0.42303550143953,0.83051842769989
"AKTIP;CYLC2",-0.592109127089258,0.83051842769989
"AKTIP;KLK12",-0.617281876743766,0.83051842769989
"ADAD1;RBM5",-0.496884567049043,0.83051842769989
"CYLC2;RBM5",-0.469010129879521,0.83051842769989
"KLK12;RBM5",-0.637427703339196,0.83051842769989
"ADAD1;WNK2",-0.437664441569354,0.83051842769989
"CYLC2;WNK2",-0.552726410495528,0.83051842769989
"KLK12;WNK2",-0.560279615064645,0.83051842769989
"ADAD1;UMPS",-0.465951104135877,0.83051842769989
"CYLC2;UMPS",-0.608267780256793,0.83051842769989
"KLK12;UMPS",-0.642654586047683,0.83051842769989
"ADAD1;HYPK",-0.501048415877492,0.83051842769989
"CYLC2;HYPK",-0.610678871081477,0.83051842769989
"HYPK;KLK12",-0.553689131772822,0.83051842769989
"ADAD1;MDM4",-0.45588347567683,0.83051842769989
"CYLC2;MDM4",-0.5778751132875,0.83051842769989
"KLK12;MDM4",-0.570877416809748,0.83051842769989
"ADAD1;MAPK15",-0.46220898376198,0.83051842769989
"CYLC2;MAPK15",-0.60723370174478,0.83051842769989
"KLK12;MAPK15",-0.558369093014554,0.83051842769989
"ADAD1;BLK",-0.520605408045263,0.83051842769989
"BLK;CYLC2",-0.600259376476139,0.83051842769989
"BLK;KLK12",-0.641772112668513,0.83051842769989
"ADAD1;HRAS",-0.441959457104377,0.83051842769989
"CYLC2;HRAS",-0.622409503920065,0.83051842769989
"HRAS;KLK12",-0.565894232777602,0.83051842769989
"ADAD1;PARD3",-0.507440209033706,0.83051842769989
"CYLC2;PARD3",-0.588881893048418,0.83051842769989
"KLK12;PARD3",-0.53645949297932,0.83051842769989
"ADAD1;EIF3H",-0.306050934145039,0.83051842769989
"CYLC2;EIF3H",-0.466779315562446,0.83051842769989
"EIF3H;KLK12",-0.607174443223978,0.83051842769989
"ADAD1;MNAT1",-0.486253826703937,0.83051842769989
"CYLC2;MNAT1",-0.558872753245775,0.83051842769989
"KLK12;MNAT1",-0.636885848336491,0.83051842769989
"ADAD1;GART",-0.46168527515063,0.83051842769989
"CYLC2;GART",-0.536439782233572,0.83051842769989
"GART;KLK12",-0.643981582889196,0.83051842769989
"ADAD1;RRAS",-0.403542891602593,0.83051842769989
"CYLC2;RRAS",-0.603970217745178,0.83051842769989
"KLK12;RRAS",-0.650614667212248,0.83051842769989
"ADAD1;NOTCH3",-0.4301892383431,0.83051842769989
"CYLC2;NOTCH3",-0.567762117912405,0.83051842769989
"KLK12;NOTCH3",-0.644206089950044,0.83051842769989
"ADAD1;MAP3K12",-0.498720652331967,0.83051842769989
"CYLC2;MAP3K12",-0.573507829572961,0.83051842769989
"KLK12;MAP3K12",-0.63201834344174,0.83051842769989
"ADAD1;UBE2S",-0.477309881933624,0.83051842769989
"CYLC2;UBE2S",-0.598006138438774,0.83051842769989
"KLK12;UBE2S",-0.640320973852507,0.83051842769989
"ADAD1;EIF3M",-0.421202805836959,0.83051842769989
"CYLC2;EIF3M",-0.596115190643385,0.83051842769989
"EIF3M;KLK12",-0.643868928996236,0.83051842769989
"ADAD1;CDK5",-0.496103785476072,0.83051842769989
"CDK5;CYLC2",-0.595325104221856,0.83051842769989
"CDK5;KLK12",-0.60943377865292,0.83051842769989
"ADAD1;MAP3K9",-0.447347539676273,0.83051842769989
"CYLC2;MAP3K9",-0.607607552954621,0.83051842769989
"KLK12;MAP3K9",-0.640919239332987,0.83051842769989
"ADAD1;MAEA",-0.444033635066943,0.83051842769989
"CYLC2;MAEA",-0.576298869725727,0.83051842769989
"KLK12;MAEA",-0.606911092851917,0.83051842769989
"ADAD1;TUBB4B",-0.442294474481628,0.83051842769989
"CYLC2;TUBB4B",-0.535172783992904,0.83051842769989
"KLK12;TUBB4B",-0.631038053480743,0.83051842769989
"ADAD1;KEAP1",-0.304205748652251,0.83051842769989
"CYLC2;KEAP1",-0.622047514318219,0.83051842769989
"KEAP1;KLK12",-0.633017526375509,0.83051842769989
"ADAD1;BUB1B",-1.00522078550944,0.905353110343871
"BUB1B;CYLC2",-0.919195536326983,0.880986000827842
"BUB1B;KLK12",-0.94188633230353,0.887343877263922
"ADAD1;PSMA1",-1.44358493605727,0.996820526247479
"CYLC2;PSMA1",-1.57991834271777,0.996820526247479
"KLK12;PSMA1",-1.43420885124832,0.996820526247479
"ADAD1;LATS1",-0.500635323884985,0.83051842769989
"CYLC2;LATS1",-0.570068657248123,0.83051842769989
"KLK12;LATS1",-0.605668053617045,0.83051842769989
"ADAD1;SPAG5",-0.507209436411912,0.83051842769989
"CYLC2;SPAG5",-0.5696415180083,0.83051842769989
"KLK12;SPAG5",-0.488397336637909,0.83051842769989
"ADAD1;CFLAR",-0.621832173966898,0.83051842769989
"CFLAR;CYLC2",-0.709946413092377,0.841953357183135
"CFLAR;KLK12",-0.630114154255195,0.83051842769989
"ADAD1;PTK2",-0.45858933031066,0.83051842769989
"CYLC2;PTK2",-0.537646334606815,0.83051842769989
"KLK12;PTK2",-0.619643383154253,0.83051842769989
"ADAD1;FRK",-0.488847278515085,0.83051842769989
"CYLC2;FRK",-0.577665556233007,0.83051842769989
"FRK;KLK12",-0.579965835944519,0.83051842769989
"ADAD1;CCNB1",-0.483190700885468,0.83051842769989
"CCNB1;CYLC2",-0.59650317908792,0.83051842769989
"CCNB1;KLK12",-0.568145476341764,0.83051842769989
"ADAD1;PANK1",-0.492870409570367,0.83051842769989
"CYLC2;PANK1",-0.597780624688237,0.83051842769989
"KLK12;PANK1",-0.653115659657061,0.83051842769989
"ADAD1;DGUOK",-0.4214819684982,0.83051842769989
"CYLC2;DGUOK",-0.618005630338875,0.83051842769989
"DGUOK;KLK12",-0.633805016246747,0.83051842769989
"ADAD1;PIK3C3",-0.409142633750886,0.83051842769989
"CYLC2;PIK3C3",-0.6144652830549,0.83051842769989
"KLK12;PIK3C3",-0.620545557828032,0.83051842769989
"ADAD1;ITGB1",-0.428520511201561,0.83051842769989
"CYLC2;ITGB1",-0.523181230892362,0.83051842769989
"ITGB1;KLK12",-0.565927534135147,0.83051842769989
"ADAD1;ERBB4",-0.452721322019715,0.83051842769989
"CYLC2;ERBB4",-0.527321434941297,0.83051842769989
"ERBB4;KLK12",-0.644653804861341,0.83051842769989
"ADAD1;PDCD5",-0.481049263915683,0.83051842769989
"CYLC2;PDCD5",-0.579199511438843,0.83051842769989
"KLK12;PDCD5",-0.600529280343265,0.83051842769989
"ADAD1;RNF43",-0.441552677536242,0.83051842769989
"CYLC2;RNF43",-0.559105186543666,0.83051842769989
"KLK12;RNF43",-0.638879011921002,0.83051842769989
"ADAD1;SATB1",-0.375062589389114,0.83051842769989
"CYLC2;SATB1",-0.613360846536292,0.83051842769989
"KLK12;SATB1",-0.580718754956266,0.83051842769989
"ADAD1;STK32C",-0.463758510752926,0.83051842769989
"CYLC2;STK32C",-0.59434262504378,0.83051842769989
"KLK12;STK32C",-0.638101819629698,0.83051842769989
"ADAD1;MET",-0.471931824289978,0.83051842769989
"CYLC2;MET",-0.614756542912929,0.83051842769989
"KLK12;MET",-0.628376359651366,0.83051842769989
"ADAD1;SIK1",-0.479486459688609,0.83051842769989
"CYLC2;SIK1",-0.554031088892565,0.83051842769989
"KLK12;SIK1",-0.617445274498288,0.83051842769989
"ADAD1;POLA1",-1.68066335291444,0.996820526247479
"CYLC2;POLA1",-1.56949655724608,0.996820526247479
"KLK12;POLA1",-1.65262259172987,0.996820526247479
"ADAD1;PRKAR1A",-0.50800692142471,0.83051842769989
"CYLC2;PRKAR1A",-0.56474355474214,0.83051842769989
"KLK12;PRKAR1A",-0.605411897959135,0.83051842769989
"ADAD1;TUBB8",-0.42138794976977,0.83051842769989
"CYLC2;TUBB8",-0.525857305181961,0.83051842769989
"KLK12;TUBB8",-0.620124864338634,0.83051842769989
"ADAD1;HUWE1",-0.51617805524216,0.83051842769989
"CYLC2;HUWE1",-0.563402545003616,0.83051842769989
"HUWE1;KLK12",-0.494764063322138,0.83051842769989
"ADAD1;TINF2",-0.653962258427521,0.83051842769989
"CYLC2;TINF2",-0.607502115807583,0.83051842769989
"KLK12;TINF2",-0.760752613107594,0.853095895163736
"ADAD1;HNF4A",-0.504456686734436,0.83051842769989
"CYLC2;HNF4A",-0.623997457307846,0.83051842769989
"HNF4A;KLK12",-0.648360794989479,0.83051842769989
"ADAD1;FGR",-0.505403391334899,0.83051842769989
"CYLC2;FGR",-0.562508985829983,0.83051842769989
"FGR;KLK12",-0.499384711548522,0.83051842769989
"ADAD1;RRAS2",-0.500182274574414,0.83051842769989
"CYLC2;RRAS2",-0.629458045332446,0.83051842769989
"KLK12;RRAS2",-0.637819665062611,0.83051842769989
"ADAD1;NRAS",-0.442731482409957,0.83051842769989
"CYLC2;NRAS",-0.548490367196927,0.83051842769989
"KLK12;NRAS",-0.529744104569008,0.83051842769989
"ADAD1;HLA-DRB1",-0.480477840163815,0.83051842769989
"CYLC2;HLA-DRB1",-0.536874552453511,0.83051842769989
"HLA-DRB1;KLK12",-0.540668061432201,0.83051842769989
"ADAD1;PTK6",-0.50355278517028,0.83051842769989
"CYLC2;PTK6",-0.602801989827995,0.83051842769989
"KLK12;PTK6",-0.652240331662403,0.83051842769989
"ADAD1;DAPK1",-0.50162813498572,0.83051842769989
"CYLC2;DAPK1",-0.625558387138095,0.83051842769989
"DAPK1;KLK12",-0.629654981856407,0.83051842769989
"ADAD1;NTRK2",-0.496527492575021,0.83051842769989
"CYLC2;NTRK2",-0.546214567644928,0.83051842769989
"KLK12;NTRK2",-0.647407414439525,0.83051842769989
"ADAD1;SRMS",-0.483080571218932,0.83051842769989
"CYLC2;SRMS",-0.486714987605966,0.83051842769989
"KLK12;SRMS",-0.564642264793647,0.83051842769989
"ADAD1;MVK",-0.385950603282266,0.83051842769989
"CYLC2;MVK",-0.603130073565399,0.83051842769989
"KLK12;MVK",-0.536454052340013,0.83051842769989
"ADAD1;ALPK1",-0.494685094043665,0.83051842769989
"ALPK1;CYLC2",-0.617327992854837,0.83051842769989
"ALPK1;KLK12",-0.622160587949044,0.83051842769989
"ADAD1;MAPK8",-0.507744046017061,0.83051842769989
"CYLC2;MAPK8",-0.60452783669237,0.83051842769989
"KLK12;MAPK8",-0.60538406776155,0.83051842769989
"ADAD1;TRAF7",-0.462014603554243,0.83051842769989
"CYLC2;TRAF7",-0.57640798750255,0.83051842769989
"KLK12;TRAF7",-0.585654660982254,0.83051842769989
"ADAD1;XRCC3",-0.453903743444011,0.83051842769989
"CYLC2;XRCC3",-0.610332355191325,0.83051842769989
"KLK12;XRCC3",-0.556028766823878,0.83051842769989
"ADAD1;ARID3B",-0.51591131965394,0.83051842769989
"ARID3B;CYLC2",-0.59566643565891,0.83051842769989
"ARID3B;KLK12",-0.593241960222834,0.83051842769989
"ADAD1;MAP3K11",-0.468897952531184,0.83051842769989
"CYLC2;MAP3K11",-0.62214066043353,0.83051842769989
"KLK12;MAP3K11",-0.610965086164,0.83051842769989
"ADAD1;EFR3A",-0.450586541801917,0.83051842769989
"CYLC2;EFR3A",-0.578994922834832,0.83051842769989
"EFR3A;KLK12",-0.51912332589751,0.83051842769989
"ADAD1;TXNRD1",-0.477567209122711,0.83051842769989
"CYLC2;TXNRD1",-0.499831829690389,0.83051842769989
"KLK12;TXNRD1",-0.641424567793037,0.83051842769989
"ADAD1;ASF1A",-0.471685231436397,0.83051842769989
"ASF1A;CYLC2",-0.58401045496429,0.83051842769989
"ASF1A;KLK12",-0.628887448312832,0.83051842769989
"ADAD1;ERAS",-0.479570295505983,0.83051842769989
"CYLC2;ERAS",-0.60018773338544,0.83051842769989
"ERAS;KLK12",-0.586200616758684,0.83051842769989
"ADAD1;SNRK",-0.4654403699144,0.83051842769989
"CYLC2;SNRK",-0.610940608865252,0.83051842769989
"KLK12;SNRK",-0.618241932572363,0.83051842769989
"ADAD1;CSK",-0.501469203085877,0.83051842769989
"CSK;CYLC2",-0.535046816526459,0.83051842769989
"CSK;KLK12",-0.564340597980573,0.83051842769989
"ADAD1;TAB3",-0.452688124841157,0.83051842769989
"CYLC2;TAB3",-0.574080922065733,0.83051842769989
"KLK12;TAB3",-0.60680134248193,0.83051842769989
"ADAD1;TBK1",-0.394829163761137,0.83051842769989
"CYLC2;TBK1",-0.566709868395088,0.83051842769989
"KLK12;TBK1",-0.645464418426549,0.83051842769989
"ADAD1;TEAD1",-0.428646901885754,0.83051842769989
"CYLC2;TEAD1",-0.527802939299848,0.83051842769989
"KLK12;TEAD1",-0.644566586996139,0.83051842769989
"ADAD1;DCTN4",-0.508786434027347,0.83051842769989
"CYLC2;DCTN4",-0.622024378165447,0.83051842769989
"DCTN4;KLK12",-0.610912395750244,0.83051842769989
"ADAD1;LIMK2",-0.403753430111342,0.83051842769989
"CYLC2;LIMK2",-0.534989643062359,0.83051842769989
"KLK12;LIMK2",-0.604234875911187,0.83051842769989
"ADAD1;DIDO1",-0.502660247681942,0.83051842769989
"CYLC2;DIDO1",-0.586520783183808,0.83051842769989
"DIDO1;KLK12",-0.60896788636324,0.83051842769989
"ADAD1;FYN",-0.491151014684747,0.83051842769989
"CYLC2;FYN",-0.555192266019254,0.83051842769989
"FYN;KLK12",-0.635526856251188,0.83051842769989
"ADAD1;PAK2",-0.407166402151377,0.83051842769989
"CYLC2;PAK2",-0.62265407181661,0.83051842769989
"KLK12;PAK2",-0.620220802359594,0.83051842769989
"ADAD1;NDE1",-0.888261952134657,0.871835576026175
"CYLC2;NDE1",-0.858924694924438,0.86443615298251
"KLK12;NDE1",-0.843216846430196,0.861063273049485
"ADAD1;CSNK2A1",-0.456926967794804,0.83051842769989
"CSNK2A1;CYLC2",-0.606244759410811,0.83051842769989
"CSNK2A1;KLK12",-0.651494791384022,0.83051842769989
"ADAD1;JAK3",-0.467519422664814,0.83051842769989
"CYLC2;JAK3",-0.568771157484839,0.83051842769989
"JAK3;KLK12",-0.614908414163652,0.83051842769989
"ADAD1;CEACAM5",-0.513432520100249,0.83051842769989
"CEACAM5;CYLC2",-0.582112971581812,0.83051842769989
"CEACAM5;KLK12",-0.60638240070308,0.83051842769989
"ADAD1;BRSK1",-0.474888170513048,0.83051842769989
"BRSK1;CYLC2",-0.548847950908188,0.83051842769989
"BRSK1;KLK12",-0.627811123695647,0.83051842769989
"ADAD1;GSK3B",-0.415958897382808,0.83051842769989
"CYLC2;GSK3B",-0.581260878466542,0.83051842769989
"GSK3B;KLK12",-0.640264496824799,0.83051842769989
"ADAD1;PIK3CG",-0.406674201223494,0.83051842769989
"CYLC2;PIK3CG",-0.521431966085413,0.83051842769989
"KLK12;PIK3CG",-0.639265870230038,0.83051842769989
"ADAD1;MAP3K13",-0.397996667937293,0.83051842769989
"CYLC2;MAP3K13",-0.571968718885754,0.83051842769989
"KLK12;MAP3K13",-0.597974474883079,0.83051842769989
"ADAD1;BRD8",-0.412655965444381,0.83051842769989
"BRD8;CYLC2",-0.387251855124102,0.83051842769989
"BRD8;KLK12",-0.577712504087746,0.83051842769989
"ADAD1;DNM1L",-0.493415363783009,0.83051842769989
"CYLC2;DNM1L",-0.615826141388413,0.83051842769989
"DNM1L;KLK12",-0.634769533190061,0.83051842769989
"ADAD1;RPTOR",-0.397558982694325,0.83051842769989
"CYLC2;RPTOR",-0.536491959877405,0.83051842769989
"KLK12;RPTOR",-0.645055628071806,0.83051842769989
"ADAD1;RHOA",-0.484593964189577,0.83051842769989
"CYLC2;RHOA",-0.567327495388639,0.83051842769989
"KLK12;RHOA",-0.57232894186243,0.83051842769989
"AKT1;BRD4",-0.125687915940434,0.83051842769989
"AKT1;MYC",-1.44100463491418,0.996820526247479
"AKT1;MAP2K1",-0.359952671126415,0.83051842769989
"AKT1;MAPK1",-0.297974286508032,0.83051842769989
"AKT1;WEE1",-0.954649073278937,0.890104510127576
"AKT1;ARID1A",-0.453147270914895,0.83051842769989
"AKT1;PRMT1",-1.26738020486474,0.979516113985509
"AKT1;PARP1",-0.963429832117149,0.893089771939968
"AKT1;PORCN",-0.379915328220739,0.83051842769989
"AKT1;MDM2",-0.564226859871557,0.83051842769989
"AKT1;EGFR",-0.234913128963559,0.83051842769989
"AKT1;SMAD4",-0.350455741353319,0.83051842769989
"AKT1;DNMT1",-0.603456219666773,0.83051842769989
"AKT1;RAF1",-0.340863623695733,0.83051842769989
"AKT1;CDK6",-0.75514953965153,0.852282082225977
"AKT1;ATR",-0.881290572967836,0.869455147967198
"AKT1;MCL1",-0.311506841005798,0.83051842769989
"AKT1;BCL2",-0.657709779121225,0.83051842769989
"AKT1;PRMT5",-0.768389409460414,0.853845484639868
"AKT1;ATM",-0.284578730707497,0.83051842769989
"AKT1;BCL2L1",-0.244872395816469,0.83051842769989
"AKT1;KRAS",-0.462073785577558,0.83051842769989
"AKT1;CDK4",-0.241859586447923,0.83051842769989
"AKT1;CTNNB1",-0.939224673828517,0.886446311735771
"AKT1;BRAF",-0.356904762555962,0.83051842769989
"AKT1;MAP2K2",-0.150605616860811,0.83051842769989
"AKT1;PIK3CA",-0.433244285607216,0.83051842769989
"AKT1;IGF1R",-0.136695402500966,0.83051842769989
"AKT1;TAZ",-0.336573650408322,0.83051842769989
"AKT1;WRN",-0.380485059289467,0.83051842769989
"AKT1;AKT2",-0.0875466584724022,0.83051842769989
"AKT1;SRC",-0.329388994038767,0.83051842769989
"AKT1;DNMT3B",-0.516856893425346,0.83051842769989
"AKT1;APC",-0.376297185175174,0.83051842769989
"AKT1;ERBB2",-0.377443212105221,0.83051842769989
"AKT1;YAP1",-0.34281072962094,0.83051842769989
"AKT1;PTPN11",-0.305386176848823,0.83051842769989
"AKT1;CHEK1",-1.66459124885216,0.996820526247479
"AKT1;JAK1",-0.611182102669818,0.83051842769989
"BRD4;MYC",-1.5642979720249,0.996820526247479
"BRD4;MAP2K1",-0.185157501326666,0.83051842769989
"BRD4;MAPK1",-0.166047935523272,0.83051842769989
"BRD4;WEE1",-0.910965191985872,0.878439804587477
"ARID1A;BRD4",-0.41911541423909,0.83051842769989
"BRD4;PRMT1",-0.923559553070235,0.882281434721447
"BRD4;PARP1",-0.812387992677134,0.858150763100959
"BRD4;PORCN",-0.327511944449594,0.83051842769989
"BRD4;MDM2",-0.477035532540862,0.83051842769989
"BRD4;EGFR",-0.369933718989115,0.83051842769989
"BRD4;SMAD4",-0.26314156763711,0.83051842769989
"BRD4;DNMT1",-0.552458432164837,0.83051842769989
"BRD4;RAF1",-0.268435611092536,0.83051842769989
"BRD4;CDK6",-0.705518978373803,0.841162607684189
"ATR;BRD4",-1.07492954960212,0.920438060131278
"BRD4;MCL1",-0.0821941287353758,0.83051842769989
"BCL2;BRD4",-0.498129903426154,0.83051842769989
"BRD4;PRMT5",-0.816890831002262,0.858150763100959
"ATM;BRD4",-0.256826987902852,0.83051842769989
"BCL2L1;BRD4",-0.337995853698743,0.83051842769989
"BRD4;KRAS",-0.324760373278711,0.83051842769989
"BRD4;CDK4",-0.123481018251535,0.83051842769989
"BRD4;CTNNB1",-1.04054181086336,0.913419946253691
"BRAF;BRD4",-0.141407405810171,0.83051842769989
"BRD4;MAP2K2",-0.215523186257657,0.83051842769989
"BRD4;PIK3CA",-0.390781556119161,0.83051842769989
"BRD4;IGF1R",-0.215470704701753,0.83051842769989
"BRD4;TAZ",-0.0685765924556284,0.83051842769989
"BRD4;WRN",-0.283579662063347,0.83051842769989
"AKT2;BRD4",-0.311987194441158,0.83051842769989
"BRD4;SRC",-0.217111581313401,0.83051842769989
"BRD4;DNMT3B",-0.391426679149905,0.83051842769989
"APC;BRD4",-0.151963153352782,0.83051842769989
"BRD4;ERBB2",-0.242623498480383,0.83051842769989
"BRD4;YAP1",-0.306344204337599,0.83051842769989
"BRD4;PTPN11",-0.124718021680486,0.83051842769989
"BRD4;CHEK1",-1.66462524019292,0.996820526247479
"BRD4;JAK1",-0.482510512387798,0.83051842769989
"MAP2K1;MYC",-1.54316746408856,0.996820526247479
"MAPK1;MYC",-1.51657629929367,0.996820526247479
"MYC;WEE1",-0.852333780598719,0.863220419071441
"ARID1A;MYC",-1.38378227311793,0.996820526247479
"MYC;PRMT1",-0.780822593991333,0.855428356537771
"MYC;PARP1",-0.840281458782321,0.860499821293366
"MYC;PORCN",-1.4787387430591,0.996820526247479
"MDM2;MYC",-1.41897239721807,0.996820526247479
"EGFR;MYC",-1.33091761972639,0.993150685811604
"MYC;SMAD4",-1.646282866425,0.996820526247479
"DNMT1;MYC",-1.39279297524783,0.996820526247479
"MYC;RAF1",-1.38556808036922,0.996820526247479
"CDK6;MYC",-0.936425043971466,0.88577539106553
"ATR;MYC",-0.917277810009466,0.880324161116903
"MCL1;MYC",-1.41180161664423,0.996820526247479
"BCL2;MYC",-1.07024351183347,0.919653057041565
"MYC;PRMT5",-1.13626644943281,0.929875904363641
"ATM;MYC",-1.49076427807698,0.996820526247479
"BCL2L1;MYC",-1.48175103393802,0.996820526247479
"KRAS;MYC",-1.49415460722843,0.996820526247479
"CDK4;MYC",-1.57633297361468,0.996820526247479
"CTNNB1;MYC",-1.22921764865357,0.967987069022867
"BRAF;MYC",-1.5667377683986,0.996820526247479
"MAP2K2;MYC",-1.41684050193712,0.996820526247479
"MYC;PIK3CA",-1.29013682967888,0.98531350587617
"IGF1R;MYC",-1.47218757579508,0.996820526247479
"MYC;TAZ",-1.62677096175797,0.996820526247479
"MYC;WRN",-1.30329858409015,0.988310155108431
"AKT2;MYC",-1.35821589003316,0.996773517429752
"MYC;SRC",-1.5848712184467,0.996820526247479
"DNMT3B;MYC",-1.40069702655247,0.996820526247479
"APC;MYC",-1.49888979914936,0.996820526247479
"ERBB2;MYC",-1.34705855203788,0.995581335844079
"MYC;YAP1",-1.46630504947564,0.996820526247479
"MYC;PTPN11",-1.64792550288593,0.996820526247479
"CHEK1;MYC",-0.602100737907479,0.83051842769989
"JAK1;MYC",-1.5471591404524,0.996820526247479
"MAP2K1;MAPK1",-0.213114456830733,0.83051842769989
"MAP2K1;WEE1",-0.841582593941399,0.860658710032528
"ARID1A;MAP2K1",-0.479172445646681,0.83051842769989
"MAP2K1;PRMT1",-1.35176714691837,0.996241116437907
"MAP2K1;PARP1",-0.951055026748507,0.88961022770074
"MAP2K1;PORCN",-0.348142783003109,0.83051842769989
"MAP2K1;MDM2",-0.512190795244438,0.83051842769989
"EGFR;MAP2K1",0.121440026351824,0.83051842769989
"MAP2K1;SMAD4",-0.230304382102113,0.83051842769989
"DNMT1;MAP2K1",-0.589150001905021,0.83051842769989
"MAP2K1;RAF1",-0.247219687209113,0.83051842769989
"CDK6;MAP2K1",-0.704389819600509,0.840761872907585
"ATR;MAP2K1",-1.02008750239971,0.909425323589825
"MAP2K1;MCL1",-0.0441741869127752,0.83051842769989
"BCL2;MAP2K1",-0.596603089721337,0.83051842769989
"MAP2K1;PRMT5",-0.831020982253182,0.858667905495995
"ATM;MAP2K1",-0.332580819371624,0.83051842769989
"BCL2L1;MAP2K1",-0.282755582131409,0.83051842769989
"KRAS;MAP2K1",-0.381598444650814,0.83051842769989
"CDK4;MAP2K1",-0.102084176449899,0.83051842769989
"CTNNB1;MAP2K1",-0.914264980436607,0.879380027155368
"BRAF;MAP2K1",-0.0724680258472292,0.83051842769989
"MAP2K1;MAP2K2",0.0747123009472384,0.83051842769989
"MAP2K1;PIK3CA",-0.407196461768434,0.83051842769989
"IGF1R;MAP2K1",-0.313423722837822,0.83051842769989
"MAP2K1;TAZ",-0.113991217428278,0.83051842769989
"MAP2K1;WRN",-0.336414909584685,0.83051842769989
"AKT2;MAP2K1",-0.456958669134711,0.83051842769989
"MAP2K1;SRC",-0.125487681004527,0.83051842769989
"DNMT3B;MAP2K1",-0.536120623603625,0.83051842769989
"APC;MAP2K1",-0.226377468911997,0.83051842769989
"ERBB2;MAP2K1",0.0779211161213346,0.83051842769989
"MAP2K1;YAP1",-0.288843462557088,0.83051842769989
"MAP2K1;PTPN11",0.116032621918235,0.83051842769989
"CHEK1;MAP2K1",-1.5306394796178,0.996820526247479
"JAK1;MAP2K1",-0.444551002934957,0.83051842769989
"MAPK1;WEE1",-0.838061049179003,0.860357002319739
"ARID1A;MAPK1",-0.335890784104938,0.83051842769989
"MAPK1;PRMT1",-1.33627811933527,0.994208702918359
"MAPK1;PARP1",-0.76631496226879,0.853545663641316
"MAPK1;PORCN",-0.336589866748721,0.83051842769989
"MAPK1;MDM2",-0.445004025228311,0.83051842769989
"EGFR;MAPK1",0.233788562499146,0.83051842769989
"MAPK1;SMAD4",-0.259964219847557,0.83051842769989
"DNMT1;MAPK1",-0.603360394761199,0.83051842769989
"MAPK1;RAF1",-0.209931465746428,0.83051842769989
"CDK6;MAPK1",-0.601889710623193,0.83051842769989
"ATR;MAPK1",-0.862666317616143,0.864860009934465
"MAPK1;MCL1",-0.182503628209253,0.83051842769989
"BCL2;MAPK1",-0.644279816320541,0.83051842769989
"MAPK1;PRMT5",-0.758949962812094,0.85302698676988
"ATM;MAPK1",-0.368997047049028,0.83051842769989
"BCL2L1;MAPK1",-0.0605957612184991,0.83051842769989
"KRAS;MAPK1",-0.388934259928474,0.83051842769989
"CDK4;MAPK1",-0.129126554638493,0.83051842769989
"CTNNB1;MAPK1",-1.01505181206455,0.908210554192108
"BRAF;MAPK1",-0.0589648218938356,0.83051842769989
"MAP2K2;MAPK1",-0.227138953006601,0.83051842769989
"MAPK1;PIK3CA",-0.302194244029562,0.83051842769989
"IGF1R;MAPK1",-0.237270373141459,0.83051842769989
"MAPK1;TAZ",-0.186197412240729,0.83051842769989
"MAPK1;WRN",-0.273307179107686,0.83051842769989
"AKT2;MAPK1",-0.48204649322726,0.83051842769989
"MAPK1;SRC",-0.141981683906361,0.83051842769989
"DNMT3B;MAPK1",-0.497730294885884,0.83051842769989
"APC;MAPK1",-0.218081910978856,0.83051842769989
"ERBB2;MAPK1",-0.0110205242465523,0.83051842769989
"MAPK1;YAP1",-0.0622371635961819,0.83051842769989
"MAPK1;PTPN11",-0.0365629341608419,0.83051842769989
"CHEK1;MAPK1",-1.71980312858784,0.996820526247479
"JAK1;MAPK1",-0.537179198688243,0.83051842769989
"ARID1A;WEE1",-0.921007740123197,0.881608789019793
"PRMT1;WEE1",-0.794014613566375,0.856993388614853
"PARP1;WEE1",-0.896315396036403,0.87420952665633
"PORCN;WEE1",-0.934550072243791,0.885225092440995
"MDM2;WEE1",-0.930060816628239,0.883895272446356
"EGFR;WEE1",-0.677632668068622,0.833735098519428
"SMAD4;WEE1",-0.698789542087213,0.839087366557132
"DNMT1;WEE1",-0.577633309292263,0.83051842769989
"RAF1;WEE1",-0.945764647396842,0.888231399331582
"CDK6;WEE1",-0.521422801040173,0.83051842769989
"ATR;WEE1",-0.305210308770171,0.83051842769989
"MCL1;WEE1",-0.864635788950312,0.864875045592771
"BCL2;WEE1",-0.843541961665669,0.861143749956132
"PRMT5;WEE1",-0.309776870463185,0.83051842769989
"ATM;WEE1",-0.882077698611564,0.869726342993961
"BCL2L1;WEE1",-0.918233538295224,0.880582815283327
"KRAS;WEE1",-0.885049873003864,0.870478512386197
"CDK4;WEE1",-0.922405557178299,0.882085575715089
"CTNNB1;WEE1",-0.525407297345028,0.83051842769989
"BRAF;WEE1",-0.877277041110531,0.868121654494612
"MAP2K2;WEE1",-0.551215271029508,0.83051842769989
"PIK3CA;WEE1",-0.432854112700014,0.83051842769989
"IGF1R;WEE1",-0.670032571313107,0.831157777691031
"TAZ;WEE1",-0.821741153522265,0.85826452060764
"WEE1;WRN",-0.908807573624838,0.877701927968793
"AKT2;WEE1",-0.779842609715686,0.855392982465961
"SRC;WEE1",-0.929285735330235,0.88388389267434
"DNMT3B;WEE1",-0.713913779714204,0.843017087114036
"APC;WEE1",-0.741634029047486,0.848926746149907
"ERBB2;WEE1",-0.823966963349414,0.858327427499431
"WEE1;YAP1",-0.745622505620926,0.850157620474264
"PTPN11;WEE1",-0.823339057921598,0.858279297357474
"CHEK1;WEE1",-0.992542104004459,0.90265567890817
"JAK1;WEE1",-0.765068916698795,0.853446458154709
"ARID1A;PRMT1",-1.29610656452419,0.986590128176695
"ARID1A;PARP1",-0.985347507385729,0.900083270828364
"ARID1A;PORCN",-0.455821817107469,0.83051842769989
"ARID1A;MDM2",-0.596758445524239,0.83051842769989
"ARID1A;EGFR",-0.458842274675944,0.83051842769989
"ARID1A;SMAD4",-0.459012030770063,0.83051842769989
"ARID1A;DNMT1",-0.564721406364158,0.83051842769989
"ARID1A;RAF1",-0.450177663024258,0.83051842769989
"ARID1A;CDK6",-0.76338917490276,0.853329897622711
"ARID1A;ATR",-0.925718633809608,0.882968608689344
"ARID1A;MCL1",-0.433525650078541,0.83051842769989
"ARID1A;BCL2",-0.622603455639212,0.83051842769989
"ARID1A;PRMT5",-0.723523063554461,0.844939365980616
"ARID1A;ATM",-0.477283285220796,0.83051842769989
"ARID1A;BCL2L1",-0.28969326809406,0.83051842769989
"ARID1A;KRAS",-0.396642589288267,0.83051842769989
"ARID1A;CDK4",-0.444810296919137,0.83051842769989
"ARID1A;CTNNB1",-0.866667462465213,0.865204922839714
"ARID1A;BRAF",-0.370521525417422,0.83051842769989
"ARID1A;MAP2K2",-0.325005424988982,0.83051842769989
"ARID1A;PIK3CA",-0.527815086994829,0.83051842769989
"ARID1A;IGF1R",-0.47893338035756,0.83051842769989
"ARID1A;TAZ",-0.420694545890223,0.83051842769989
"ARID1A;WRN",-0.469612997651119,0.83051842769989
"AKT2;ARID1A",-0.551273066820928,0.83051842769989
"ARID1A;SRC",-0.443879481850054,0.83051842769989
"ARID1A;DNMT3B",-0.489295683030022,0.83051842769989
"APC;ARID1A",-0.455849124548238,0.83051842769989
"ARID1A;ERBB2",-0.42197517019552,0.83051842769989
"ARID1A;YAP1",-0.404449623909075,0.83051842769989
"ARID1A;PTPN11",-0.463903544662027,0.83051842769989
"ARID1A;CHEK1",-1.69456293628802,0.996820526247479
"ARID1A;JAK1",-0.623887381470011,0.83051842769989
"PARP1;PRMT1",-0.918336721226737,0.880589633517875
"PORCN;PRMT1",-1.13607271591086,0.929830400348784
"MDM2;PRMT1",-1.34255978402823,0.994803001460787
"EGFR;PRMT1",-1.14521996996076,0.934035619180031
"PRMT1;SMAD4",-1.16800656581297,0.944202043932367
"DNMT1;PRMT1",-1.25323290906487,0.975149581218497
"PRMT1;RAF1",-1.27730357948197,0.981979129925499
"CDK6;PRMT1",-1.06107179445762,0.91759429283435
"ATR;PRMT1",-0.857181627964394,0.864062937998112
"MCL1;PRMT1",-1.19903148067495,0.957217686876856
"BCL2;PRMT1",-1.19580555538291,0.955870112077701
"PRMT1;PRMT5",-1.04219123192875,0.913419946253691
"ATM;PRMT1",-1.11707539244625,0.924896231395191
"BCL2L1;PRMT1",-1.39157858245302,0.996820526247479
"KRAS;PRMT1",-1.23556504732947,0.970159506983589
"CDK4;PRMT1",-1.23105970313055,0.968616278791478
"CTNNB1;PRMT1",-0.747482880564707,0.850506615113902
"BRAF;PRMT1",-1.25276913557083,0.975074220149775
"MAP2K2;PRMT1",-1.32122506355362,0.991342166135936
"PIK3CA;PRMT1",-1.09759848271145,0.92317363085918
"IGF1R;PRMT1",-1.31567921127073,0.990408016205592
"PRMT1;TAZ",-1.1838717718635,0.951042185081825
"PRMT1;WRN",-1.26285546498893,0.978034825681521
"AKT2;PRMT1",-1.24404855253397,0.972743807377317
"PRMT1;SRC",-1.33430769514609,0.993856219433221
"DNMT3B;PRMT1",-1.27769763441273,0.982052956651358
"APC;PRMT1",-1.31232892233645,0.989738097601528
"ERBB2;PRMT1",-1.36125419637501,0.996820526247479
"PRMT1;YAP1",-1.27224668642462,0.980920107679638
"PRMT1;PTPN11",-1.35514196533599,0.99643163599601
"CHEK1;PRMT1",-0.857827314940089,0.864190203056916
"JAK1;PRMT1",-1.21102569100882,0.961559465896812
"PARP1;PORCN",-1.0325178200131,0.912353253882343
"MDM2;PARP1",-0.980001083469903,0.898358785445461
"EGFR;PARP1",-0.739503214566781,0.848578191909355
"PARP1;SMAD4",-0.996709383002471,0.903512799906388
"DNMT1;PARP1",-1.09510240945058,0.923145026835478
"PARP1;RAF1",-0.99386245843913,0.902927454750473
"CDK6;PARP1",-1.10619470099143,0.923850009252945
"ATR;PARP1",-0.825426540378554,0.858367750999105
"MCL1;PARP1",-1.02025399454368,0.909425323589825
"BCL2;PARP1",-1.01498121396169,0.908210554192108
"PARP1;PRMT5",-0.789672528344476,0.856227885389518
"ATM;PARP1",-0.970970436593037,0.895719317246834
"BCL2L1;PARP1",-0.823218645389354,0.85826452060764
"KRAS;PARP1",-0.989210983153321,0.901524252272762
"CDK4;PARP1",-1.00837403103039,0.906379413918467
"CTNNB1;PARP1",-0.961052369918135,0.892222084659056
"BRAF;PARP1",-0.939233792175859,0.886446311735771
"MAP2K2;PARP1",-1.11162571085013,0.924121252169155
"PARP1;PIK3CA",-0.831472601489967,0.858667905495995
"IGF1R;PARP1",-0.863195550247973,0.864875045592771
"PARP1;TAZ",-0.811744245732646,0.858150763100959
"PARP1;WRN",-1.04370092233877,0.913515079259661
"AKT2;PARP1",-0.811746438557692,0.858150763100959
"PARP1;SRC",-1.07321449480475,0.920077282751008
"DNMT3B;PARP1",-0.953760144780671,0.88992719643538
"APC;PARP1",-1.08153417936019,0.921488432930172
"ERBB2;PARP1",-1.06354429361107,0.918127019138725
"PARP1;YAP1",-1.08875086150619,0.922032270037093
"PARP1;PTPN11",-0.996007264141072,0.903317656707551
"CHEK1;PARP1",-1.58829195923458,0.996820526247479
"JAK1;PARP1",-1.07796941029375,0.92109374591645
"MDM2;PORCN",-0.559967125554855,0.83051842769989
"EGFR;PORCN",-0.485112028180742,0.83051842769989
"PORCN;SMAD4",-0.261902948932111,0.83051842769989
"DNMT1;PORCN",-0.572475194248224,0.83051842769989
"PORCN;RAF1",-0.280349125223793,0.83051842769989
"CDK6;PORCN",-0.694339855273239,0.837808936076025
"ATR;PORCN",-0.939007312359898,0.886446311735771
"MCL1;PORCN",-0.237892805174783,0.83051842769989
"BCL2;PORCN",-0.647577907816776,0.83051842769989
"PORCN;PRMT5",-0.830734200935908,0.858667905495995
"ATM;PORCN",-0.340331027400511,0.83051842769989
"BCL2L1;PORCN",-0.214849999159666,0.83051842769989
"KRAS;PORCN",-0.406118506499284,0.83051842769989
"CDK4;PORCN",-0.293977083371962,0.83051842769989
"CTNNB1;PORCN",-0.936600506324387,0.88577539106553
"BRAF;PORCN",-0.333265328967314,0.83051842769989
"MAP2K2;PORCN",-0.201823499982423,0.83051842769989
"PIK3CA;PORCN",-0.558973217958465,0.83051842769989
"IGF1R;PORCN",-0.32424907750943,0.83051842769989
"PORCN;TAZ",-0.269502324626606,0.83051842769989
"PORCN;WRN",-0.310297978440556,0.83051842769989
"AKT2;PORCN",-0.56639151116766,0.83051842769989
"PORCN;SRC",-0.344805244980135,0.83051842769989
"DNMT3B;PORCN",-0.513641752500279,0.83051842769989
"APC;PORCN",-0.264018765920955,0.83051842769989
"ERBB2;PORCN",-0.334413427968172,0.83051842769989
"PORCN;YAP1",-0.312868454278562,0.83051842769989
"PORCN;PTPN11",-0.338070304295065,0.83051842769989
"CHEK1;PORCN",-1.78627927999472,0.996820526247479
"JAK1;PORCN",-0.624087460923008,0.83051842769989
"EGFR;MDM2",-0.591467997371026,0.83051842769989
"MDM2;SMAD4",-0.563071837494968,0.83051842769989
"DNMT1;MDM2",-0.602403325708369,0.83051842769989
"MDM2;RAF1",-0.585013125093765,0.83051842769989
"CDK6;MDM2",-0.815464904854081,0.858150763100959
"ATR;MDM2",-0.881210156751597,0.869455147967198
"MCL1;MDM2",-0.471585666324575,0.83051842769989
"BCL2;MDM2",-0.624035280915401,0.83051842769989
"MDM2;PRMT5",-0.711626563977269,0.842221302068884
"ATM;MDM2",-0.518157391663804,0.83051842769989
"BCL2L1;MDM2",-0.477573839428805,0.83051842769989
"KRAS;MDM2",-0.512828980400894,0.83051842769989
"CDK4;MDM2",-0.52285076731814,0.83051842769989
"CTNNB1;MDM2",-0.984055624147407,0.899572598979304
"BRAF;MDM2",-0.589642332904967,0.83051842769989
"MAP2K2;MDM2",-0.473973393254711,0.83051842769989
"MDM2;PIK3CA",-0.517434508447272,0.83051842769989
"IGF1R;MDM2",-0.41985775483366,0.83051842769989
"MDM2;TAZ",-0.542571227172622,0.83051842769989
"MDM2;WRN",-0.537799176712114,0.83051842769989
"AKT2;MDM2",-0.521400051501581,0.83051842769989
"MDM2;SRC",-0.560448513819178,0.83051842769989
"DNMT3B;MDM2",-0.557862373116511,0.83051842769989
"APC;MDM2",-0.520037208948896,0.83051842769989
"ERBB2;MDM2",-0.581164422708052,0.83051842769989
"MDM2;YAP1",-0.584489057840273,0.83051842769989
"MDM2;PTPN11",-0.593596916066107,0.83051842769989
"CHEK1;MDM2",-1.78208687041598,0.996820526247479
"JAK1;MDM2",-0.587212221166326,0.83051842769989
"EGFR;SMAD4",-0.41909184709243,0.83051842769989
"DNMT1;EGFR",-0.62707935030668,0.83051842769989
"EGFR;RAF1",-0.423043336786212,0.83051842769989
"CDK6;EGFR",-0.820306135203404,0.85826452060764
"ATR;EGFR",-0.752294461468599,0.851450545270786
"EGFR;MCL1",-0.335137247468478,0.83051842769989
"BCL2;EGFR",-0.612015417642199,0.83051842769989
"EGFR;PRMT5",-0.693557178598272,0.837546534860229
"ATM;EGFR",-0.407701411772653,0.83051842769989
"BCL2L1;EGFR",-0.314400761183294,0.83051842769989
"EGFR;KRAS",-0.314661279778071,0.83051842769989
"CDK4;EGFR",-0.362345878008864,0.83051842769989
"CTNNB1;EGFR",-0.922045986087952,0.882035278280876
"BRAF;EGFR",0.00485847807862683,0.83051842769989
"EGFR;MAP2K2",-0.423064415626004,0.83051842769989
"EGFR;PIK3CA",-0.265156992288628,0.83051842769989
"EGFR;IGF1R",-0.140182358173561,0.83051842769989
"EGFR;TAZ",-0.364167240323173,0.83051842769989
"EGFR;WRN",-0.508236512196843,0.83051842769989
"AKT2;EGFR",-0.316562175009934,0.83051842769989
"EGFR;SRC",-0.388319923751807,0.83051842769989
"DNMT3B;EGFR",-0.487668548776943,0.83051842769989
"APC;EGFR",-0.292709695779133,0.83051842769989
"EGFR;ERBB2",-0.499828893510021,0.83051842769989
"EGFR;YAP1",-0.275441075214761,0.83051842769989
"EGFR;PTPN11",-0.485537715743351,0.83051842769989
"CHEK1;EGFR",-1.6821571084457,0.996820526247479
"EGFR;JAK1",-0.482325839785388,0.83051842769989
"DNMT1;SMAD4",-0.562390390057747,0.83051842769989
"RAF1;SMAD4",-0.356228707483213,0.83051842769989
"CDK6;SMAD4",-0.494899102427866,0.83051842769989
"ATR;SMAD4",-0.764185765464733,0.853329897622711
"MCL1;SMAD4",-0.305208331334424,0.83051842769989
"BCL2;SMAD4",-0.585021918541122,0.83051842769989
"PRMT5;SMAD4",-0.762297225470675,0.853329897622711
"ATM;SMAD4",-0.260310550629683,0.83051842769989
"BCL2L1;SMAD4",-0.213376326442403,0.83051842769989
"KRAS;SMAD4",-0.436552675095889,0.83051842769989
"CDK4;SMAD4",-0.290071601316383,0.83051842769989
"CTNNB1;SMAD4",-0.926227288248497,0.882992010196438
"BRAF;SMAD4",-0.358728817801409,0.83051842769989
"MAP2K2;SMAD4",-0.313548655860229,0.83051842769989
"PIK3CA;SMAD4",-0.535594881988081,0.83051842769989
"IGF1R;SMAD4",-0.165221469214336,0.83051842769989
"SMAD4;TAZ",-0.365098317181426,0.83051842769989
"SMAD4;WRN",-0.355369795092676,0.83051842769989
"AKT2;SMAD4",-0.535230480972144,0.83051842769989
"SMAD4;SRC",-0.344836866692618,0.83051842769989
"DNMT3B;SMAD4",-0.534760180416985,0.83051842769989
"APC;SMAD4",-0.31575811589052,0.83051842769989
"ERBB2;SMAD4",-0.358791971316335,0.83051842769989
"SMAD4;YAP1",-0.338181827364486,0.83051842769989
"PTPN11;SMAD4",-0.310759096500265,0.83051842769989
"CHEK1;SMAD4",-1.66838970196568,0.996820526247479
"JAK1;SMAD4",-0.604297781662314,0.83051842769989
"DNMT1;RAF1",-0.565897425321343,0.83051842769989
"CDK6;DNMT1",-0.649186749293004,0.83051842769989
"ATR;DNMT1",-0.728715205732838,0.845959364164109
"DNMT1;MCL1",-0.500792822492709,0.83051842769989
"BCL2;DNMT1",-0.597434237641393,0.83051842769989
"DNMT1;PRMT5",-0.701633313339274,0.840086555454207
"ATM;DNMT1",-0.563737577309914,0.83051842769989
"BCL2L1;DNMT1",-0.449333306902885,0.83051842769989
"DNMT1;KRAS",-0.610982620742612,0.83051842769989
"CDK4;DNMT1",-0.575729734876362,0.83051842769989
"CTNNB1;DNMT1",-0.973192883001984,0.89648646061773
"BRAF;DNMT1",-0.600278363103834,0.83051842769989
"DNMT1;MAP2K2",-0.167796526532335,0.83051842769989
"DNMT1;PIK3CA",-0.37935554290901,0.83051842769989
"DNMT1;IGF1R",-0.41719367966301,0.83051842769989
"DNMT1;TAZ",-0.603546265454487,0.83051842769989
"DNMT1;WRN",-0.59730746483629,0.83051842769989
"AKT2;DNMT1",-0.513685873813085,0.83051842769989
"DNMT1;SRC",-0.607989547621437,0.83051842769989
"DNMT1;DNMT3B",-0.593468815990605,0.83051842769989
"APC;DNMT1",-0.591659686665445,0.83051842769989
"DNMT1;ERBB2",-0.536087231028958,0.83051842769989
"DNMT1;YAP1",-0.623512497769535,0.83051842769989
"DNMT1;PTPN11",-0.591928038888096,0.83051842769989
"CHEK1;DNMT1",-1.45223173162903,0.996820526247479
"DNMT1;JAK1",-0.581545691656547,0.83051842769989
"CDK6;RAF1",-0.736872412735605,0.84789162794394
"ATR;RAF1",-0.804642133290754,0.857781436932022
"MCL1;RAF1",-0.301706453827648,0.83051842769989
"BCL2;RAF1",-0.611585854194569,0.83051842769989
"PRMT5;RAF1",-0.660320829961849,0.83051842769989
"ATM;RAF1",-0.360486672384171,0.83051842769989
"BCL2L1;RAF1",-0.26167708656946,0.83051842769989
"KRAS;RAF1",-0.411101194786562,0.83051842769989
"CDK4;RAF1",-0.298717035335969,0.83051842769989
"CTNNB1;RAF1",-0.989757934644202,0.901706868781534
"BRAF;RAF1",-0.264702457400969,0.83051842769989
"MAP2K2;RAF1",-0.0958047205509325,0.83051842769989
"PIK3CA;RAF1",-0.428761122246957,0.83051842769989
"IGF1R;RAF1",-0.230096346780823,0.83051842769989
"RAF1;TAZ",-0.265148796658185,0.83051842769989
"RAF1;WRN",-0.271547844601294,0.83051842769989
"AKT2;RAF1",-0.482953590098202,0.83051842769989
"RAF1;SRC",-0.288564884590619,0.83051842769989
"DNMT3B;RAF1",-0.509606973137683,0.83051842769989
"APC;RAF1",-0.238778696566304,0.83051842769989
"ERBB2;RAF1",-0.25514527553793,0.83051842769989
"RAF1;YAP1",-0.278857748505297,0.83051842769989
"PTPN11;RAF1",-0.269105965357355,0.83051842769989
"CHEK1;RAF1",-1.77171156543103,0.996820526247479
"JAK1;RAF1",-0.575213846807475,0.83051842769989
"ATR;CDK6",-0.793543734647295,0.856933965766506
"CDK6;MCL1",-0.419554816009783,0.83051842769989
"BCL2;CDK6",-0.744732547433093,0.849833276687779
"CDK6;PRMT5",-0.389494816827684,0.83051842769989
"ATM;CDK6",-0.816369051030494,0.858150763100959
"BCL2L1;CDK6",-0.729867551200913,0.846164859643126
"CDK6;KRAS",-0.814173904727966,0.858150763100959
"CDK4;CDK6",-0.398657822308649,0.83051842769989
"CDK6;CTNNB1",-0.428451251610436,0.83051842769989
"BRAF;CDK6",-0.49589798659627,0.83051842769989
"CDK6;MAP2K2",-0.381530010234972,0.83051842769989
"CDK6;PIK3CA",-0.714621610924413,0.843210671096253
"CDK6;IGF1R",-0.697872249355653,0.83878484384633
"CDK6;TAZ",-0.734347126281857,0.847206672703683
"CDK6;WRN",-0.813238060590274,0.858150763100959
"AKT2;CDK6",-0.78569758861206,0.855597618930893
"CDK6;SRC",-0.796937437635585,0.857223296658322
"CDK6;DNMT3B",-0.678170857709382,0.833859477011685
"APC;CDK6",-0.658103863381816,0.83051842769989
"CDK6;ERBB2",-0.585886465716339,0.83051842769989
"CDK6;YAP1",-0.671148814704886,0.831599557703933
"CDK6;PTPN11",-0.74733843954401,0.850506615113902
"CDK6;CHEK1",-1.09218992644031,0.922624235938895
"CDK6;JAK1",-0.76441885855426,0.853329897622711
"ATR;MCL1",-0.960163035056752,0.891779664957189
"ATR;BCL2",-0.939252393534955,0.886446311735771
"ATR;PRMT5",-0.74155459359483,0.848926746149907
"ATM;ATR",-0.91575317739441,0.879834292106461
"ATR;BCL2L1",-1.1123380379744,0.924309844420724
"ATR;KRAS",-1.0358302877481,0.913394991889077
"ATR;CDK4",-1.12435758422783,0.924916103508183
"ATR;CTNNB1",-0.778618637669112,0.855392982465961
"ATR;BRAF",-1.08498621447674,0.922001026393481
"ATR;MAP2K2",-0.928491401226219,0.883713201342677
"ATR;PIK3CA",-0.608457327856701,0.83051842769989
"ATR;IGF1R",-0.861513285057308,0.864680931476723
"ATR;TAZ",-1.07945049126815,0.921431989741481
"ATR;WRN",-1.05734947514874,0.916518219719851
"AKT2;ATR",-1.04190511904747,0.913419946253691
"ATR;SRC",-0.990616528559189,0.902050066301264
"ATR;DNMT3B",-1.07281623099375,0.919963971753561
"APC;ATR",-1.11512975301795,0.924717238549349
"ATR;ERBB2",-1.00133197232843,0.904649075364505
"ATR;YAP1",-1.02710408591924,0.911081572852605
"ATR;PTPN11",-1.0918394668729,0.922598798007216
"ATR;CHEK1",-0.962774830868466,0.892855866847682
"ATR;JAK1",-0.897848710746904,0.874467899950881
"BCL2;MCL1",-0.606525455444791,0.83051842769989
"MCL1;PRMT5",-0.7939003247978,0.85698353036684
"ATM;MCL1",-0.230132856120261,0.83051842769989
"BCL2L1;MCL1",0.138193060110047,0.83051842769989
"KRAS;MCL1",-0.39545893786072,0.83051842769989
"CDK4;MCL1",-0.161744574089542,0.83051842769989
"CTNNB1;MCL1",-0.930623576311613,0.883973648667152
"BRAF;MCL1",0.0376328222980635,0.83051842769989
"MAP2K2;MCL1",0.145829098473573,0.83051842769989
"MCL1;PIK3CA",-0.42122361561108,0.83051842769989
"IGF1R;MCL1",-0.268848678227247,0.83051842769989
"MCL1;TAZ",-0.181745553203331,0.83051842769989
"MCL1;WRN",-0.325384028847914,0.83051842769989
"AKT2;MCL1",-0.526402922526774,0.83051842769989
"MCL1;SRC",-0.133725628731396,0.83051842769989
"DNMT3B;MCL1",-0.461129105379217,0.83051842769989
"APC;MCL1",-0.213360711652276,0.83051842769989
"ERBB2;MCL1",0.0467253966257732,0.83051842769989
"MCL1;YAP1",-0.273336357468073,0.83051842769989
"MCL1;PTPN11",-0.185938616338593,0.83051842769989
"CHEK1;MCL1",-1.76664533871241,0.996820526247479
"JAK1;MCL1",-0.62253836178008,0.83051842769989
"BCL2;PRMT5",-0.608923737191174,0.83051842769989
"ATM;BCL2",-0.61987434063687,0.83051842769989
"BCL2;BCL2L1",-0.54616278600079,0.83051842769989
"BCL2;KRAS",-0.570102491553286,0.83051842769989
"BCL2;CDK4",-0.567996410662148,0.83051842769989
"BCL2;CTNNB1",-0.891428686796502,0.87276876397307
"BCL2;BRAF",-0.602363162001585,0.83051842769989
"BCL2;MAP2K2",-0.613358250381408,0.83051842769989
"BCL2;PIK3CA",-0.57495537506995,0.83051842769989
"BCL2;IGF1R",-0.493699782904793,0.83051842769989
"BCL2;TAZ",-0.608407739002637,0.83051842769989
"BCL2;WRN",-0.647435350727121,0.83051842769989
"AKT2;BCL2",-0.584011897986618,0.83051842769989
"BCL2;SRC",-0.616412594216165,0.83051842769989
"BCL2;DNMT3B",-0.613060489739708,0.83051842769989
"APC;BCL2",-0.621990882046486,0.83051842769989
"BCL2;ERBB2",-0.65139348736124,0.83051842769989
"BCL2;YAP1",-0.667030673862348,0.83051842769989
"BCL2;PTPN11",-0.650228073056857,0.83051842769989
"BCL2;CHEK1",-1.55415520651701,0.996820526247479
"BCL2;JAK1",-0.66207859198257,0.83051842769989
"ATM;PRMT5",-0.510777111793606,0.83051842769989
"BCL2L1;PRMT5",-0.78582579804437,0.855597618930893
"KRAS;PRMT5",-0.781706927020429,0.855443174457673
"CDK4;PRMT5",-0.740105708317663,0.848751059503364
"CTNNB1;PRMT5",-0.793328556222521,0.856933965766506
"BRAF;PRMT5",-0.846555522733836,0.86167473793251
"MAP2K2;PRMT5",-0.764549103906726,0.853329897622711
"PIK3CA;PRMT5",-0.793717479839354,0.856933965766506
"IGF1R;PRMT5",-0.775279860698776,0.855315764142256
"PRMT5;TAZ",-0.731398028057116,0.84666690925796
"PRMT5;WRN",-0.833328489792107,0.858858049073507
"AKT2;PRMT5",-0.729198931021734,0.845959364164109
"PRMT5;SRC",-0.765144528695389,0.853446458154709
"DNMT3B;PRMT5",-0.72256365425253,0.844628783479741
"APC;PRMT5",-0.840014296210726,0.860483193364511
"ERBB2;PRMT5",-0.76707800427158,0.853610623147136
"PRMT5;YAP1",-0.839416794682431,0.860418450565195
"PRMT5;PTPN11",-0.710422694419693,0.841953357183135
"CHEK1;PRMT5",-1.20242258414889,0.958533864006994
"JAK1;PRMT5",-0.527988764354573,0.83051842769989
"ATM;BCL2L1",-0.27572933005765,0.83051842769989
"ATM;KRAS",-0.350324153557659,0.83051842769989
"ATM;CDK4",-0.38648416458925,0.83051842769989
"ATM;CTNNB1",-0.99855648855091,0.903981450441053
"ATM;BRAF",-0.380833940668892,0.83051842769989
"ATM;MAP2K2",-0.306260966281231,0.83051842769989
"ATM;PIK3CA",-0.516330623856895,0.83051842769989
"ATM;IGF1R",-0.280015001389911,0.83051842769989
"ATM;TAZ",-0.276544198113813,0.83051842769989
"ATM;WRN",-0.262777394829034,0.83051842769989
"AKT2;ATM",-0.356713001547081,0.83051842769989
"ATM;SRC",-0.324594886306436,0.83051842769989
"ATM;DNMT3B",-0.541226972204087,0.83051842769989
"APC;ATM",-0.239925921844965,0.83051842769989
"ATM;ERBB2",-0.364508214439065,0.83051842769989
"ATM;YAP1",-0.37190833945106,0.83051842769989
"ATM;PTPN11",-0.383952432697036,0.83051842769989
"ATM;CHEK1",-1.59428160213567,0.996820526247479
"ATM;JAK1",-0.597333562644458,0.83051842769989
"BCL2L1;KRAS",-0.275683853671823,0.83051842769989
"BCL2L1;CDK4",-0.194078615796944,0.83051842769989
"BCL2L1;CTNNB1",-0.897177498189695,0.874291246168425
"BCL2L1;BRAF",-0.213450674005809,0.83051842769989
"BCL2L1;MAP2K2",0.259370712832821,0.83051842769989
"BCL2L1;PIK3CA",-0.472871153953228,0.83051842769989
"BCL2L1;IGF1R",-0.101778286425605,0.83051842769989
"BCL2L1;TAZ",-0.206992539047951,0.83051842769989
"BCL2L1;WRN",-0.317360587144676,0.83051842769989
"AKT2;BCL2L1",-0.353995569383782,0.83051842769989
"BCL2L1;SRC",-0.130646220696198,0.83051842769989
"BCL2L1;DNMT3B",-0.165808362003829,0.83051842769989
"APC;BCL2L1",-0.083160043664813,0.83051842769989
"BCL2L1;ERBB2",-0.20199873385128,0.83051842769989
"BCL2L1;YAP1",-0.221392086482482,0.83051842769989
"BCL2L1;PTPN11",-0.0670882708799045,0.83051842769989
"BCL2L1;CHEK1",-1.60837648794864,0.996820526247479
"BCL2L1;JAK1",-0.50869538038359,0.83051842769989
"CDK4;KRAS",-0.348562945634645,0.83051842769989
"CTNNB1;KRAS",-0.951261504388901,0.88967026734537
"BRAF;KRAS",-0.435891418459974,0.83051842769989
"KRAS;MAP2K2",-0.239218854739731,0.83051842769989
"KRAS;PIK3CA",-0.350672795884842,0.83051842769989
"IGF1R;KRAS",-0.269554592370514,0.83051842769989
"KRAS;TAZ",-0.369144384219921,0.83051842769989
"KRAS;WRN",-0.412993791528962,0.83051842769989
"AKT2;KRAS",-0.50105562973334,0.83051842769989
"KRAS;SRC",-0.42161326649426,0.83051842769989
"DNMT3B;KRAS",-0.526327384038501,0.83051842769989
"APC;KRAS",-0.431585885131482,0.83051842769989
"ERBB2;KRAS",-0.451146707226632,0.83051842769989
"KRAS;YAP1",-0.443833051828857,0.83051842769989
"KRAS;PTPN11",-0.416681962032159,0.83051842769989
"CHEK1;KRAS",-1.71476017214507,0.996820526247479
"JAK1;KRAS",-0.558840316508018,0.83051842769989
"CDK4;CTNNB1",-0.998693293667291,0.903981450441053
"BRAF;CDK4",-0.0977078746902851,0.83051842769989
"CDK4;MAP2K2",0.00505280367646704,0.83051842769989
"CDK4;PIK3CA",-0.53013321760417,0.83051842769989
"CDK4;IGF1R",-0.247835505935113,0.83051842769989
"CDK4;TAZ",-0.180787596286879,0.83051842769989
"CDK4;WRN",-0.315758475389089,0.83051842769989
"AKT2;CDK4",-0.45810235601507,0.83051842769989
"CDK4;SRC",-0.0653864253115347,0.83051842769989
"CDK4;DNMT3B",-0.495010555669709,0.83051842769989
"APC;CDK4",-0.247132939766232,0.83051842769989
"CDK4;ERBB2",-0.161330231440404,0.83051842769989
"CDK4;YAP1",-0.317478018644205,0.83051842769989
"CDK4;PTPN11",-0.150719706432138,0.83051842769989
"CDK4;CHEK1",-1.77954161342974,0.996820526247479
"CDK4;JAK1",-0.624282413123502,0.83051842769989
"BRAF;CTNNB1",-0.72183667577242,0.844449268748353
"CTNNB1;MAP2K2",-0.853928093591322,0.863447416354116
"CTNNB1;PIK3CA",-0.815757806523692,0.858150763100959
"CTNNB1;IGF1R",-0.890376954486066,0.872442647887631
"CTNNB1;TAZ",-1.0390441958999,0.913419946253691
"CTNNB1;WRN",-0.923060483711456,0.882206247858101
"AKT2;CTNNB1",-1.0105412957568,0.907102445839647
"CTNNB1;SRC",-0.959152369529526,0.891578761489056
"CTNNB1;DNMT3B",-0.989263826722356,0.901524252272762
"APC;CTNNB1",-0.927197020913327,0.88324750421642
"CTNNB1;ERBB2",-1.00497425960873,0.905353110343871
"CTNNB1;YAP1",-1.00639447141681,0.905765099374959
"CTNNB1;PTPN11",-1.03974401341148,0.913419946253691
"CHEK1;CTNNB1",-1.14958643283539,0.936012224647564
"CTNNB1;JAK1",-0.884441892020256,0.870387220411506
"BRAF;MAP2K2",0.106199287240214,0.83051842769989
"BRAF;PIK3CA",-0.56017224692951,0.83051842769989
"BRAF;IGF1R",-0.220848079691228,0.83051842769989
"BRAF;TAZ",-0.197629257685742,0.83051842769989
"BRAF;WRN",-0.321481379236154,0.83051842769989
"AKT2;BRAF",-0.576295826406833,0.83051842769989
"BRAF;SRC",-0.110533268858033,0.83051842769989
"BRAF;DNMT3B",-0.510226251549136,0.83051842769989
"APC;BRAF",-0.189694055184879,0.83051842769989
"BRAF;ERBB2",-0.103599120072854,0.83051842769989
"BRAF;YAP1",-0.310914143074887,0.83051842769989
"BRAF;PTPN11",-0.0544455893127114,0.83051842769989
"BRAF;CHEK1",-1.68046575234274,0.996820526247479
"BRAF;JAK1",-0.605460559695735,0.83051842769989
"MAP2K2;PIK3CA",-0.505470342218001,0.83051842769989
"IGF1R;MAP2K2",0.0635782192652697,0.83051842769989
"MAP2K2;TAZ",-0.0458557251814226,0.83051842769989
"MAP2K2;WRN",-0.154225733031946,0.83051842769989
"AKT2;MAP2K2",-0.572458261912687,0.83051842769989
"MAP2K2;SRC",-0.152385982071743,0.83051842769989
"DNMT3B;MAP2K2",-0.259646581871256,0.83051842769989
"APC;MAP2K2",-0.148829765014988,0.83051842769989
"ERBB2;MAP2K2",0.0219916606296527,0.83051842769989
"MAP2K2;YAP1",-0.0138438555435818,0.83051842769989
"MAP2K2;PTPN11",0.0397194500320968,0.83051842769989
"CHEK1;MAP2K2",-1.5321769677497,0.996820526247479
"JAK1;MAP2K2",-0.508275484035771,0.83051842769989
"IGF1R;PIK3CA",-0.553427695863964,0.83051842769989
"PIK3CA;TAZ",-0.513594003782418,0.83051842769989
"PIK3CA;WRN",-0.53830434518402,0.83051842769989
"AKT2;PIK3CA",-0.386219473638063,0.83051842769989
"PIK3CA;SRC",-0.445977649401201,0.83051842769989
"DNMT3B;PIK3CA",-0.474451768447146,0.83051842769989
"APC;PIK3CA",-0.443175024323587,0.83051842769989
"ERBB2;PIK3CA",-0.336961777947305,0.83051842769989
"PIK3CA;YAP1",-0.492993272801519,0.83051842769989
"PIK3CA;PTPN11",-0.445556819346509,0.83051842769989
"CHEK1;PIK3CA",-1.423023456414,0.996820526247479
"JAK1;PIK3CA",-0.56507428263539,0.83051842769989
"IGF1R;TAZ",-0.281644790244346,0.83051842769989
"IGF1R;WRN",-0.301403647130727,0.83051842769989
"AKT2;IGF1R",-0.337290945941631,0.83051842769989
"IGF1R;SRC",-0.32112682617874,0.83051842769989
"DNMT3B;IGF1R",-0.352075219151363,0.83051842769989
"APC;IGF1R",-0.279019775643513,0.83051842769989
"ERBB2;IGF1R",-0.16180612336973,0.83051842769989
"IGF1R;YAP1",-0.352709435459823,0.83051842769989
"IGF1R;PTPN11",-0.23703337026547,0.83051842769989
"CHEK1;IGF1R",-1.42973357955577,0.996820526247479
"IGF1R;JAK1",-0.479197348965351,0.83051842769989
"TAZ;WRN",-0.306603453602012,0.83051842769989
"AKT2;TAZ",-0.432005971514166,0.83051842769989
"SRC;TAZ",-0.107528014583594,0.83051842769989
"DNMT3B;TAZ",-0.436601475249615,0.83051842769989
"APC;TAZ",-0.145012171470821,0.83051842769989
"ERBB2;TAZ",-0.141925288319793,0.83051842769989
"TAZ;YAP1",-0.291057701808268,0.83051842769989
"PTPN11;TAZ",-0.133578269627622,0.83051842769989
"CHEK1;TAZ",-1.7618247805129,0.996820526247479
"JAK1;TAZ",-0.585871532304724,0.83051842769989
"AKT2;WRN",-0.384931395225117,0.83051842769989
"SRC;WRN",-0.338762016149615,0.83051842769989
"DNMT3B;WRN",-0.508697366002775,0.83051842769989
"APC;WRN",-0.286575929664082,0.83051842769989
"ERBB2;WRN",-0.306943651415779,0.83051842769989
"WRN;YAP1",-0.332378571107418,0.83051842769989
"PTPN11;WRN",-0.32377044018579,0.83051842769989
"CHEK1;WRN",-1.74589795712937,0.996820526247479
"JAK1;WRN",-0.55973511717677,0.83051842769989
"AKT2;SRC",-0.435077992978619,0.83051842769989
"AKT2;DNMT3B",-0.516626024206052,0.83051842769989
"AKT2;APC",-0.447240224416907,0.83051842769989
"AKT2;ERBB2",-0.536011123010282,0.83051842769989
"AKT2;YAP1",-0.485124361653264,0.83051842769989
"AKT2;PTPN11",-0.511060781773636,0.83051842769989
"AKT2;CHEK1",-1.73754022523296,0.996820526247479
"AKT2;JAK1",-0.544646416777384,0.83051842769989
"DNMT3B;SRC",-0.532912385868942,0.83051842769989
"APC;SRC",-0.17351709282861,0.83051842769989
"ERBB2;SRC",-0.0710257880648371,0.83051842769989
"SRC;YAP1",-0.293204214167212,0.83051842769989
"PTPN11;SRC",-0.165519129163599,0.83051842769989
"CHEK1;SRC",-1.65045310399274,0.996820526247479
"JAK1;SRC",-0.604647200061809,0.83051842769989
"APC;DNMT3B",-0.501037709638568,0.83051842769989
"DNMT3B;ERBB2",-0.505259496955358,0.83051842769989
"DNMT3B;YAP1",-0.448746039946789,0.83051842769989
"DNMT3B;PTPN11",-0.544947997778917,0.83051842769989
"CHEK1;DNMT3B",-1.66372333008396,0.996820526247479
"DNMT3B;JAK1",-0.622367351302718,0.83051842769989
"APC;ERBB2",-0.189367983869336,0.83051842769989
"APC;YAP1",-0.324002382297122,0.83051842769989
"APC;PTPN11",-0.190738659887697,0.83051842769989
"APC;CHEK1",-1.70714217888418,0.996820526247479
"APC;JAK1",-0.572453203749068,0.83051842769989
"ERBB2;YAP1",-0.310565839175398,0.83051842769989
"ERBB2;PTPN11",-0.133857780601583,0.83051842769989
"CHEK1;ERBB2",-1.69895179362722,0.996820526247479
"ERBB2;JAK1",-0.555186455141042,0.83051842769989
"PTPN11;YAP1",-0.2631186032989,0.83051842769989
"CHEK1;YAP1",-1.59003632163929,0.996820526247479
"JAK1;YAP1",-0.539972776274606,0.83051842769989
"CHEK1;PTPN11",-1.71058013688707,0.996820526247479
"JAK1;PTPN11",-0.599266114564586,0.83051842769989
"CHEK1;JAK1",-1.5829586038224,0.996820526247479
"AKT1;KIT",-0.329192864628908,0.83051842769989
"BRD4;KIT",-0.355117638317083,0.83051842769989
"KIT;MYC",-1.57276381528542,0.996820526247479
"KIT;MAP2K1",-0.40708901979762,0.83051842769989
"KIT;MAPK1",-0.372430007115804,0.83051842769989
"KIT;WEE1",-0.710264960803869,0.841953357183135
"ARID1A;KIT",-0.399612636713299,0.83051842769989
"KIT;PRMT1",-1.32922691824521,0.992860450564324
"KIT;PARP1",-1.11360941225086,0.924578135499995
"KIT;PORCN",-0.347014793963636,0.83051842769989
"KIT;MDM2",-0.581368225355114,0.83051842769989
"EGFR;KIT",-0.377815056396657,0.83051842769989
"KIT;SMAD4",-0.403907908210318,0.83051842769989
"DNMT1;KIT",-0.616765562976616,0.83051842769989
"KIT;RAF1",-0.337415336333841,0.83051842769989
"CDK6;KIT",-0.667267416709548,0.83051842769989
"ATR;KIT",-0.992182243088573,0.902591929762792
"KIT;MCL1",-0.315964112336393,0.83051842769989
"BCL2;KIT",-0.641250594417585,0.83051842769989
"KIT;PRMT5",-0.826957864544403,0.858367750999105
"ATM;KIT",-0.370631038666209,0.83051842769989
"BCL2L1;KIT",-0.395468098154117,0.83051842769989
"KIT;KRAS",-0.4150307795643,0.83051842769989
"CDK4;KIT",-0.316827347350833,0.83051842769989
"CTNNB1;KIT",-0.987147229080172,0.90086479321912
"BRAF;KIT",-0.358599023860048,0.83051842769989
"KIT;MAP2K2",-0.313159872157102,0.83051842769989
"KIT;PIK3CA",-0.56300249959597,0.83051842769989
"IGF1R;KIT",-0.375251756935851,0.83051842769989
"KIT;TAZ",-0.385181251497104,0.83051842769989
"KIT;WRN",-0.360409252378103,0.83051842769989
"AKT2;KIT",-0.566406591511517,0.83051842769989
"KIT;SRC",-0.379602236691632,0.83051842769989
"DNMT3B;KIT",-0.49510802891109,0.83051842769989
"APC;KIT",-0.386781544180476,0.83051842769989
"ERBB2;KIT",-0.34789391036729,0.83051842769989
"KIT;YAP1",-0.391208863385857,0.83051842769989
"KIT;PTPN11",-0.389716174455786,0.83051842769989
"CHEK1;KIT",-1.59279285311345,0.996820526247479
"JAK1;KIT",-0.507522210916806,0.83051842769989
"AKT1;PPAT",-0.319772449079179,0.83051842769989
"BRD4;PPAT",-0.208162756756156,0.83051842769989
"MYC;PPAT",-1.49642781676119,0.996820526247479
"MAP2K1;PPAT",-0.0100991118472784,0.83051842769989
"MAPK1;PPAT",-0.221505012491434,0.83051842769989
"PPAT;WEE1",-0.601598408772323,0.83051842769989
"ARID1A;PPAT",-0.447571011639813,0.83051842769989
"PPAT;PRMT1",-1.13572291014916,0.929705329523009
"PARP1;PPAT",-1.10238230905048,0.923526990197985
"PORCN;PPAT",-0.341208100094253,0.83051842769989
"MDM2;PPAT",-0.449294886344625,0.83051842769989
"EGFR;PPAT",-0.508799017124291,0.83051842769989
"PPAT;SMAD4",-0.150669140429677,0.83051842769989
"DNMT1;PPAT",-0.613790351448987,0.83051842769989
"PPAT;RAF1",-0.283082499460315,0.83051842769989
"CDK6;PPAT",-0.812054006476859,0.858150763100959
"ATR;PPAT",-0.939224763676711,0.886446311735771
"MCL1;PPAT",-0.105901675931678,0.83051842769989
"BCL2;PPAT",-0.605781859859585,0.83051842769989
"PPAT;PRMT5",-0.708576086122326,0.841828319977118
"ATM;PPAT",-0.3147005907351,0.83051842769989
"BCL2L1;PPAT",-0.324872538777899,0.83051842769989
"KRAS;PPAT",-0.445091999776082,0.83051842769989
"CDK4;PPAT",-0.0524310770136496,0.83051842769989
"CTNNB1;PPAT",-1.00598627616139,0.905634903965611
"BRAF;PPAT",-0.0509283423722213,0.83051842769989
"MAP2K2;PPAT",-0.157978527305684,0.83051842769989
"PIK3CA;PPAT",-0.510713074957771,0.83051842769989
"IGF1R;PPAT",-0.152500078120944,0.83051842769989
"PPAT;TAZ",-0.145460517441353,0.83051842769989
"PPAT;WRN",-0.317699411221801,0.83051842769989
"AKT2;PPAT",-0.575301904743024,0.83051842769989
"PPAT;SRC",-0.0567306720146301,0.83051842769989
"DNMT3B;PPAT",-0.467183868059885,0.83051842769989
"APC;PPAT",-0.223754374214522,0.83051842769989
"ERBB2;PPAT",-0.0613720866709436,0.83051842769989
"PPAT;YAP1",-0.265779041724596,0.83051842769989
"PPAT;PTPN11",-0.0863284228612711,0.83051842769989
"CHEK1;PPAT",-1.59417011463578,0.996820526247479
"JAK1;PPAT",-0.596470423049884,0.83051842769989
"AKT1;AXL",-0.363152473849182,0.83051842769989
"AXL;BRD4",-0.163716733470014,0.83051842769989
"AXL;MYC",-1.45426747429663,0.996820526247479
"AXL;MAP2K1",-0.0861365674155303,0.83051842769989
"AXL;MAPK1",-0.202635757104793,0.83051842769989
"AXL;WEE1",-0.905892704842837,0.876896544891859
"ARID1A;AXL",-0.394026628502454,0.83051842769989
"AXL;PRMT1",-1.22965287097787,0.968065004057538
"AXL;PARP1",-1.0859044700437,0.922001026393481
"AXL;PORCN",-0.32472691712807,0.83051842769989
"AXL;MDM2",-0.535606221425338,0.83051842769989
"AXL;EGFR",-0.499091294422178,0.83051842769989
"AXL;SMAD4",-0.318772146604662,0.83051842769989
"AXL;DNMT1",-0.614354773527216,0.83051842769989
"AXL;RAF1",-0.220988317850522,0.83051842769989
"AXL;CDK6",-0.808574346679658,0.858145437136202
"ATR;AXL",-1.03567310674117,0.913394991889077
"AXL;MCL1",-0.059773921127473,0.83051842769989
"AXL;BCL2",-0.650321758644277,0.83051842769989
"AXL;PRMT5",-0.820758933771964,0.85826452060764
"ATM;AXL",-0.393068941929696,0.83051842769989
"AXL;BCL2L1",-0.27524696596737,0.83051842769989
"AXL;KRAS",-0.382470554664482,0.83051842769989
"AXL;CDK4",-0.120091457247461,0.83051842769989
"AXL;CTNNB1",-1.02325690877547,0.909934052061116
"AXL;BRAF",-0.118704490747536,0.83051842769989
"AXL;MAP2K2",-0.131958324826519,0.83051842769989
"AXL;PIK3CA",-0.490725395285469,0.83051842769989
"AXL;IGF1R",-0.22164018467282,0.83051842769989
"AXL;TAZ",-0.185317910928902,0.83051842769989
"AXL;WRN",-0.342213139659631,0.83051842769989
"AKT2;AXL",-0.530245309431975,0.83051842769989
"AXL;SRC",-0.145706367354279,0.83051842769989
"AXL;DNMT3B",-0.502435899682213,0.83051842769989
"APC;AXL",-0.182421138848849,0.83051842769989
"AXL;ERBB2",-0.134946333253749,0.83051842769989
"AXL;YAP1",-0.323279049799158,0.83051842769989
"AXL;PTPN11",-0.170925107282622,0.83051842769989
"AXL;CHEK1",-1.61494769370447,0.996820526247479
"AXL;JAK1",-0.617432445361007,0.83051842769989
"AKT1;ARF6",-0.321722530826085,0.83051842769989
"ARF6;BRD4",-0.239972732292465,0.83051842769989
"ARF6;MYC",-1.61568897555555,0.996820526247479
"ARF6;MAP2K1",-0.265534257920416,0.83051842769989
"ARF6;MAPK1",-0.238980875886221,0.83051842769989
"ARF6;WEE1",-0.752946226203367,0.851487838160446
"ARF6;ARID1A",-0.465756565732834,0.83051842769989
"ARF6;PRMT1",-1.321489295065,0.9913751029095
"ARF6;PARP1",-1.08015803559255,0.921466202808487
"ARF6;PORCN",-0.355688113061643,0.83051842769989
"ARF6;MDM2",-0.482023521323465,0.83051842769989
"ARF6;EGFR",-0.477932984670232,0.83051842769989
"ARF6;SMAD4",-0.327569134017447,0.83051842769989
"ARF6;DNMT1",-0.594015200414878,0.83051842769989
"ARF6;RAF1",-0.238844888897016,0.83051842769989
"ARF6;CDK6",-0.777479117334078,0.855392982465961
"ARF6;ATR",-1.04270939223617,0.913479938709275
"ARF6;MCL1",-0.248234438472988,0.83051842769989
"ARF6;BCL2",-0.620219204006442,0.83051842769989
"ARF6;PRMT5",-0.710570970806985,0.841953357183135
"ARF6;ATM",-0.302965684578416,0.83051842769989
"ARF6;BCL2L1",-0.197102771692084,0.83051842769989
"ARF6;KRAS",-0.445325191726941,0.83051842769989
"ARF6;CDK4",-0.283705611376142,0.83051842769989
"ARF6;CTNNB1",-1.04736428530014,0.913965240315988
"ARF6;BRAF",-0.203866442630229,0.83051842769989
"ARF6;MAP2K2",-0.0744424614514417,0.83051842769989
"ARF6;PIK3CA",-0.496336544953773,0.83051842769989
"ARF6;IGF1R",-0.338493796062715,0.83051842769989
"ARF6;TAZ",-0.275216835308706,0.83051842769989
"ARF6;WRN",-0.225021914934642,0.83051842769989
"AKT2;ARF6",-0.552581962240298,0.83051842769989
"ARF6;SRC",-0.185809508977644,0.83051842769989
"ARF6;DNMT3B",-0.489542010252015,0.83051842769989
"APC;ARF6",-0.261186435285195,0.83051842769989
"ARF6;ERBB2",-0.269452101992908,0.83051842769989
"ARF6;YAP1",-0.0890117511275258,0.83051842769989
"ARF6;PTPN11",-0.256962710060758,0.83051842769989
"ARF6;CHEK1",-1.52736303760497,0.996820526247479
"ARF6;JAK1",-0.59330186220988,0.83051842769989
"AKT1;MAPK11",-0.344638272118293,0.83051842769989
"BRD4;MAPK11",-0.212837143137542,0.83051842769989
"MAPK11;MYC",-1.62084487347196,0.996820526247479
"MAP2K1;MAPK11",-0.142766854681324,0.83051842769989
"MAPK1;MAPK11",-0.208796026682134,0.83051842769989
"MAPK11;WEE1",-0.952233711604106,0.889777333530342
"ARID1A;MAPK11",-0.442513996217747,0.83051842769989
"MAPK11;PRMT1",-1.30772826653199,0.989219955314631
"MAPK11;PARP1",-1.12437194987839,0.924916103508183
"MAPK11;PORCN",-0.355838493227357,0.83051842769989
"MAPK11;MDM2",-0.509335028318781,0.83051842769989
"EGFR;MAPK11",-0.460864727779315,0.83051842769989
"MAPK11;SMAD4",-0.372435789485558,0.83051842769989
"DNMT1;MAPK11",-0.482635994670013,0.83051842769989
"MAPK11;RAF1",-0.266425524040935,0.83051842769989
"CDK6;MAPK11",-0.800218518745436,0.857292527748453
"ATR;MAPK11",-1.08392984559689,0.922001026393481
"MAPK11;MCL1",-0.187016933453242,0.83051842769989
"BCL2;MAPK11",-0.608080593836389,0.83051842769989
"MAPK11;PRMT5",-0.82033065280533,0.85826452060764
"ATM;MAPK11",-0.36113845100804,0.83051842769989
"BCL2L1;MAPK11",-0.335069067802447,0.83051842769989
"KRAS;MAPK11",-0.393895034870269,0.83051842769989
"CDK4;MAPK11",-0.159116305890543,0.83051842769989
"CTNNB1;MAPK11",-1.00289193567145,0.905019686585057
"BRAF;MAPK11",-0.145076393499354,0.83051842769989
"MAP2K2;MAPK11",-0.139052539497327,0.83051842769989
"MAPK11;PIK3CA",-0.545974142119262,0.83051842769989
"IGF1R;MAPK11",-0.309524607239555,0.83051842769989
"MAPK11;TAZ",-0.165456600046876,0.83051842769989
"MAPK11;WRN",-0.312086477574654,0.83051842769989
"AKT2;MAPK11",-0.56852499886825,0.83051842769989
"MAPK11;SRC",-0.19006252898303,0.83051842769989
"DNMT3B;MAPK11",-0.473979995581699,0.83051842769989
"APC;MAPK11",-0.160029320369529,0.83051842769989
"ERBB2;MAPK11",-0.202744043113856,0.83051842769989
"MAPK11;YAP1",-0.296859541721627,0.83051842769989
"MAPK11;PTPN11",-0.136584103706186,0.83051842769989
"CHEK1;MAPK11",-1.72316693427138,0.996820526247479
"JAK1;MAPK11",-0.583501570267318,0.83051842769989
"AKT1;KDM8",-0.346571479817609,0.83051842769989
"BRD4;KDM8",-0.267323249440082,0.83051842769989
"KDM8;MYC",-1.64889019499174,0.996820526247479
"KDM8;MAP2K1",-0.331530601530298,0.83051842769989
"KDM8;MAPK1",-0.365919070965451,0.83051842769989
"KDM8;WEE1",-0.791707447474945,0.856844608927936
"ARID1A;KDM8",-0.391807105148239,0.83051842769989
"KDM8;PRMT1",-1.36427846896871,0.996820526247479
"KDM8;PARP1",-1.09340580808551,0.92268351704861
"KDM8;PORCN",-0.286169673346835,0.83051842769989
"KDM8;MDM2",-0.52827756939644,0.83051842769989
"EGFR;KDM8",-0.380099682521577,0.83051842769989
"KDM8;SMAD4",-0.327245895654731,0.83051842769989
"DNMT1;KDM8",-0.599807176758117,0.83051842769989
"KDM8;RAF1",-0.354148788968034,0.83051842769989
"CDK6;KDM8",-0.816898167268426,0.858150763100959
"ATR;KDM8",-1.06644617520387,0.918626608251993
"KDM8;MCL1",-0.366740086772714,0.83051842769989
"BCL2;KDM8",-0.600794896012851,0.83051842769989
"KDM8;PRMT5",-0.815172647395554,0.858150763100959
"ATM;KDM8",-0.398474306028406,0.83051842769989
"BCL2L1;KDM8",-0.28114006046618,0.83051842769989
"KDM8;KRAS",-0.419895412168481,0.83051842769989
"CDK4;KDM8",-0.366299210018006,0.83051842769989
"CTNNB1;KDM8",-1.00328731801406,0.905088115333907
"BRAF;KDM8",-0.364514482315023,0.83051842769989
"KDM8;MAP2K2",-0.3267600633086,0.83051842769989
"KDM8;PIK3CA",-0.551213977090386,0.83051842769989
"IGF1R;KDM8",-0.363272052405656,0.83051842769989
"KDM8;TAZ",-0.363210426000934,0.83051842769989
"KDM8;WRN",-0.233516372267123,0.83051842769989
"AKT2;KDM8",-0.519296887303468,0.83051842769989
"KDM8;SRC",-0.341758351807785,0.83051842769989
"DNMT3B;KDM8",-0.477285004591887,0.83051842769989
"APC;KDM8",-0.338772997402636,0.83051842769989
"ERBB2;KDM8",-0.336025356193007,0.83051842769989
"KDM8;YAP1",-0.327227746817028,0.83051842769989
"KDM8;PTPN11",-0.289769082777372,0.83051842769989
"CHEK1;KDM8",-1.76999532923279,0.996820526247479
"JAK1;KDM8",-0.574559167568241,0.83051842769989
"AKT1;NUAK1",-0.329674966548446,0.83051842769989
"BRD4;NUAK1",-0.21932871716722,0.83051842769989
"MYC;NUAK1",-1.58103348847057,0.996820526247479
"MAP2K1;NUAK1",-0.195726987562942,0.83051842769989
"MAPK1;NUAK1",-0.242454056169067,0.83051842769989
"NUAK1;WEE1",-0.701092577780155,0.8398424344488
"ARID1A;NUAK1",-0.418499764212671,0.83051842769989
"NUAK1;PRMT1",-1.30704117946525,0.989146072839989
"NUAK1;PARP1",-1.10349333157627,0.923693465737953
"NUAK1;PORCN",-0.316861848872997,0.83051842769989
"MDM2;NUAK1",-0.55488531490538,0.83051842769989
"EGFR;NUAK1",-0.504728466362428,0.83051842769989
"NUAK1;SMAD4",-0.286520775673313,0.83051842769989
"DNMT1;NUAK1",-0.488702052640741,0.83051842769989
"NUAK1;RAF1",-0.289913917568818,0.83051842769989
"CDK6;NUAK1",-0.66409334323682,0.83051842769989
"ATR;NUAK1",-0.811788215560192,0.858150763100959
"MCL1;NUAK1",-0.338488212898206,0.83051842769989
"BCL2;NUAK1",-0.621443977856394,0.83051842769989
"NUAK1;PRMT5",-0.658663234900614,0.83051842769989
"ATM;NUAK1",-0.371433928196682,0.83051842769989
"BCL2L1;NUAK1",-0.267827901244015,0.83051842769989
"KRAS;NUAK1",-0.459934299437343,0.83051842769989
"CDK4;NUAK1",-0.326870362698298,0.83051842769989
"CTNNB1;NUAK1",-0.861477759776069,0.864680931476723
"BRAF;NUAK1",-0.211954412478648,0.83051842769989
"MAP2K2;NUAK1",-0.274288518990822,0.83051842769989
"NUAK1;PIK3CA",-0.539153264827109,0.83051842769989
"IGF1R;NUAK1",-0.339142481342048,0.83051842769989
"NUAK1;TAZ",-0.262169895159976,0.83051842769989
"NUAK1;WRN",-0.312856995549751,0.83051842769989
"AKT2;NUAK1",-0.55439528174388,0.83051842769989
"NUAK1;SRC",-0.268148143520576,0.83051842769989
"DNMT3B;NUAK1",-0.53248314336721,0.83051842769989
"APC;NUAK1",-0.329419921380083,0.83051842769989
"ERBB2;NUAK1",-0.307455200419199,0.83051842769989
"NUAK1;YAP1",-0.274882827827399,0.83051842769989
"NUAK1;PTPN11",-0.325998478584504,0.83051842769989
"CHEK1;NUAK1",-1.68006917298679,0.996820526247479
"JAK1;NUAK1",-0.572509493855308,0.83051842769989
"AKT1;RIPK1",-0.273166064952821,0.83051842769989
"BRD4;RIPK1",-0.201308979681383,0.83051842769989
"MYC;RIPK1",-1.50707845228728,0.996820526247479
"MAP2K1;RIPK1",-0.278112889247249,0.83051842769989
"MAPK1;RIPK1",-0.258733621932601,0.83051842769989
"RIPK1;WEE1",-0.875038728164554,0.867179936806902
"ARID1A;RIPK1",-0.469178471141751,0.83051842769989
"PRMT1;RIPK1",-1.25929376014894,0.976929979767185
"PARP1;RIPK1",-1.04389156897302,0.913559074086998
"PORCN;RIPK1",-0.277175851905069,0.83051842769989
"MDM2;RIPK1",-0.548973627654813,0.83051842769989
"EGFR;RIPK1",-0.502026637680001,0.83051842769989
"RIPK1;SMAD4",-0.341386658708192,0.83051842769989
"DNMT1;RIPK1",-0.474410596284678,0.83051842769989
"RAF1;RIPK1",-0.217032952855619,0.83051842769989
"CDK6;RIPK1",-0.822243355380302,0.85826452060764
"ATR;RIPK1",-1.01352805615597,0.907878362908625
"MCL1;RIPK1",-0.268612942525365,0.83051842769989
"BCL2;RIPK1",-0.661640509577945,0.83051842769989
"PRMT5;RIPK1",-0.796122461154137,0.857223296658322
"ATM;RIPK1",-0.312755161351019,0.83051842769989
"BCL2L1;RIPK1",-0.33552749145195,0.83051842769989
"KRAS;RIPK1",-0.461858134994486,0.83051842769989
"CDK4;RIPK1",-0.263206062048226,0.83051842769989
"CTNNB1;RIPK1",-0.926747906415848,0.883198396291858
"BRAF;RIPK1",-0.186652913775646,0.83051842769989
"MAP2K2;RIPK1",-0.0847266887356561,0.83051842769989
"PIK3CA;RIPK1",-0.544182239989437,0.83051842769989
"IGF1R;RIPK1",-0.250178435844701,0.83051842769989
"RIPK1;TAZ",-0.183063980494554,0.83051842769989
"RIPK1;WRN",-0.29896655291278,0.83051842769989
"AKT2;RIPK1",-0.561213189477648,0.83051842769989
"RIPK1;SRC",-0.274108314063746,0.83051842769989
"DNMT3B;RIPK1",-0.4555668713328,0.83051842769989
"APC;RIPK1",-0.247174488789553,0.83051842769989
"ERBB2;RIPK1",-0.232332837124924,0.83051842769989
"RIPK1;YAP1",-0.313113998330506,0.83051842769989
"PTPN11;RIPK1",-0.226515551015198,0.83051842769989
"CHEK1;RIPK1",-1.76279741325701,0.996820526247479
"JAK1;RIPK1",-0.499609847061728,0.83051842769989
"AKT1;GSK3A",-0.295162637536258,0.83051842769989
"BRD4;GSK3A",-0.237062427370577,0.83051842769989
"GSK3A;MYC",-1.61163015067751,0.996820526247479
"GSK3A;MAP2K1",-0.195435572615955,0.83051842769989
"GSK3A;MAPK1",-0.243419909831101,0.83051842769989
"GSK3A;WEE1",-0.832115887179694,0.858667905495995
"ARID1A;GSK3A",-0.464160363441555,0.83051842769989
"GSK3A;PRMT1",-1.35431383610696,0.996336125895707
"GSK3A;PARP1",-1.09905656256733,0.923452397685076
"GSK3A;PORCN",-0.341028365461826,0.83051842769989
"GSK3A;MDM2",-0.579157166393312,0.83051842769989
"EGFR;GSK3A",-0.504728307025686,0.83051842769989
"GSK3A;SMAD4",-0.276745476574593,0.83051842769989
"DNMT1;GSK3A",-0.525010364807596,0.83051842769989
"GSK3A;RAF1",-0.275891730089749,0.83051842769989
"CDK6;GSK3A",-0.807255838121356,0.858087473581107
"ATR;GSK3A",-0.934729841314595,0.885225092440995
"GSK3A;MCL1",-0.125317756026102,0.83051842769989
"BCL2;GSK3A",-0.621551027209709,0.83051842769989
"GSK3A;PRMT5",-0.861169946895977,0.864680931476723
"ATM;GSK3A",-0.324512984396738,0.83051842769989
"BCL2L1;GSK3A",-0.191297913777456,0.83051842769989
"GSK3A;KRAS",-0.443321062271502,0.83051842769989
"CDK4;GSK3A",-0.183783988659526,0.83051842769989
"CTNNB1;GSK3A",-0.950179988190299,0.889353735205262
"BRAF;GSK3A",-0.193322717388476,0.83051842769989
"GSK3A;MAP2K2",-0.110338677279046,0.83051842769989
"GSK3A;PIK3CA",-0.544828011861034,0.83051842769989
"GSK3A;IGF1R",-0.327337709811324,0.83051842769989
"GSK3A;TAZ",-0.19967569653593,0.83051842769989
"GSK3A;WRN",-0.332858530060581,0.83051842769989
"AKT2;GSK3A",-0.564247406948528,0.83051842769989
"GSK3A;SRC",-0.200740979094846,0.83051842769989
"DNMT3B;GSK3A",-0.52315314989822,0.83051842769989
"APC;GSK3A",-0.204766470352933,0.83051842769989
"ERBB2;GSK3A",-0.189278813357505,0.83051842769989
"GSK3A;YAP1",-0.279894301999977,0.83051842769989
"GSK3A;PTPN11",-0.186556000611859,0.83051842769989
"CHEK1;GSK3A",-1.71312525427303,0.996820526247479
"GSK3A;JAK1",-0.519423916386468,0.83051842769989
"AKT1;PTTG1",-0.495041966688197,0.83051842769989
"BRD4;PTTG1",-0.334760563561888,0.83051842769989
"MYC;PTTG1",-1.34771700027658,0.995672178184855
"MAP2K1;PTTG1",-0.407897132436535,0.83051842769989
"MAPK1;PTTG1",-0.493883429502444,0.83051842769989
"PTTG1;WEE1",-0.786357974122648,0.855633034625726
"ARID1A;PTTG1",-0.336516825805874,0.83051842769989
"PRMT1;PTTG1",-1.0788900190495,0.921431989741481
"PARP1;PTTG1",-1.08818992052102,0.922001026393481
"PORCN;PTTG1",-0.42807467106723,0.83051842769989
"MDM2;PTTG1",-0.528681351637355,0.83051842769989
"EGFR;PTTG1",-0.490786660786311,0.83051842769989
"PTTG1;SMAD4",-0.508013792740085,0.83051842769989
"DNMT1;PTTG1",-0.434033015363959,0.83051842769989
"PTTG1;RAF1",-0.471566670679714,0.83051842769989
"CDK6;PTTG1",-0.821302999737787,0.85826452060764
"ATR;PTTG1",-0.921055544295703,0.881608789019793
"MCL1;PTTG1",-0.440034514981285,0.83051842769989
"BCL2;PTTG1",-0.665453869494955,0.83051842769989
"PRMT5;PTTG1",-0.699181406576032,0.839122304631993
"ATM;PTTG1",-0.417754278549323,0.83051842769989
"BCL2L1;PTTG1",-0.445689190386993,0.83051842769989
"KRAS;PTTG1",-0.493317133293494,0.83051842769989
"CDK4;PTTG1",-0.463004276152617,0.83051842769989
"CTNNB1;PTTG1",-0.93466345665594,0.885225092440995
"BRAF;PTTG1",-0.484378489075217,0.83051842769989
"MAP2K2;PTTG1",-0.37586932141922,0.83051842769989
"PIK3CA;PTTG1",-0.502984538838046,0.83051842769989
"IGF1R;PTTG1",-0.497512046701046,0.83051842769989
"PTTG1;TAZ",-0.503118550560134,0.83051842769989
"PTTG1;WRN",-0.482081504795638,0.83051842769989
"AKT2;PTTG1",-0.569132850199654,0.83051842769989
"PTTG1;SRC",-0.482129278277255,0.83051842769989
"DNMT3B;PTTG1",-0.457200110386109,0.83051842769989
"APC;PTTG1",-0.335864821794472,0.83051842769989
"ERBB2;PTTG1",-0.473633745037924,0.83051842769989
"PTTG1;YAP1",-0.477490370550749,0.83051842769989
"PTPN11;PTTG1",-0.4790063140505,0.83051842769989
"CHEK1;PTTG1",-1.5270875780718,0.996820526247479
"JAK1;PTTG1",-0.606537851678065,0.83051842769989
"AKT1;PNP",-0.36005483713521,0.83051842769989
"BRD4;PNP",-0.228295816698056,0.83051842769989
"MYC;PNP",-1.53538735129785,0.996820526247479
"MAP2K1;PNP",-0.131607027688246,0.83051842769989
"MAPK1;PNP",-0.237427638417816,0.83051842769989
"PNP;WEE1",-0.832719673985683,0.858667905495995
"ARID1A;PNP",-0.425468699801103,0.83051842769989
"PNP;PRMT1",-1.28842823801129,0.985051469083052
"PARP1;PNP",-1.08988579701838,0.922354322754549
"PNP;PORCN",-0.339113198463132,0.83051842769989
"MDM2;PNP",-0.555148882045584,0.83051842769989
"EGFR;PNP",-0.426154317997149,0.83051842769989
"PNP;SMAD4",-0.282945620487111,0.83051842769989
"DNMT1;PNP",-0.524876679524635,0.83051842769989
"PNP;RAF1",-0.262902191297078,0.83051842769989
"CDK6;PNP",-0.791591331221667,0.856844608927936
"ATR;PNP",-1.11443982394008,0.924717238549349
"MCL1;PNP",-0.0837209164880315,0.83051842769989
"BCL2;PNP",-0.641180546775798,0.83051842769989
"PNP;PRMT5",-0.749168886992906,0.850699071344219
"ATM;PNP",-0.283616843380154,0.83051842769989
"BCL2L1;PNP",-0.311346251935298,0.83051842769989
"KRAS;PNP",-0.32136122200726,0.83051842769989
"CDK4;PNP",-0.135154266269689,0.83051842769989
"CTNNB1;PNP",-0.776463682457936,0.855392982465961
"BRAF;PNP",-0.0761338398878107,0.83051842769989
"MAP2K2;PNP",-0.106871531576174,0.83051842769989
"PIK3CA;PNP",-0.516414253610093,0.83051842769989
"IGF1R;PNP",-0.271788591028758,0.83051842769989
"PNP;TAZ",-0.158951193789798,0.83051842769989
"PNP;WRN",-0.224309868964873,0.83051842769989
"AKT2;PNP",-0.545606914860623,0.83051842769989
"PNP;SRC",-0.170687086330167,0.83051842769989
"DNMT3B;PNP",-0.533994725637931,0.83051842769989
"APC;PNP",-0.233367988092099,0.83051842769989
"ERBB2;PNP",-0.0801848601598858,0.83051842769989
"PNP;YAP1",-0.318735264169148,0.83051842769989
"PNP;PTPN11",-0.121001267269625,0.83051842769989
"CHEK1;PNP",-1.74762382739287,0.996820526247479
"JAK1;PNP",-0.602684323107664,0.83051842769989
"AKT1;SHC1",-0.322412661499725,0.83051842769989
"BRD4;SHC1",-0.261594340141813,0.83051842769989
"MYC;SHC1",-1.63830435399501,0.996820526247479
"MAP2K1;SHC1",0.007544104331179,0.83051842769989
"MAPK1;SHC1",-0.197243014655301,0.83051842769989
"SHC1;WEE1",-0.94213267379335,0.887343877263922
"ARID1A;SHC1",-0.464090376934332,0.83051842769989
"PRMT1;SHC1",-1.28691874283571,0.984812718131683
"PARP1;SHC1",-1.10773789766158,0.923895399117375
"PORCN;SHC1",-0.305571360576088,0.83051842769989
"MDM2;SHC1",-0.548055228027595,0.83051842769989
"EGFR;SHC1",-0.370149718520117,0.83051842769989
"SHC1;SMAD4",-0.348578072271242,0.83051842769989
"DNMT1;SHC1",-0.5508632354314,0.83051842769989
"RAF1;SHC1",-0.236459502233624,0.83051842769989
"CDK6;SHC1",-0.750173443094368,0.850985651896894
"ATR;SHC1",-1.12284024551104,0.924916103508183
"MCL1;SHC1",-0.0289146124655765,0.83051842769989
"BCL2;SHC1",-0.644450183383693,0.83051842769989
"PRMT5;SHC1",-0.85798789335146,0.864190203056916
"ATM;SHC1",-0.356440838647252,0.83051842769989
"BCL2L1;SHC1",-0.326147237477681,0.83051842769989
"KRAS;SHC1",-0.295570515597708,0.83051842769989
"CDK4;SHC1",-0.123337206836842,0.83051842769989
"CTNNB1;SHC1",-0.930798076308553,0.883973648667152
"BRAF;SHC1",0.0238669961681428,0.83051842769989
"MAP2K2;SHC1",-0.100785776831463,0.83051842769989
"PIK3CA;SHC1",-0.538862981668238,0.83051842769989
"IGF1R;SHC1",-0.345786264864081,0.83051842769989
"SHC1;TAZ",-0.174687080790717,0.83051842769989
"SHC1;WRN",-0.252879079947559,0.83051842769989
"AKT2;SHC1",-0.550235916022182,0.83051842769989
"SHC1;SRC",0.0538194175454908,0.83051842769989
"DNMT3B;SHC1",-0.427068438282517,0.83051842769989
"APC;SHC1",-0.242531525510038,0.83051842769989
"ERBB2;SHC1",-0.0915480538452147,0.83051842769989
"SHC1;YAP1",-0.239727866638063,0.83051842769989
"PTPN11;SHC1",-0.0983080595290945,0.83051842769989
"CHEK1;SHC1",-1.7781182317124,0.996820526247479
"JAK1;SHC1",-0.571154931545365,0.83051842769989
"AKT1;MRAS",-0.338447822408117,0.83051842769989
"BRD4;MRAS",-0.187631711395798,0.83051842769989
"MRAS;MYC",-1.5239802179649,0.996820526247479
"MAP2K1;MRAS",-0.12948173503192,0.83051842769989
"MAPK1;MRAS",-0.170962289218083,0.83051842769989
"MRAS;WEE1",-0.78594497523834,0.855597618930893
"ARID1A;MRAS",-0.461838065062545,0.83051842769989
"MRAS;PRMT1",-1.17603868446536,0.947795755974772
"MRAS;PARP1",-1.05471821087515,0.916003267076462
"MRAS;PORCN",-0.331934429429593,0.83051842769989
"MDM2;MRAS",-0.52269261359644,0.83051842769989
"EGFR;MRAS",-0.447062527404072,0.83051842769989
"MRAS;SMAD4",-0.308902556285478,0.83051842769989
"DNMT1;MRAS",-0.52700696288223,0.83051842769989
"MRAS;RAF1",-0.241076807484925,0.83051842769989
"CDK6;MRAS",-0.744700234624944,0.849833276687779
"ATR;MRAS",-1.0883408842245,0.922001026393481
"MCL1;MRAS",-0.121819671983055,0.83051842769989
"BCL2;MRAS",-0.597362746511754,0.83051842769989
"MRAS;PRMT5",-0.811620489990514,0.858150763100959
"ATM;MRAS",-0.318261410917847,0.83051842769989
"BCL2L1;MRAS",-0.240084429628201,0.83051842769989
"KRAS;MRAS",-0.435182724276208,0.83051842769989
"CDK4;MRAS",-0.107582852194636,0.83051842769989
"CTNNB1;MRAS",-1.02933812582795,0.911469307593339
"BRAF;MRAS",-0.090632309036857,0.83051842769989
"MAP2K2;MRAS",-0.00457518687439165,0.83051842769989
"MRAS;PIK3CA",-0.538471009533877,0.83051842769989
"IGF1R;MRAS",-0.317153098708907,0.83051842769989
"MRAS;TAZ",-0.0837165719742224,0.83051842769989
"MRAS;WRN",-0.29422943921454,0.83051842769989
"AKT2;MRAS",-0.50697493676994,0.83051842769989
"MRAS;SRC",-0.111212927945938,0.83051842769989
"DNMT3B;MRAS",-0.541866138967642,0.83051842769989
"APC;MRAS",-0.198079395384674,0.83051842769989
"ERBB2;MRAS",-0.141721978584181,0.83051842769989
"MRAS;YAP1",-0.285330332348803,0.83051842769989
"MRAS;PTPN11",-0.082090179684065,0.83051842769989
"CHEK1;MRAS",-1.77531533075743,0.996820526247479
"JAK1;MRAS",-0.608757067759675,0.83051842769989
"AKT1;KNTC1",-0.273830640601177,0.83051842769989
"BRD4;KNTC1",-0.17443694860866,0.83051842769989
"KNTC1;MYC",-1.3522430944227,0.99627433411809
"KNTC1;MAP2K1",-0.0704457753371192,0.83051842769989
"KNTC1;MAPK1",-0.189483471974118,0.83051842769989
"KNTC1;WEE1",-0.796633652582031,0.857223296658322
"ARID1A;KNTC1",-0.444646270051519,0.83051842769989
"KNTC1;PRMT1",-1.25078375732322,0.974592876995792
"KNTC1;PARP1",-1.09672022259821,0.92317363085918
"KNTC1;PORCN",-0.199891912137107,0.83051842769989
"KNTC1;MDM2",-0.495289288164851,0.83051842769989
"EGFR;KNTC1",-0.486578457610554,0.83051842769989
"KNTC1;SMAD4",-0.345692941519216,0.83051842769989
"DNMT1;KNTC1",-0.592623491010265,0.83051842769989
"KNTC1;RAF1",-0.164568578758417,0.83051842769989
"CDK6;KNTC1",-0.664997394128195,0.83051842769989
"ATR;KNTC1",-0.988669225903516,0.901500841667018
"KNTC1;MCL1",-0.0562107693434635,0.83051842769989
"BCL2;KNTC1",-0.651325392159851,0.83051842769989
"KNTC1;PRMT5",-0.832532114568461,0.858667905495995
"ATM;KNTC1",-0.346588866962867,0.83051842769989
"BCL2L1;KNTC1",-0.237884211615692,0.83051842769989
"KNTC1;KRAS",-0.467522996164478,0.83051842769989
"CDK4;KNTC1",-0.139105875966743,0.83051842769989
"CTNNB1;KNTC1",-1.02539394307565,0.910792550080258
"BRAF;KNTC1",-0.0335528492035969,0.83051842769989
"KNTC1;MAP2K2",-0.0302248007576422,0.83051842769989
"KNTC1;PIK3CA",-0.481735543389532,0.83051842769989
"IGF1R;KNTC1",-0.29717876654099,0.83051842769989
"KNTC1;TAZ",-0.170365015767918,0.83051842769989
"KNTC1;WRN",-0.309955933924427,0.83051842769989
"AKT2;KNTC1",-0.577025214918151,0.83051842769989
"KNTC1;SRC",-0.169283351385601,0.83051842769989
"DNMT3B;KNTC1",-0.435455657392777,0.83051842769989
"APC;KNTC1",-0.175662409272444,0.83051842769989
"ERBB2;KNTC1",-0.125348728985978,0.83051842769989
"KNTC1;YAP1",-0.306526217754906,0.83051842769989
"KNTC1;PTPN11",-0.185719856290245,0.83051842769989
"CHEK1;KNTC1",-1.77337225570509,0.996820526247479
"JAK1;KNTC1",-0.544577125187094,0.83051842769989
"AKT1;PLEC",-0.381362691082054,0.83051842769989
"BRD4;PLEC",-0.201990940287035,0.83051842769989
"MYC;PLEC",-1.63961753409655,0.996820526247479
"MAP2K1;PLEC",-0.109337196290788,0.83051842769989
"MAPK1;PLEC",-0.249193076217379,0.83051842769989
"PLEC;WEE1",-0.915371933779952,0.879697763102081
"ARID1A;PLEC",-0.44348683946763,0.83051842769989
"PLEC;PRMT1",-1.34821026643522,0.995767660157962
"PARP1;PLEC",-1.10585333607173,0.923850009252945
"PLEC;PORCN",-0.32172394351365,0.83051842769989
"MDM2;PLEC",-0.484547586380306,0.83051842769989
"EGFR;PLEC",-0.505341418887195,0.83051842769989
"PLEC;SMAD4",-0.329566584342526,0.83051842769989
"DNMT1;PLEC",-0.526829132729169,0.83051842769989
"PLEC;RAF1",-0.248582259674168,0.83051842769989
"CDK6;PLEC",-0.713969090435118,0.843017087114036
"ATR;PLEC",-1.0910806386443,0.922413808186972
"MCL1;PLEC",-0.046273337103368,0.83051842769989
"BCL2;PLEC",-0.556648841512684,0.83051842769989
"PLEC;PRMT5",-0.820240828182608,0.85826452060764
"ATM;PLEC",-0.256319585058818,0.83051842769989
"BCL2L1;PLEC",-0.262028299826649,0.83051842769989
"KRAS;PLEC",-0.363599711055411,0.83051842769989
"CDK4;PLEC",-0.121285175180725,0.83051842769989
"CTNNB1;PLEC",-1.02289301107925,0.909831728902891
"BRAF;PLEC",0.00273350438549681,0.83051842769989
"MAP2K2;PLEC",-0.101731096539012,0.83051842769989
"PIK3CA;PLEC",-0.518641684509295,0.83051842769989
"IGF1R;PLEC",-0.265727763426405,0.83051842769989
"PLEC;TAZ",-0.0366533856345579,0.83051842769989
"PLEC;WRN",-0.293594865343364,0.83051842769989
"AKT2;PLEC",-0.476827195209242,0.83051842769989
"PLEC;SRC",-0.119656318579764,0.83051842769989
"DNMT3B;PLEC",-0.525146814491834,0.83051842769989
"APC;PLEC",-0.232366144653376,0.83051842769989
"ERBB2;PLEC",-0.0600117899451828,0.83051842769989
"PLEC;YAP1",-0.258483285167217,0.83051842769989
"PLEC;PTPN11",-0.0824524073105373,0.83051842769989
"CHEK1;PLEC",-1.76386484664152,0.996820526247479
"JAK1;PLEC",-0.563640691386351,0.83051842769989
"AKT1;NAA10",-0.487156214615418,0.83051842769989
"BRD4;NAA10",-0.423339860879722,0.83051842769989
"MYC;NAA10",-1.33263610065074,0.993484740941146
"MAP2K1;NAA10",-0.436933792641215,0.83051842769989
"MAPK1;NAA10",-0.361792327420293,0.83051842769989
"NAA10;WEE1",-0.574092609472781,0.83051842769989
"ARID1A;NAA10",-0.228063529137934,0.83051842769989
"NAA10;PRMT1",-1.18334147168934,0.950899497250203
"NAA10;PARP1",-0.998849017771716,0.904002906210257
"NAA10;PORCN",-0.417085007941098,0.83051842769989
"MDM2;NAA10",-0.424221077418643,0.83051842769989
"EGFR;NAA10",-0.499646088221073,0.83051842769989
"NAA10;SMAD4",-0.217120884722461,0.83051842769989
"DNMT1;NAA10",-0.620650394438775,0.83051842769989
"NAA10;RAF1",-0.502761545695294,0.83051842769989
"CDK6;NAA10",-0.69676621763658,0.838519307905746
"ATR;NAA10",-1.07401920412089,0.920259793461289
"MCL1;NAA10",-0.494341257093425,0.83051842769989
"BCL2;NAA10",-0.616179761630834,0.83051842769989
"NAA10;PRMT5",-0.576655282638002,0.83051842769989
"ATM;NAA10",-0.3838274868904,0.83051842769989
"BCL2L1;NAA10",-0.483071851275889,0.83051842769989
"KRAS;NAA10",-0.338714944254595,0.83051842769989
"CDK4;NAA10",-0.455654368113463,0.83051842769989
"CTNNB1;NAA10",-0.90787659516729,0.877475798390277
"BRAF;NAA10",-0.400576293581182,0.83051842769989
"MAP2K2;NAA10",-0.474816874700906,0.83051842769989
"NAA10;PIK3CA",-0.29419407257156,0.83051842769989
"IGF1R;NAA10",-0.20149094181611,0.83051842769989
"NAA10;TAZ",-0.476402405358088,0.83051842769989
"NAA10;WRN",-0.512981957627588,0.83051842769989
"AKT2;NAA10",-0.493273881408866,0.83051842769989
"NAA10;SRC",-0.509651208135709,0.83051842769989
"DNMT3B;NAA10",-0.385865531959984,0.83051842769989
"APC;NAA10",-0.517756928591486,0.83051842769989
"ERBB2;NAA10",-0.506196802138874,0.83051842769989
"NAA10;YAP1",-0.525796939100964,0.83051842769989
"NAA10;PTPN11",-0.358624285211256,0.83051842769989
"CHEK1;NAA10",-1.41437771686404,0.996820526247479
"JAK1;NAA10",-0.207914436732618,0.83051842769989
"AKT1;PRDX3",-0.3695655468056,0.83051842769989
"BRD4;PRDX3",-0.232219135642733,0.83051842769989
"MYC;PRDX3",-1.58702948357845,0.996820526247479
"MAP2K1;PRDX3",-0.0810159738429398,0.83051842769989
"MAPK1;PRDX3",-0.212682633989463,0.83051842769989
"PRDX3;WEE1",-0.780051629745317,0.855392982465961
"ARID1A;PRDX3",-0.442974356139407,0.83051842769989
"PRDX3;PRMT1",-1.21498242947823,0.962862349374238
"PARP1;PRDX3",-1.10653169708022,0.923850009252945
"PORCN;PRDX3",-0.256217417664945,0.83051842769989
"MDM2;PRDX3",-0.521950387739114,0.83051842769989
"EGFR;PRDX3",-0.470251920872432,0.83051842769989
"PRDX3;SMAD4",-0.290935858849323,0.83051842769989
"DNMT1;PRDX3",-0.620542061826641,0.83051842769989
"PRDX3;RAF1",-0.240064021773997,0.83051842769989
"CDK6;PRDX3",-0.71898685426131,0.84410788938019
"ATR;PRDX3",-0.965942054769076,0.894091590514488
"MCL1;PRDX3",-0.153898489782058,0.83051842769989
"BCL2;PRDX3",-0.664817165980083,0.83051842769989
"PRDX3;PRMT5",-0.692023005079299,0.83704328326344
"ATM;PRDX3",-0.361197347307475,0.83051842769989
"BCL2L1;PRDX3",-0.322564402074745,0.83051842769989
"KRAS;PRDX3",-0.421534890747496,0.83051842769989
"CDK4;PRDX3",-0.128598664891659,0.83051842769989
"CTNNB1;PRDX3",-0.976562388710726,0.897502169747716
"BRAF;PRDX3",-0.153266847716234,0.83051842769989
"MAP2K2;PRDX3",-0.168808455616514,0.83051842769989
"PIK3CA;PRDX3",-0.439420194416047,0.83051842769989
"IGF1R;PRDX3",-0.279126102345976,0.83051842769989
"PRDX3;TAZ",-0.197608028124367,0.83051842769989
"PRDX3;WRN",-0.149845018188048,0.83051842769989
"AKT2;PRDX3",-0.492664912876152,0.83051842769989
"PRDX3;SRC",-0.147661418841717,0.83051842769989
"DNMT3B;PRDX3",-0.544026151521928,0.83051842769989
"APC;PRDX3",-0.195126308775686,0.83051842769989
"ERBB2;PRDX3",-0.133077788702203,0.83051842769989
"PRDX3;YAP1",-0.240718643925909,0.83051842769989
"PRDX3;PTPN11",-0.0489813868595071,0.83051842769989
"CHEK1;PRDX3",-1.69218031356047,0.996820526247479
"JAK1;PRDX3",-0.610852401842165,0.83051842769989
"AKT1;SYK",-0.335261407480653,0.83051842769989
"BRD4;SYK",-0.306218879043847,0.83051842769989
"MYC;SYK",-1.6337668897035,0.996820526247479
"MAP2K1;SYK",-0.306112300655756,0.83051842769989
"MAPK1;SYK",-0.323354656281963,0.83051842769989
"SYK;WEE1",-0.831692916524555,0.858667905495995
"ARID1A;SYK",-0.400633990861468,0.83051842769989
"PRMT1;SYK",-1.20869015372648,0.960671564979985
"PARP1;SYK",-1.05696802157905,0.916435879305616
"PORCN;SYK",-0.338794561190647,0.83051842769989
"MDM2;SYK",-0.494036416068412,0.83051842769989
"EGFR;SYK",-0.447090666846655,0.83051842769989
"SMAD4;SYK",-0.344105739610201,0.83051842769989
"DNMT1;SYK",-0.607890321804669,0.83051842769989
"RAF1;SYK",-0.336838417533729,0.83051842769989
"CDK6;SYK",-0.799275047412331,0.857292527748453
"ATR;SYK",-0.952339454066759,0.889777333530342
"MCL1;SYK",-0.356198711554748,0.83051842769989
"BCL2;SYK",-0.650182321112928,0.83051842769989
"PRMT5;SYK",-0.762219676614236,0.853329897622711
"ATM;SYK",-0.388250265179225,0.83051842769989
"BCL2L1;SYK",-0.263030509180185,0.83051842769989
"KRAS;SYK",-0.423434121887017,0.83051842769989
"CDK4;SYK",-0.243226944734636,0.83051842769989
"CTNNB1;SYK",-1.0410565081307,0.913419946253691
"BRAF;SYK",-0.222095499169911,0.83051842769989
"MAP2K2;SYK",-0.336079651722821,0.83051842769989
"PIK3CA;SYK",-0.504064606282483,0.83051842769989
"IGF1R;SYK",-0.27830963226536,0.83051842769989
"SYK;TAZ",-0.248875309299107,0.83051842769989
"SYK;WRN",-0.256883710290376,0.83051842769989
"AKT2;SYK",-0.509804134996355,0.83051842769989
"SRC;SYK",-0.301181102123599,0.83051842769989
"DNMT3B;SYK",-0.46021152749756,0.83051842769989
"APC;SYK",-0.350682587055317,0.83051842769989
"ERBB2;SYK",-0.323246953012458,0.83051842769989
"SYK;YAP1",-0.311414385406441,0.83051842769989
"PTPN11;SYK",-0.141264786860766,0.83051842769989
"CHEK1;SYK",-1.78711170711704,0.996820526247479
"JAK1;SYK",-0.616069594745086,0.83051842769989
"AKT1;CDK8",-0.342601764942761,0.83051842769989
"BRD4;CDK8",-0.218152648514823,0.83051842769989
"CDK8;MYC",-1.62993251305424,0.996820526247479
"CDK8;MAP2K1",-0.079490127224542,0.83051842769989
"CDK8;MAPK1",-0.220690507641856,0.83051842769989
"CDK8;WEE1",-0.600586204586591,0.83051842769989
"ARID1A;CDK8",-0.347117390825395,0.83051842769989
"CDK8;PRMT1",-1.36521676148404,0.996820526247479
"CDK8;PARP1",-1.10818389010062,0.923895399117375
"CDK8;PORCN",-0.33633426701199,0.83051842769989
"CDK8;MDM2",-0.550481795004202,0.83051842769989
"CDK8;EGFR",-0.51547605137583,0.83051842769989
"CDK8;SMAD4",-0.340638539904902,0.83051842769989
"CDK8;DNMT1",-0.62552475279363,0.83051842769989
"CDK8;RAF1",-0.259072022120133,0.83051842769989
"CDK6;CDK8",-0.741601089390778,0.848926746149907
"ATR;CDK8",-1.0281887960021,0.911251543949215
"CDK8;MCL1",-0.0511799112476588,0.83051842769989
"BCL2;CDK8",-0.620821296318908,0.83051842769989
"CDK8;PRMT5",-0.856318866710263,0.863920036674972
"ATM;CDK8",-0.367905349438053,0.83051842769989
"BCL2L1;CDK8",-0.283112515629739,0.83051842769989
"CDK8;KRAS",-0.459854233037136,0.83051842769989
"CDK4;CDK8",-0.126527138808206,0.83051842769989
"CDK8;CTNNB1",-1.03859700925813,0.913419946253691
"BRAF;CDK8",0.0122760365291373,0.83051842769989
"CDK8;MAP2K2",-0.133289507977642,0.83051842769989
"CDK8;PIK3CA",-0.483534600283512,0.83051842769989
"CDK8;IGF1R",-0.319204044640016,0.83051842769989
"CDK8;TAZ",-0.168174019845877,0.83051842769989
"CDK8;WRN",-0.310220866076409,0.83051842769989
"AKT2;CDK8",-0.517048961761886,0.83051842769989
"CDK8;SRC",-0.0797431092520621,0.83051842769989
"CDK8;DNMT3B",-0.546862539528126,0.83051842769989
"APC;CDK8",-0.121453246936053,0.83051842769989
"CDK8;ERBB2",-0.0636226430942542,0.83051842769989
"CDK8;YAP1",-0.221613621442791,0.83051842769989
"CDK8;PTPN11",-0.136810230123904,0.83051842769989
"CDK8;CHEK1",-1.78143458711961,0.996820526247479
"CDK8;JAK1",-0.607194659298734,0.83051842769989
"AKT1;CDK7",-0.591395790970294,0.83051842769989
"BRD4;CDK7",-0.467361822953663,0.83051842769989
"CDK7;MYC",-1.28226126000687,0.983565297642178
"CDK7;MAP2K1",-0.526070407458434,0.83051842769989
"CDK7;MAPK1",-0.428908050737522,0.83051842769989
"CDK7;WEE1",-0.652697085107109,0.83051842769989
"ARID1A;CDK7",-0.412663743288982,0.83051842769989
"CDK7;PRMT1",-1.10170922350081,0.923452397685076
"CDK7;PARP1",-0.956427375940161,0.890562590257395
"CDK7;PORCN",-0.474314115375437,0.83051842769989
"CDK7;MDM2",-0.429393524665218,0.83051842769989
"CDK7;EGFR",-0.58332748494106,0.83051842769989
"CDK7;SMAD4",-0.487974023832987,0.83051842769989
"CDK7;DNMT1",-0.543433944365025,0.83051842769989
"CDK7;RAF1",-0.459782813787874,0.83051842769989
"CDK6;CDK7",-0.767408953693785,0.853610623147136
"ATR;CDK7",-0.783527586833302,0.855443174457673
"CDK7;MCL1",-0.58102976093064,0.83051842769989
"BCL2;CDK7",-0.502636617109871,0.83051842769989
"CDK7;PRMT5",-0.567471782104823,0.83051842769989
"ATM;CDK7",-0.492313317746329,0.83051842769989
"BCL2L1;CDK7",-0.362970952863749,0.83051842769989
"CDK7;KRAS",-0.440981208753862,0.83051842769989
"CDK4;CDK7",-0.580162073770377,0.83051842769989
"CDK7;CTNNB1",-0.94143342090948,0.887254851205568
"BRAF;CDK7",-0.534512695287736,0.83051842769989
"CDK7;MAP2K2",-0.466850854395149,0.83051842769989
"CDK7;PIK3CA",-0.485413766844525,0.83051842769989
"CDK7;IGF1R",-0.344367788184043,0.83051842769989
"CDK7;TAZ",-0.52104031121838,0.83051842769989
"CDK7;WRN",-0.575846413223876,0.83051842769989
"AKT2;CDK7",-0.539865141159009,0.83051842769989
"CDK7;SRC",-0.524870223637351,0.83051842769989
"CDK7;DNMT3B",-0.578300653203107,0.83051842769989
"APC;CDK7",-0.495351132798352,0.83051842769989
"CDK7;ERBB2",-0.497870501580147,0.83051842769989
"CDK7;YAP1",-0.509756997606904,0.83051842769989
"CDK7;PTPN11",-0.579652830450345,0.83051842769989
"CDK7;CHEK1",-1.52791741801248,0.996820526247479
"CDK7;JAK1",-0.573074240228838,0.83051842769989
"ABL2;AKT1",-0.308264916321765,0.83051842769989
"ABL2;BRD4",-0.244626774439536,0.83051842769989
"ABL2;MYC",-1.64394112694579,0.996820526247479
"ABL2;MAP2K1",-0.250172559098698,0.83051842769989
"ABL2;MAPK1",-0.347020123741183,0.83051842769989
"ABL2;WEE1",-0.927195309230456,0.88324750421642
"ABL2;ARID1A",-0.479944636584863,0.83051842769989
"ABL2;PRMT1",-1.20853656732812,0.960656901384736
"ABL2;PARP1",-1.04720972427867,0.913965240315988
"ABL2;PORCN",-0.350213532831261,0.83051842769989
"ABL2;MDM2",-0.579751829646632,0.83051842769989
"ABL2;EGFR",-0.431657917440497,0.83051842769989
"ABL2;SMAD4",-0.357811830968893,0.83051842769989
"ABL2;DNMT1",-0.506614011313344,0.83051842769989
"ABL2;RAF1",-0.33931632439843,0.83051842769989
"ABL2;CDK6",-0.682213602742766,0.834711561938804
"ABL2;ATR",-1.03684054347343,0.913419946253691
"ABL2;MCL1",-0.279185363448882,0.83051842769989
"ABL2;BCL2",-0.596686695483067,0.83051842769989
"ABL2;PRMT5",-0.812728376119095,0.858150763100959
"ABL2;ATM",-0.380877283465697,0.83051842769989
"ABL2;BCL2L1",-0.353042333506425,0.83051842769989
"ABL2;KRAS",-0.408755299171979,0.83051842769989
"ABL2;CDK4",-0.268231102530135,0.83051842769989
"ABL2;CTNNB1",-0.968382364547082,0.895159364711818
"ABL2;BRAF",-0.332044548300064,0.83051842769989
"ABL2;MAP2K2",-0.285408289562155,0.83051842769989
"ABL2;PIK3CA",-0.492082930000751,0.83051842769989
"ABL2;IGF1R",-0.353246561925042,0.83051842769989
"ABL2;TAZ",-0.338348438476475,0.83051842769989
"ABL2;WRN",-0.331643737816958,0.83051842769989
"ABL2;AKT2",-0.511437924868454,0.83051842769989
"ABL2;SRC",-0.303650862879693,0.83051842769989
"ABL2;DNMT3B",-0.487116772877653,0.83051842769989
"ABL2;APC",-0.332093582377598,0.83051842769989
"ABL2;ERBB2",-0.344199125923242,0.83051842769989
"ABL2;YAP1",-0.283427360607267,0.83051842769989
"ABL2;PTPN11",-0.310362618537079,0.83051842769989
"ABL2;CHEK1",-1.78305484546765,0.996820526247479
"ABL2;JAK1",-0.610286302543319,0.83051842769989
"AKT1;CUL3",-0.427701502738974,0.83051842769989
"BRD4;CUL3",-0.318951276111393,0.83051842769989
"CUL3;MYC",-1.64464736572149,0.996820526247479
"CUL3;MAP2K1",-0.395076888125672,0.83051842769989
"CUL3;MAPK1",-0.371836693224462,0.83051842769989
"CUL3;WEE1",-0.522391252948504,0.83051842769989
"ARID1A;CUL3",-0.301653435224286,0.83051842769989
"CUL3;PRMT1",-1.01881065186671,0.90935463268898
"CUL3;PARP1",-1.007265289596,0.906057246811882
"CUL3;PORCN",-0.366197345646104,0.83051842769989
"CUL3;MDM2",-0.441115068656833,0.83051842769989
"CUL3;EGFR",-0.461035746040498,0.83051842769989
"CUL3;SMAD4",-0.240371536986383,0.83051842769989
"CUL3;DNMT1",-0.549985467479672,0.83051842769989
"CUL3;RAF1",-0.417723405674519,0.83051842769989
"CDK6;CUL3",-0.718784531455801,0.84410788938019
"ATR;CUL3",-0.882960867722085,0.86999732010994
"CUL3;MCL1",-0.412757604682981,0.83051842769989
"BCL2;CUL3",-0.616256646063294,0.83051842769989
"CUL3;PRMT5",-0.709580525596672,0.841953357183135
"ATM;CUL3",-0.435292874178519,0.83051842769989
"BCL2L1;CUL3",-0.333479595509945,0.83051842769989
"CUL3;KRAS",-0.255379001617106,0.83051842769989
"CDK4;CUL3",-0.329262735179916,0.83051842769989
"CTNNB1;CUL3",-1.04486761887941,0.913701590084969
"BRAF;CUL3",-0.325381538228735,0.83051842769989
"CUL3;MAP2K2",-0.412740091777778,0.83051842769989
"CUL3;PIK3CA",-0.48902804378151,0.83051842769989
"CUL3;IGF1R",-0.326214118932891,0.83051842769989
"CUL3;TAZ",-0.40490328873513,0.83051842769989
"CUL3;WRN",-0.289880499287413,0.83051842769989
"AKT2;CUL3",-0.479543865577373,0.83051842769989
"CUL3;SRC",-0.33533723004046,0.83051842769989
"CUL3;DNMT3B",-0.435462091728742,0.83051842769989
"APC;CUL3",-0.377501755184776,0.83051842769989
"CUL3;ERBB2",-0.354670502026742,0.83051842769989
"CUL3;YAP1",-0.376301999240884,0.83051842769989
"CUL3;PTPN11",-0.318294272315201,0.83051842769989
"CHEK1;CUL3",-1.47831086402912,0.996820526247479
"CUL3;JAK1",-0.434759663000101,0.83051842769989
"AKT1;SGK3",-0.364666262540561,0.83051842769989
"BRD4;SGK3",-0.124447420610037,0.83051842769989
"MYC;SGK3",-1.54821366931287,0.996820526247479
"MAP2K1;SGK3",-0.196949824551948,0.83051842769989
"MAPK1;SGK3",-0.243001431293616,0.83051842769989
"SGK3;WEE1",-0.801053191811111,0.857362647156259
"ARID1A;SGK3",-0.435601827306383,0.83051842769989
"PRMT1;SGK3",-1.33801034241976,0.994515863842088
"PARP1;SGK3",-1.0789067418618,0.921431989741481
"PORCN;SGK3",-0.165169421070675,0.83051842769989
"MDM2;SGK3",-0.559581682743404,0.83051842769989
"EGFR;SGK3",-0.470826438604205,0.83051842769989
"SGK3;SMAD4",-0.303490227833783,0.83051842769989
"DNMT1;SGK3",-0.593204416519542,0.83051842769989
"RAF1;SGK3",-0.233154683687792,0.83051842769989
"CDK6;SGK3",-0.816288076055043,0.858150763100959
"ATR;SGK3",-1.05590407348147,0.916105491692665
"MCL1;SGK3",-0.168517589034328,0.83051842769989
"BCL2;SGK3",-0.666750185367708,0.83051842769989
"PRMT5;SGK3",-0.801880580041001,0.857445669988327
"ATM;SGK3",-0.367763492103478,0.83051842769989
"BCL2L1;SGK3",-0.281271758321338,0.83051842769989
"KRAS;SGK3",-0.344539906031127,0.83051842769989
"CDK4;SGK3",-0.129987498656575,0.83051842769989
"CTNNB1;SGK3",-0.889582411216899,0.872180403257427
"BRAF;SGK3",-0.0492154810422712,0.83051842769989
"MAP2K2;SGK3",-0.084366215105666,0.83051842769989
"PIK3CA;SGK3",-0.422565694975573,0.83051842769989
"IGF1R;SGK3",-0.345726748585588,0.83051842769989
"SGK3;TAZ",-0.184004200794964,0.83051842769989
"SGK3;WRN",-0.203520537534598,0.83051842769989
"AKT2;SGK3",-0.526654584430494,0.83051842769989
"SGK3;SRC",-0.169736707434611,0.83051842769989
"DNMT3B;SGK3",-0.456833848417106,0.83051842769989
"APC;SGK3",-0.253032484267674,0.83051842769989
"ERBB2;SGK3",-0.193229024401042,0.83051842769989
"SGK3;YAP1",-0.312447095532638,0.83051842769989
"PTPN11;SGK3",-0.192815513295544,0.83051842769989
"CHEK1;SGK3",-1.76973840376323,0.996820526247479
"JAK1;SGK3",-0.510928194805229,0.83051842769989
"AKT1;ANLN",-0.363171621084478,0.83051842769989
"ANLN;BRD4",-0.234743519672103,0.83051842769989
"ANLN;MYC",-1.6121834019708,0.996820526247479
"ANLN;MAP2K1",-0.171523092994156,0.83051842769989
"ANLN;MAPK1",-0.136255970680191,0.83051842769989
"ANLN;WEE1",-0.689994945983419,0.836614459316848
"ANLN;ARID1A",-0.405878585029,0.83051842769989
"ANLN;PRMT1",-1.34144768434241,0.994803001460787
"ANLN;PARP1",-1.08039963408564,0.921466202808487
"ANLN;PORCN",-0.284352086878473,0.83051842769989
"ANLN;MDM2",-0.565242315417105,0.83051842769989
"ANLN;EGFR",-0.47792251905489,0.83051842769989
"ANLN;SMAD4",-0.315330736934703,0.83051842769989
"ANLN;DNMT1",-0.482467458790795,0.83051842769989
"ANLN;RAF1",-0.27688588890544,0.83051842769989
"ANLN;CDK6",-0.756918739564742,0.85252229265319
"ANLN;ATR",-1.07922707946404,0.921431989741481
"ANLN;MCL1",-0.231905431655031,0.83051842769989
"ANLN;BCL2",-0.440678537226623,0.83051842769989
"ANLN;PRMT5",-0.858030354996296,0.864190203056916
"ANLN;ATM",-0.393797969120635,0.83051842769989
"ANLN;BCL2L1",-0.273273094785666,0.83051842769989
"ANLN;KRAS",-0.461301713380602,0.83051842769989
"ANLN;CDK4",-0.193420606276741,0.83051842769989
"ANLN;CTNNB1",-0.976239924201494,0.897406195314785
"ANLN;BRAF",-0.0822263750857096,0.83051842769989
"ANLN;MAP2K2",-0.219738837461064,0.83051842769989
"ANLN;PIK3CA",-0.500731017258857,0.83051842769989
"ANLN;IGF1R",-0.303512344303197,0.83051842769989
"ANLN;TAZ",-0.232832767538835,0.83051842769989
"ANLN;WRN",-0.296692896124974,0.83051842769989
"AKT2;ANLN",-0.382579483724146,0.83051842769989
"ANLN;SRC",-0.149606377274593,0.83051842769989
"ANLN;DNMT3B",-0.527846318336694,0.83051842769989
"ANLN;APC",-0.250858980894055,0.83051842769989
"ANLN;ERBB2",-0.213152355533883,0.83051842769989
"ANLN;YAP1",-0.279408523815788,0.83051842769989
"ANLN;PTPN11",-0.17149342931235,0.83051842769989
"ANLN;CHEK1",-1.76548845846362,0.996820526247479
"ANLN;JAK1",-0.583591692263776,0.83051842769989
"AKT1;MERTK",-0.378989981028494,0.83051842769989
"BRD4;MERTK",-0.26142525950424,0.83051842769989
"MERTK;MYC",-1.62189749207669,0.996820526247479
"MAP2K1;MERTK",-0.173208720662383,0.83051842769989
"MAPK1;MERTK",-0.182389027773726,0.83051842769989
"MERTK;WEE1",-0.951964190791305,0.889777333530342
"ARID1A;MERTK",-0.439208650524158,0.83051842769989
"MERTK;PRMT1",-1.36432785219755,0.996820526247479
"MERTK;PARP1",-1.06904731952962,0.91931536589972
"MERTK;PORCN",-0.228178443288767,0.83051842769989
"MDM2;MERTK",-0.596249140750247,0.83051842769989
"EGFR;MERTK",-0.518545752191642,0.83051842769989
"MERTK;SMAD4",-0.372399105249561,0.83051842769989
"DNMT1;MERTK",-0.464972935974434,0.83051842769989
"MERTK;RAF1",-0.24755779917797,0.83051842769989
"CDK6;MERTK",-0.822695843950338,0.85826452060764
"ATR;MERTK",-1.08634491412367,0.922001026393481
"MCL1;MERTK",-0.17954569294809,0.83051842769989
"BCL2;MERTK",-0.60845608863665,0.83051842769989
"MERTK;PRMT5",-0.821026687532824,0.85826452060764
"ATM;MERTK",-0.264659691740819,0.83051842769989
"BCL2L1;MERTK",-0.280398596580128,0.83051842769989
"KRAS;MERTK",-0.427997296260028,0.83051842769989
"CDK4;MERTK",-0.21119338444195,0.83051842769989
"CTNNB1;MERTK",-0.9404203101128,0.886808853938425
"BRAF;MERTK",-0.228296106709023,0.83051842769989
"MAP2K2;MERTK",-0.209107581984525,0.83051842769989
"MERTK;PIK3CA",-0.518609693298077,0.83051842769989
"IGF1R;MERTK",-0.244449927053037,0.83051842769989
"MERTK;TAZ",-0.204148901589151,0.83051842769989
"MERTK;WRN",-0.310145989100345,0.83051842769989
"AKT2;MERTK",-0.548830537904628,0.83051842769989
"MERTK;SRC",-0.154189761676584,0.83051842769989
"DNMT3B;MERTK",-0.527180291994512,0.83051842769989
"APC;MERTK",-0.217896093081578,0.83051842769989
"ERBB2;MERTK",-0.164679466020474,0.83051842769989
"MERTK;YAP1",-0.315193687188921,0.83051842769989
"MERTK;PTPN11",-0.219531549211845,0.83051842769989
"CHEK1;MERTK",-1.54023208623634,0.996820526247479
"JAK1;MERTK",-0.554197041302523,0.83051842769989
"AKT1;MRGBP",-0.378623180279591,0.83051842769989
"BRD4;MRGBP",-0.070361764605153,0.83051842769989
"MRGBP;MYC",-1.36394326096073,0.996820526247479
"MAP2K1;MRGBP",-0.153982681476318,0.83051842769989
"MAPK1;MRGBP",-0.0879094735056438,0.83051842769989
"MRGBP;WEE1",-0.9343492389157,0.885162087368741
"ARID1A;MRGBP",-0.402164743143584,0.83051842769989
"MRGBP;PRMT1",-1.31626203635775,0.990443172234922
"MRGBP;PARP1",-0.987223442931667,0.90086479321912
"MRGBP;PORCN",-0.308511530890728,0.83051842769989
"MDM2;MRGBP",-0.58379748104196,0.83051842769989
"EGFR;MRGBP",-0.440488267265633,0.83051842769989
"MRGBP;SMAD4",-0.343959199540128,0.83051842769989
"DNMT1;MRGBP",-0.545363891964405,0.83051842769989
"MRGBP;RAF1",-0.111870281769612,0.83051842769989
"CDK6;MRGBP",-0.743722916325361,0.849488206331302
"ATR;MRGBP",-0.878862836167966,0.868561636019687
"MCL1;MRGBP",-0.144404410583103,0.83051842769989
"BCL2;MRGBP",-0.646941296490604,0.83051842769989
"MRGBP;PRMT5",-0.86188773027403,0.864680931476723
"ATM;MRGBP",-0.272282254544299,0.83051842769989
"BCL2L1;MRGBP",-0.289769963346573,0.83051842769989
"KRAS;MRGBP",-0.40071842419916,0.83051842769989
"CDK4;MRGBP",-0.134655185772794,0.83051842769989
"CTNNB1;MRGBP",-0.881433341624634,0.869468905271914
"BRAF;MRGBP",-0.15058912461312,0.83051842769989
"MAP2K2;MRGBP",-0.156366696355267,0.83051842769989
"MRGBP;PIK3CA",-0.539117526882246,0.83051842769989
"IGF1R;MRGBP",-0.325635113822131,0.83051842769989
"MRGBP;TAZ",-0.0374118670627772,0.83051842769989
"MRGBP;WRN",-0.343151504324596,0.83051842769989
"AKT2;MRGBP",-0.513534933127767,0.83051842769989
"MRGBP;SRC",-0.176174125112488,0.83051842769989
"DNMT3B;MRGBP",-0.51281602353219,0.83051842769989
"APC;MRGBP",-0.121660429543547,0.83051842769989
"ERBB2;MRGBP",-0.101829734365314,0.83051842769989
"MRGBP;YAP1",-0.241152894445541,0.83051842769989
"MRGBP;PTPN11",-0.18012376065785,0.83051842769989
"CHEK1;MRGBP",-1.60228478053013,0.996820526247479
"JAK1;MRGBP",-0.582135551940342,0.83051842769989
"AKT1;PPM1G",-0.355192050383692,0.83051842769989
"BRD4;PPM1G",-0.345700532865762,0.83051842769989
"MYC;PPM1G",-1.36919434679159,0.996820526247479
"MAP2K1;PPM1G",-0.254723383619371,0.83051842769989
"MAPK1;PPM1G",-0.351284373079505,0.83051842769989
"PPM1G;WEE1",-0.921702717974457,0.881912913461404
"ARID1A;PPM1G",-0.420965064633238,0.83051842769989
"PPM1G;PRMT1",-1.39106103738257,0.996820526247479
"PARP1;PPM1G",-1.04518568113995,0.913701590084969
"PORCN;PPM1G",-0.357747765462687,0.83051842769989
"MDM2;PPM1G",-0.52776881162277,0.83051842769989
"EGFR;PPM1G",-0.491115026088949,0.83051842769989
"PPM1G;SMAD4",-0.319082502092651,0.83051842769989
"DNMT1;PPM1G",-0.434023523590659,0.83051842769989
"PPM1G;RAF1",-0.358326823493379,0.83051842769989
"CDK6;PPM1G",-0.786990447234816,0.855693347470678
"ATR;PPM1G",-0.975176333396358,0.8970624741642
"MCL1;PPM1G",-0.338836810412591,0.83051842769989
"BCL2;PPM1G",-0.625531393438965,0.83051842769989
"PPM1G;PRMT5",-0.814614103672302,0.858150763100959
"ATM;PPM1G",-0.388576090589343,0.83051842769989
"BCL2L1;PPM1G",-0.292402958606461,0.83051842769989
"KRAS;PPM1G",-0.459066749193298,0.83051842769989
"CDK4;PPM1G",-0.314169120787912,0.83051842769989
"CTNNB1;PPM1G",-0.938706461718159,0.886446311735771
"BRAF;PPM1G",-0.350745919746902,0.83051842769989
"MAP2K2;PPM1G",-0.275740384368754,0.83051842769989
"PIK3CA;PPM1G",-0.475804367485766,0.83051842769989
"IGF1R;PPM1G",-0.327890053199795,0.83051842769989
"PPM1G;TAZ",-0.283964791842534,0.83051842769989
"PPM1G;WRN",-0.349002404143288,0.83051842769989
"AKT2;PPM1G",-0.576850635522634,0.83051842769989
"PPM1G;SRC",-0.291512209125915,0.83051842769989
"DNMT3B;PPM1G",-0.435967828362585,0.83051842769989
"APC;PPM1G",-0.278359271203014,0.83051842769989
"ERBB2;PPM1G",-0.329657074833683,0.83051842769989
"PPM1G;YAP1",-0.368042565685943,0.83051842769989
"PPM1G;PTPN11",-0.261270730477293,0.83051842769989
"CHEK1;PPM1G",-1.7237338491713,0.996820526247479
"JAK1;PPM1G",-0.613716478929866,0.83051842769989
"AKT1;NOTCH4",-0.366900607834718,0.83051842769989
"BRD4;NOTCH4",-0.222648101545331,0.83051842769989
"MYC;NOTCH4",-1.62751653079334,0.996820526247479
"MAP2K1;NOTCH4",-0.263344267281892,0.83051842769989
"MAPK1;NOTCH4",-0.220985507818178,0.83051842769989
"NOTCH4;WEE1",-0.803768064313663,0.857723760949488
"ARID1A;NOTCH4",-0.47055943732913,0.83051842769989
"NOTCH4;PRMT1",-1.30811234237327,0.98924304876675
"NOTCH4;PARP1",-1.08746627652341,0.922001026393481
"NOTCH4;PORCN",-0.313343839286775,0.83051842769989
"MDM2;NOTCH4",-0.543082282672623,0.83051842769989
"EGFR;NOTCH4",-0.384237580222989,0.83051842769989
"NOTCH4;SMAD4",-0.346207622028968,0.83051842769989
"DNMT1;NOTCH4",-0.539320171199767,0.83051842769989
"NOTCH4;RAF1",-0.257786279762651,0.83051842769989
"CDK6;NOTCH4",-0.817019663890837,0.858150763100959
"ATR;NOTCH4",-1.11809274207032,0.924916103508183
"MCL1;NOTCH4",-0.296400906385608,0.83051842769989
"BCL2;NOTCH4",-0.581148448503701,0.83051842769989
"NOTCH4;PRMT5",-0.825289730018474,0.858367750999105
"ATM;NOTCH4",-0.386283867092433,0.83051842769989
"BCL2L1;NOTCH4",-0.216566800035203,0.83051842769989
"KRAS;NOTCH4",-0.460442071909517,0.83051842769989
"CDK4;NOTCH4",-0.159572069162374,0.83051842769989
"CTNNB1;NOTCH4",-0.920774431545574,0.881550579734467
"BRAF;NOTCH4",-0.284865891880824,0.83051842769989
"MAP2K2;NOTCH4",-0.19713418945042,0.83051842769989
"NOTCH4;PIK3CA",-0.508284846601733,0.83051842769989
"IGF1R;NOTCH4",-0.229133481674294,0.83051842769989
"NOTCH4;TAZ",-0.217982986579702,0.83051842769989
"NOTCH4;WRN",-0.29595988256061,0.83051842769989
"AKT2;NOTCH4",-0.547791299996825,0.83051842769989
"NOTCH4;SRC",-0.289227832524099,0.83051842769989
"DNMT3B;NOTCH4",-0.398905472994687,0.83051842769989
"APC;NOTCH4",-0.287102000361354,0.83051842769989
"ERBB2;NOTCH4",-0.276823735514545,0.83051842769989
"NOTCH4;YAP1",-0.252467714993891,0.83051842769989
"NOTCH4;PTPN11",-0.273219594419139,0.83051842769989
"CHEK1;NOTCH4",-1.77937454890423,0.996820526247479
"JAK1;NOTCH4",-0.604132742610576,0.83051842769989
"AKT1;STK4",-0.28848518800003,0.83051842769989
"BRD4;STK4",-0.232124707878362,0.83051842769989
"MYC;STK4",-1.58192222107766,0.996820526247479
"MAP2K1;STK4",-0.241806714376648,0.83051842769989
"MAPK1;STK4",-0.222327490425732,0.83051842769989
"STK4;WEE1",-0.87338429883396,0.866686817039418
"ARID1A;STK4",-0.46760473208622,0.83051842769989
"PRMT1;STK4",-1.08095818277958,0.921488432930172
"PARP1;STK4",-1.0618062679182,0.917700728407084
"PORCN;STK4",-0.310112421139683,0.83051842769989
"MDM2;STK4",-0.503894483158759,0.83051842769989
"EGFR;STK4",-0.492699372994262,0.83051842769989
"SMAD4;STK4",-0.334709246494387,0.83051842769989
"DNMT1;STK4",-0.485424223816069,0.83051842769989
"RAF1;STK4",-0.274940223284758,0.83051842769989
"CDK6;STK4",-0.7356911201129,0.847522057472701
"ATR;STK4",-0.898242175459844,0.874643469980378
"MCL1;STK4",-0.262037896878022,0.83051842769989
"BCL2;STK4",-0.66902821085369,0.830950582195179
"PRMT5;STK4",-0.844512376247599,0.861384496351732
"ATM;STK4",-0.337257728259679,0.83051842769989
"BCL2L1;STK4",-0.159276575507675,0.83051842769989
"KRAS;STK4",-0.457512784869125,0.83051842769989
"CDK4;STK4",-0.283312965155998,0.83051842769989
"CTNNB1;STK4",-0.988396684219061,0.901394413054644
"BRAF;STK4",-0.176634960901843,0.83051842769989
"MAP2K2;STK4",-0.248962147956622,0.83051842769989
"PIK3CA;STK4",-0.553521878586863,0.83051842769989
"IGF1R;STK4",-0.361598101198465,0.83051842769989
"STK4;TAZ",-0.204480959410119,0.83051842769989
"STK4;WRN",-0.221507312706485,0.83051842769989
"AKT2;STK4",-0.535112521077735,0.83051842769989
"SRC;STK4",-0.244138005811265,0.83051842769989
"DNMT3B;STK4",-0.50880833782089,0.83051842769989
"APC;STK4",-0.236111273749596,0.83051842769989
"ERBB2;STK4",-0.276211769784072,0.83051842769989
"STK4;YAP1",-0.260117561958591,0.83051842769989
"PTPN11;STK4",-0.233708834909844,0.83051842769989
"CHEK1;STK4",-1.74984344870753,0.996820526247479
"JAK1;STK4",-0.55433881731622,0.83051842769989
"AKT1;PARL",-0.363649384551344,0.83051842769989
"BRD4;PARL",-0.273160525284072,0.83051842769989
"MYC;PARL",-1.53138513915409,0.996820526247479
"MAP2K1;PARL",-0.205632046541025,0.83051842769989
"MAPK1;PARL",-0.232656113475919,0.83051842769989
"PARL;WEE1",-0.84139936221885,0.860658710032528
"ARID1A;PARL",-0.424554438949893,0.83051842769989
"PARL;PRMT1",-1.22427914802359,0.966406614676196
"PARL;PARP1",-1.09326778142681,0.92268351704861
"PARL;PORCN",-0.300933035067628,0.83051842769989
"MDM2;PARL",-0.583245565628142,0.83051842769989
"EGFR;PARL",-0.480099904337698,0.83051842769989
"PARL;SMAD4",-0.366237901712732,0.83051842769989
"DNMT1;PARL",-0.593358099999912,0.83051842769989
"PARL;RAF1",-0.284956959172356,0.83051842769989
"CDK6;PARL",-0.813140675033357,0.858150763100959
"ATR;PARL",-0.688150080647604,0.83632948193298
"MCL1;PARL",-0.263927701609112,0.83051842769989
"BCL2;PARL",-0.642741112174976,0.83051842769989
"PARL;PRMT5",-0.857648878359629,0.864190203056916
"ATM;PARL",-0.38408222115622,0.83051842769989
"BCL2L1;PARL",-0.271681341093785,0.83051842769989
"KRAS;PARL",-0.464237287517367,0.83051842769989
"CDK4;PARL",-0.232735717602588,0.83051842769989
"CTNNB1;PARL",-1.01477876939898,0.908210554192108
"BRAF;PARL",-0.0531923921076898,0.83051842769989
"MAP2K2;PARL",-0.199562597479042,0.83051842769989
"PARL;PIK3CA",-0.563255000351723,0.83051842769989
"IGF1R;PARL",-0.262538347898611,0.83051842769989
"PARL;TAZ",-0.148782135579207,0.83051842769989
"PARL;WRN",-0.263672152493061,0.83051842769989
"AKT2;PARL",-0.550191604062586,0.83051842769989
"PARL;SRC",-0.22724174716729,0.83051842769989
"DNMT3B;PARL",-0.488842401047273,0.83051842769989
"APC;PARL",-0.239898727674521,0.83051842769989
"ERBB2;PARL",-0.277434284406944,0.83051842769989
"PARL;YAP1",-0.298526906630604,0.83051842769989
"PARL;PTPN11",-0.260372195153864,0.83051842769989
"CHEK1;PARL",-1.77264708650569,0.996820526247479
"JAK1;PARL",-0.59709835511581,0.83051842769989
"AKT1;TAB1",-0.36940380522162,0.83051842769989
"BRD4;TAB1",-0.266784832287271,0.83051842769989
"MYC;TAB1",-1.64926307266911,0.996820526247479
"MAP2K1;TAB1",-0.21058048542053,0.83051842769989
"MAPK1;TAB1",-0.185845571082569,0.83051842769989
"TAB1;WEE1",-0.757818157204964,0.852722025409553
"ARID1A;TAB1",-0.421537795712278,0.83051842769989
"PRMT1;TAB1",-1.32686443126283,0.992631515570185
"PARP1;TAB1",-1.1183872719027,0.924916103508183
"PORCN;TAB1",-0.357738258561614,0.83051842769989
"MDM2;TAB1",-0.533619041750175,0.83051842769989
"EGFR;TAB1",-0.498533611993901,0.83051842769989
"SMAD4;TAB1",-0.367262546139161,0.83051842769989
"DNMT1;TAB1",-0.573518140722528,0.83051842769989
"RAF1;TAB1",-0.272939626970901,0.83051842769989
"CDK6;TAB1",-0.665594624269638,0.83051842769989
"ATR;TAB1",-1.08706118915942,0.922001026393481
"MCL1;TAB1",-0.163730679558879,0.83051842769989
"BCL2;TAB1",-0.609639463885704,0.83051842769989
"PRMT5;TAB1",-0.715650583542894,0.843328124191173
"ATM;TAB1",-0.342307378898178,0.83051842769989
"BCL2L1;TAB1",-0.327701510256317,0.83051842769989
"KRAS;TAB1",-0.394771205139425,0.83051842769989
"CDK4;TAB1",-0.163999991258052,0.83051842769989
"CTNNB1;TAB1",-1.04241854682219,0.913419946253691
"BRAF;TAB1",-0.193923231910487,0.83051842769989
"MAP2K2;TAB1",-0.24303477467042,0.83051842769989
"PIK3CA;TAB1",-0.464894430764506,0.83051842769989
"IGF1R;TAB1",-0.311936091505703,0.83051842769989
"TAB1;TAZ",-0.236187353691718,0.83051842769989
"TAB1;WRN",-0.325250285671463,0.83051842769989
"AKT2;TAB1",-0.533582368346643,0.83051842769989
"SRC;TAB1",-0.244516604949276,0.83051842769989
"DNMT3B;TAB1",-0.524011322317703,0.83051842769989
"APC;TAB1",-0.243531623282024,0.83051842769989
"ERBB2;TAB1",-0.262613787181747,0.83051842769989
"TAB1;YAP1",-0.304845101384341,0.83051842769989
"PTPN11;TAB1",-0.213602360872084,0.83051842769989
"CHEK1;TAB1",-1.56480030414374,0.996820526247479
"JAK1;TAB1",-0.624408509609476,0.83051842769989
"AKT1;FLT3",-0.3806874229338,0.83051842769989
"BRD4;FLT3",-0.2346546048028,0.83051842769989
"FLT3;MYC",-1.61212599048766,0.996820526247479
"FLT3;MAP2K1",-0.134712663316509,0.83051842769989
"FLT3;MAPK1",-0.230868221709356,0.83051842769989
"FLT3;WEE1",-0.939710982941425,0.886610440080921
"ARID1A;FLT3",-0.432089968513967,0.83051842769989
"FLT3;PRMT1",-1.20664714198208,0.959933455591054
"FLT3;PARP1",-1.11512074315782,0.924717238549349
"FLT3;PORCN",-0.283117403057322,0.83051842769989
"FLT3;MDM2",-0.576189900333792,0.83051842769989
"EGFR;FLT3",-0.441838969937565,0.83051842769989
"FLT3;SMAD4",-0.349748873876075,0.83051842769989
"DNMT1;FLT3",-0.4561433494416,0.83051842769989
"FLT3;RAF1",-0.220246000591066,0.83051842769989
"CDK6;FLT3",-0.766332315641725,0.853545663641316
"ATR;FLT3",-1.07514375072038,0.920438060131278
"FLT3;MCL1",-0.103574574215366,0.83051842769989
"BCL2;FLT3",-0.625689083033288,0.83051842769989
"FLT3;PRMT5",-0.79245763726509,0.856844608927936
"ATM;FLT3",-0.392615865982017,0.83051842769989
"BCL2L1;FLT3",-0.230873862773481,0.83051842769989
"FLT3;KRAS",-0.45640158007621,0.83051842769989
"CDK4;FLT3",-0.0529541785015285,0.83051842769989
"CTNNB1;FLT3",-0.99707346894666,0.903628782028812
"BRAF;FLT3",-0.092194150506067,0.83051842769989
"FLT3;MAP2K2",-0.0364845525480884,0.83051842769989
"FLT3;PIK3CA",-0.491200582671934,0.83051842769989
"FLT3;IGF1R",-0.337075901220759,0.83051842769989
"FLT3;TAZ",-0.11898662085207,0.83051842769989
"FLT3;WRN",-0.268207864845618,0.83051842769989
"AKT2;FLT3",-0.559275321163011,0.83051842769989
"FLT3;SRC",-0.0683127545216568,0.83051842769989
"DNMT3B;FLT3",-0.513244845403426,0.83051842769989
"APC;FLT3",-0.210236035349877,0.83051842769989
"ERBB2;FLT3",-0.132019545860108,0.83051842769989
"FLT3;YAP1",-0.130382981607394,0.83051842769989
"FLT3;PTPN11",-0.163755678485237,0.83051842769989
"CHEK1;FLT3",-1.7799412139368,0.996820526247479
"FLT3;JAK1",-0.571471958143531,0.83051842769989
"AKT1;AURKA",-0.389974762951492,0.83051842769989
"AURKA;BRD4",-0.447117157485624,0.83051842769989
"AURKA;MYC",-1.29716013061488,0.986839871872147
"AURKA;MAP2K1",-0.373923171231238,0.83051842769989
"AURKA;MAPK1",-0.417100369192308,0.83051842769989
"AURKA;WEE1",-0.547307409982873,0.83051842769989
"ARID1A;AURKA",-0.402940849896482,0.83051842769989
"AURKA;PRMT1",-1.32741356856117,0.992631515570185
"AURKA;PARP1",-1.11324223843902,0.924491292443361
"AURKA;PORCN",-0.392822795002585,0.83051842769989
"AURKA;MDM2",-0.405195644732418,0.83051842769989
"AURKA;EGFR",-0.520420051621211,0.83051842769989
"AURKA;SMAD4",-0.490213717362433,0.83051842769989
"AURKA;DNMT1",-0.545268774201238,0.83051842769989
"AURKA;RAF1",-0.335543111983666,0.83051842769989
"AURKA;CDK6",-0.7400567338515,0.848751059503364
"ATR;AURKA",-0.980233485331568,0.898358785445461
"AURKA;MCL1",-0.503842230032045,0.83051842769989
"AURKA;BCL2",-0.648096473321797,0.83051842769989
"AURKA;PRMT5",-0.764193766905108,0.853329897622711
"ATM;AURKA",-0.349960682443952,0.83051842769989
"AURKA;BCL2L1",-0.285707446824364,0.83051842769989
"AURKA;KRAS",-0.359252737750768,0.83051842769989
"AURKA;CDK4",-0.419021008455203,0.83051842769989
"AURKA;CTNNB1",-0.898626101847179,0.874816956025672
"AURKA;BRAF",-0.480155721847374,0.83051842769989
"AURKA;MAP2K2",-0.526021714734972,0.83051842769989
"AURKA;PIK3CA",-0.446195194031374,0.83051842769989
"AURKA;IGF1R",-0.268751241722584,0.83051842769989
"AURKA;TAZ",-0.442002177577495,0.83051842769989
"AURKA;WRN",-0.387805483030297,0.83051842769989
"AKT2;AURKA",-0.53658430078166,0.83051842769989
"AURKA;SRC",-0.388548291680533,0.83051842769989
"AURKA;DNMT3B",-0.342128231113126,0.83051842769989
"APC;AURKA",-0.50360546829342,0.83051842769989
"AURKA;ERBB2",-0.52509423507421,0.83051842769989
"AURKA;YAP1",-0.518495155361635,0.83051842769989
"AURKA;PTPN11",-0.45227785643362,0.83051842769989
"AURKA;CHEK1",-1.46368659009729,0.996820526247479
"AURKA;JAK1",-0.615450611539994,0.83051842769989
"AKT1;PRKAG2",-0.330147521188524,0.83051842769989
"BRD4;PRKAG2",-0.223389070448827,0.83051842769989
"MYC;PRKAG2",-1.64522632275553,0.996820526247479
"MAP2K1;PRKAG2",-0.145375937599179,0.83051842769989
"MAPK1;PRKAG2",-0.20264834145599,0.83051842769989
"PRKAG2;WEE1",-0.950070558898989,0.8893431520643
"ARID1A;PRKAG2",-0.479406099172482,0.83051842769989
"PRKAG2;PRMT1",-1.36206278266555,0.996820526247479
"PARP1;PRKAG2",-1.12210233624962,0.924916103508183
"PORCN;PRKAG2",-0.295653322421365,0.83051842769989
"MDM2;PRKAG2",-0.564291084245913,0.83051842769989
"EGFR;PRKAG2",-0.473572285137856,0.83051842769989
"PRKAG2;SMAD4",-0.274771133002113,0.83051842769989
"DNMT1;PRKAG2",-0.441015169780869,0.83051842769989
"PRKAG2;RAF1",-0.241999797636387,0.83051842769989
"CDK6;PRKAG2",-0.822561588218651,0.85826452060764
"ATR;PRKAG2",-1.03850967881199,0.913419946253691
"MCL1;PRKAG2",-0.129558651686204,0.83051842769989
"BCL2;PRKAG2",-0.668190921774421,0.830724467396923
"PRKAG2;PRMT5",-0.656478277089965,0.83051842769989
"ATM;PRKAG2",-0.330244322193578,0.83051842769989
"BCL2L1;PRKAG2",-0.27267661446436,0.83051842769989
"KRAS;PRKAG2",-0.342306794111298,0.83051842769989
"CDK4;PRKAG2",-0.159185910569068,0.83051842769989
"CTNNB1;PRKAG2",-0.759583141131108,0.853063081294386
"BRAF;PRKAG2",-0.0745118928485683,0.83051842769989
"MAP2K2;PRKAG2",-0.183345135503016,0.83051842769989
"PIK3CA;PRKAG2",-0.466794414692542,0.83051842769989
"IGF1R;PRKAG2",-0.326960207901558,0.83051842769989
"PRKAG2;TAZ",-0.187618560187893,0.83051842769989
"PRKAG2;WRN",-0.337045383517081,0.83051842769989
"AKT2;PRKAG2",-0.528131012663491,0.83051842769989
"PRKAG2;SRC",-0.157519634843903,0.83051842769989
"DNMT3B;PRKAG2",-0.425581594055223,0.83051842769989
"APC;PRKAG2",-0.237990955214045,0.83051842769989
"ERBB2;PRKAG2",-0.0567331453129041,0.83051842769989
"PRKAG2;YAP1",-0.304458872150445,0.83051842769989
"PRKAG2;PTPN11",-0.136924570735668,0.83051842769989
"CHEK1;PRKAG2",-1.51483117319439,0.996820526247479
"JAK1;PRKAG2",-0.590973664569908,0.83051842769989
"AKT1;RINT1",-0.677922078472199,0.833779680777528
"BRD4;RINT1",-0.609184446645402,0.83051842769989
"MYC;RINT1",-0.83175273154671,0.858667905495995
"MAP2K1;RINT1",-0.639037640267525,0.83051842769989
"MAPK1;RINT1",-0.736408866397258,0.847770494812885
"RINT1;WEE1",-0.737944833146654,0.848217221271805
"ARID1A;RINT1",-0.688621461121093,0.836533361934537
"PRMT1;RINT1",-1.02800731159412,0.911251543949215
"PARP1;RINT1",-1.12378828743397,0.924916103508183
"PORCN;RINT1",-0.752305600534947,0.851450545270786
"MDM2;RINT1",-0.743111459625408,0.849255184259635
"EGFR;RINT1",-0.706416010634043,0.841318653390918
"RINT1;SMAD4",-0.718370745915484,0.84410788938019
"DNMT1;RINT1",-0.742523035653383,0.849184687324006
"RAF1;RINT1",-0.703540731006055,0.840544102631643
"CDK6;RINT1",-0.675273523880847,0.832893802995875
"ATR;RINT1",-0.747460064980849,0.850506615113902
"MCL1;RINT1",-0.668373016218648,0.830762894914891
"BCL2;RINT1",-0.731424927277603,0.84666690925796
"PRMT5;RINT1",-0.715136968282191,0.843269840782961
"ATM;RINT1",-0.723715337939294,0.8449902502879
"BCL2L1;RINT1",-0.634769558043417,0.83051842769989
"KRAS;RINT1",-0.692654845622047,0.837275374977196
"CDK4;RINT1",-0.675837482084737,0.833089747847748
"CTNNB1;RINT1",-0.960216387010606,0.891779664957189
"BRAF;RINT1",-0.585977989531844,0.83051842769989
"MAP2K2;RINT1",-0.620158857651347,0.83051842769989
"PIK3CA;RINT1",-0.507537266615576,0.83051842769989
"IGF1R;RINT1",-0.562537711839749,0.83051842769989
"RINT1;TAZ",-0.680875320913908,0.834374622441325
"RINT1;WRN",-0.606278166903539,0.83051842769989
"AKT2;RINT1",-0.743098451329394,0.849255184259635
"RINT1;SRC",-0.557653398230022,0.83051842769989
"DNMT3B;RINT1",-0.708214143135917,0.841691305964843
"APC;RINT1",-0.727519765228381,0.845738990547818
"ERBB2;RINT1",-0.721486492510628,0.844449268748353
"RINT1;YAP1",-0.734828825176165,0.847365413056095
"PTPN11;RINT1",-0.69204358203541,0.83704328326344
"CHEK1;RINT1",-0.7843682807807,0.855443174457673
"JAK1;RINT1",-0.742584273714451,0.849184687324006
"AKT1;CAB39",-0.321499235951139,0.83051842769989
"BRD4;CAB39",-0.296802933512776,0.83051842769989
"CAB39;MYC",-1.53402602465248,0.996820526247479
"CAB39;MAP2K1",-0.31785452301492,0.83051842769989
"CAB39;MAPK1",-0.390879547562982,0.83051842769989
"CAB39;WEE1",-0.832361310689687,0.858667905495995
"ARID1A;CAB39",-0.39297671008856,0.83051842769989
"CAB39;PRMT1",-1.14008097846984,0.931547476663972
"CAB39;PARP1",-1.09235812215842,0.922624235938895
"CAB39;PORCN",-0.379352269385321,0.83051842769989
"CAB39;MDM2",-0.459399183270436,0.83051842769989
"CAB39;EGFR",-0.407508281967687,0.83051842769989
"CAB39;SMAD4",-0.277284041625489,0.83051842769989
"CAB39;DNMT1",-0.496810591614561,0.83051842769989
"CAB39;RAF1",-0.345048892445773,0.83051842769989
"CAB39;CDK6",-0.73183933362038,0.846762873627747
"ATR;CAB39",-0.9090931853825,0.877817279169683
"CAB39;MCL1",-0.271290987913928,0.83051842769989
"BCL2;CAB39",-0.595390114251333,0.83051842769989
"CAB39;PRMT5",-0.66660532208532,0.83051842769989
"ATM;CAB39",-0.289067767797714,0.83051842769989
"BCL2L1;CAB39",-0.330855847962622,0.83051842769989
"CAB39;KRAS",-0.406131113465889,0.83051842769989
"CAB39;CDK4",-0.400002099585166,0.83051842769989
"CAB39;CTNNB1",-0.992776850207893,0.90269243897405
"BRAF;CAB39",-0.380926359307122,0.83051842769989
"CAB39;MAP2K2",-0.382044423944242,0.83051842769989
"CAB39;PIK3CA",-0.5269155720913,0.83051842769989
"CAB39;IGF1R",-0.0795456847989511,0.83051842769989
"CAB39;TAZ",-0.324263497902297,0.83051842769989
"CAB39;WRN",-0.283370353110925,0.83051842769989
"AKT2;CAB39",-0.487348694547715,0.83051842769989
"CAB39;SRC",-0.393304498044085,0.83051842769989
"CAB39;DNMT3B",-0.526394192050448,0.83051842769989
"APC;CAB39",-0.363650154877716,0.83051842769989
"CAB39;ERBB2",-0.407309925975465,0.83051842769989
"CAB39;YAP1",-0.404559550121199,0.83051842769989
"CAB39;PTPN11",-0.356070973133658,0.83051842769989
"CAB39;CHEK1",-1.49856292438999,0.996820526247479
"CAB39;JAK1",-0.461602806510211,0.83051842769989
"AKT1;HCK",-0.330747760548786,0.83051842769989
"BRD4;HCK",-0.256644382979976,0.83051842769989
"HCK;MYC",-1.61472386926948,0.996820526247479
"HCK;MAP2K1",-0.375746628532782,0.83051842769989
"HCK;MAPK1",-0.362642877127491,0.83051842769989
"HCK;WEE1",-0.854635798624689,0.863565890990134
"ARID1A;HCK",-0.431260247977566,0.83051842769989
"HCK;PRMT1",-1.23284450848747,0.969217567074259
"HCK;PARP1",-1.0788888540258,0.921431989741481
"HCK;PORCN",-0.338952495640267,0.83051842769989
"HCK;MDM2",-0.589245669563998,0.83051842769989
"EGFR;HCK",-0.508897088425637,0.83051842769989
"HCK;SMAD4",-0.336472363438154,0.83051842769989
"DNMT1;HCK",-0.393559398227525,0.83051842769989
"HCK;RAF1",-0.34508914317482,0.83051842769989
"CDK6;HCK",-0.738285586881314,0.848264934835957
"ATR;HCK",-0.946125195652421,0.888231399331582
"HCK;MCL1",-0.362342328514351,0.83051842769989
"BCL2;HCK",-0.597957632885208,0.83051842769989
"HCK;PRMT5",-0.827362341951254,0.858367750999105
"ATM;HCK",-0.324559281589376,0.83051842769989
"BCL2L1;HCK",-0.22453813094738,0.83051842769989
"HCK;KRAS",-0.438340931095254,0.83051842769989
"CDK4;HCK",-0.360785129816949,0.83051842769989
"CTNNB1;HCK",-0.983796343869578,0.899572598979304
"BRAF;HCK",-0.355500810121609,0.83051842769989
"HCK;MAP2K2",-0.233529793289633,0.83051842769989
"HCK;PIK3CA",-0.481312454838104,0.83051842769989
"HCK;IGF1R",-0.243754072830121,0.83051842769989
"HCK;TAZ",-0.312021983545086,0.83051842769989
"HCK;WRN",-0.345596229701682,0.83051842769989
"AKT2;HCK",-0.541075250093953,0.83051842769989
"HCK;SRC",-0.359756714421645,0.83051842769989
"DNMT3B;HCK",-0.475603255918598,0.83051842769989
"APC;HCK",-0.333881892720482,0.83051842769989
"ERBB2;HCK",-0.32333558578243,0.83051842769989
"HCK;YAP1",-0.349510888996617,0.83051842769989
"HCK;PTPN11",-0.335838880445061,0.83051842769989
"CHEK1;HCK",-1.57015465924235,0.996820526247479
"HCK;JAK1",-0.583478597106704,0.83051842769989
"AKT1;IP6K2",-0.338541320984102,0.83051842769989
"BRD4;IP6K2",-0.142860456834821,0.83051842769989
"IP6K2;MYC",-1.51999235088251,0.996820526247479
"IP6K2;MAP2K1",-0.15904188896971,0.83051842769989
"IP6K2;MAPK1",-0.202380628542224,0.83051842769989
"IP6K2;WEE1",-0.754090657482767,0.851921113220934
"ARID1A;IP6K2",-0.46814712218857,0.83051842769989
"IP6K2;PRMT1",-1.38544682801294,0.996820526247479
"IP6K2;PARP1",-1.10449398042604,0.92376303061524
"IP6K2;PORCN",-0.336292668892007,0.83051842769989
"IP6K2;MDM2",-0.537292283829679,0.83051842769989
"EGFR;IP6K2",-0.494198583627508,0.83051842769989
"IP6K2;SMAD4",-0.34858529311994,0.83051842769989
"DNMT1;IP6K2",-0.587035951068613,0.83051842769989
"IP6K2;RAF1",-0.204331709908099,0.83051842769989
"CDK6;IP6K2",-0.72904654165691,0.845959364164109
"ATR;IP6K2",-0.936660839070183,0.88577539106553
"IP6K2;MCL1",-0.217411164913879,0.83051842769989
"BCL2;IP6K2",-0.656686194094681,0.83051842769989
"IP6K2;PRMT5",-0.797461507462829,0.857292228679877
"ATM;IP6K2",-0.27064912498605,0.83051842769989
"BCL2L1;IP6K2",-0.296182775399204,0.83051842769989
"IP6K2;KRAS",-0.456613341516109,0.83051842769989
"CDK4;IP6K2",-0.190848463957629,0.83051842769989
"CTNNB1;IP6K2",-0.982348593356769,0.89901881635657
"BRAF;IP6K2",-0.189676258391844,0.83051842769989
"IP6K2;MAP2K2",-0.23124358948146,0.83051842769989
"IP6K2;PIK3CA",-0.567824276609337,0.83051842769989
"IGF1R;IP6K2",-0.298279752578728,0.83051842769989
"IP6K2;TAZ",-0.154974167956064,0.83051842769989
"IP6K2;WRN",-0.32521699012661,0.83051842769989
"AKT2;IP6K2",-0.551261335426794,0.83051842769989
"IP6K2;SRC",-0.237767080487822,0.83051842769989
"DNMT3B;IP6K2",-0.53881019126085,0.83051842769989
"APC;IP6K2",-0.248133675433967,0.83051842769989
"ERBB2;IP6K2",-0.220637963396102,0.83051842769989
"IP6K2;YAP1",-0.305759043713715,0.83051842769989
"IP6K2;PTPN11",-0.232774398839837,0.83051842769989
"CHEK1;IP6K2",-1.62401901118412,0.996820526247479
"IP6K2;JAK1",-0.612483575386358,0.83051842769989
"AKT1;UBR5",-0.332483100434474,0.83051842769989
"BRD4;UBR5",-0.14404000238932,0.83051842769989
"MYC;UBR5",-1.60016867709791,0.996820526247479
"MAP2K1;UBR5",-0.168084347135689,0.83051842769989
"MAPK1;UBR5",-0.219904604075307,0.83051842769989
"UBR5;WEE1",-0.87866594632724,0.868503755286503
"ARID1A;UBR5",-0.424001451411834,0.83051842769989
"PRMT1;UBR5",-1.04451694637114,0.913701590084969
"PARP1;UBR5",-1.08547004543641,0.922001026393481
"PORCN;UBR5",-0.26888125231443,0.83051842769989
"MDM2;UBR5",-0.521689864188015,0.83051842769989
"EGFR;UBR5",-0.516458328252805,0.83051842769989
"SMAD4;UBR5",-0.364540380508735,0.83051842769989
"DNMT1;UBR5",-0.612166203640696,0.83051842769989
"RAF1;UBR5",-0.160028608854143,0.83051842769989
"CDK6;UBR5",-0.802885552058363,0.857584615309761
"ATR;UBR5",-0.9044989828619,0.876614086769109
"MCL1;UBR5",-0.0787017423879869,0.83051842769989
"BCL2;UBR5",-0.630713133198974,0.83051842769989
"PRMT5;UBR5",-0.858176925316693,0.864190203056916
"ATM;UBR5",-0.403903749993626,0.83051842769989
"BCL2L1;UBR5",-0.324942711924315,0.83051842769989
"KRAS;UBR5",-0.321342228136698,0.83051842769989
"CDK4;UBR5",-0.146172419160213,0.83051842769989
"CTNNB1;UBR5",-0.998711317172098,0.903981450441053
"BRAF;UBR5",-0.128478671301879,0.83051842769989
"MAP2K2;UBR5",-0.119602398436535,0.83051842769989
"PIK3CA;UBR5",-0.450713463016419,0.83051842769989
"IGF1R;UBR5",-0.326288251075283,0.83051842769989
"TAZ;UBR5",-0.106005740765726,0.83051842769989
"UBR5;WRN",-0.291178988594579,0.83051842769989
"AKT2;UBR5",-0.385053136534395,0.83051842769989
"SRC;UBR5",-0.0856633880937111,0.83051842769989
"DNMT3B;UBR5",-0.445833496263361,0.83051842769989
"APC;UBR5",-0.235588091497586,0.83051842769989
"ERBB2;UBR5",-0.167738570585843,0.83051842769989
"UBR5;YAP1",-0.310757962235594,0.83051842769989
"PTPN11;UBR5",-0.155542184655151,0.83051842769989
"CHEK1;UBR5",-1.74610475132573,0.996820526247479
"JAK1;UBR5",-0.589192881051402,0.83051842769989
"AKT1;RPS6KB1",-0.35059420811528,0.83051842769989
"BRD4;RPS6KB1",-0.301718143616865,0.83051842769989
"MYC;RPS6KB1",-1.58912130295865,0.996820526247479
"MAP2K1;RPS6KB1",-0.286611853999041,0.83051842769989
"MAPK1;RPS6KB1",-0.301321014233839,0.83051842769989
"RPS6KB1;WEE1",-0.902738247543548,0.876290391592013
"ARID1A;RPS6KB1",-0.442953097968441,0.83051842769989
"PRMT1;RPS6KB1",-1.33050984792722,0.993073779693717
"PARP1;RPS6KB1",-1.12414372579943,0.924916103508183
"PORCN;RPS6KB1",-0.320041919064888,0.83051842769989
"MDM2;RPS6KB1",-0.588043085675587,0.83051842769989
"EGFR;RPS6KB1",-0.478632584357534,0.83051842769989
"RPS6KB1;SMAD4",-0.345944655048356,0.83051842769989
"DNMT1;RPS6KB1",-0.621011436240555,0.83051842769989
"RAF1;RPS6KB1",-0.189854915633675,0.83051842769989
"CDK6;RPS6KB1",-0.831186984564294,0.858667905495995
"ATR;RPS6KB1",-0.969375529748228,0.89547625618938
"MCL1;RPS6KB1",-0.277301412167787,0.83051842769989
"BCL2;RPS6KB1",-0.604102326375678,0.83051842769989
"PRMT5;RPS6KB1",-0.76378864895445,0.853329897622711
"ATM;RPS6KB1",-0.378737292744419,0.83051842769989
"BCL2L1;RPS6KB1",-0.338527772437157,0.83051842769989
"KRAS;RPS6KB1",-0.452478978320692,0.83051842769989
"CDK4;RPS6KB1",-0.286505696251067,0.83051842769989
"CTNNB1;RPS6KB1",-0.951794590134632,0.889770464871048
"BRAF;RPS6KB1",-0.28755718610154,0.83051842769989
"MAP2K2;RPS6KB1",-0.217546101960398,0.83051842769989
"PIK3CA;RPS6KB1",-0.541904520380249,0.83051842769989
"IGF1R;RPS6KB1",-0.263691333356114,0.83051842769989
"RPS6KB1;TAZ",-0.242441558992609,0.83051842769989
"RPS6KB1;WRN",-0.186896046582668,0.83051842769989
"AKT2;RPS6KB1",-0.569522093589206,0.83051842769989
"RPS6KB1;SRC",-0.287707982847107,0.83051842769989
"DNMT3B;RPS6KB1",-0.470097826532591,0.83051842769989
"APC;RPS6KB1",-0.320975553427511,0.83051842769989
"ERBB2;RPS6KB1",-0.308207871511771,0.83051842769989
"RPS6KB1;YAP1",-0.28338011884358,0.83051842769989
"PTPN11;RPS6KB1",-0.229292773695378,0.83051842769989
"CHEK1;RPS6KB1",-1.73240922920449,0.996820526247479
"JAK1;RPS6KB1",-0.6160242492185,0.83051842769989
"AKT1;PHF8",-0.256776505690461,0.83051842769989
"BRD4;PHF8",-0.264692306615359,0.83051842769989
"MYC;PHF8",-1.58751576348162,0.996820526247479
"MAP2K1;PHF8",-0.0769503451857383,0.83051842769989
"MAPK1;PHF8",-0.187751693316806,0.83051842769989
"PHF8;WEE1",-0.915299242666306,0.879697763102081
"ARID1A;PHF8",-0.415925192160389,0.83051842769989
"PHF8;PRMT1",-1.3531134642337,0.99627433411809
"PARP1;PHF8",-1.10122598619649,0.923452397685076
"PHF8;PORCN",-0.33978559944692,0.83051842769989
"MDM2;PHF8",-0.533698413023673,0.83051842769989
"EGFR;PHF8",-0.489732057708057,0.83051842769989
"PHF8;SMAD4",-0.249917238344533,0.83051842769989
"DNMT1;PHF8",-0.549666583149769,0.83051842769989
"PHF8;RAF1",-0.269935676492951,0.83051842769989
"CDK6;PHF8",-0.74854807873295,0.85068867921429
"ATR;PHF8",-1.07940728122462,0.921431989741481
"MCL1;PHF8",0.0172077753246296,0.83051842769989
"BCL2;PHF8",-0.665580779823186,0.83051842769989
"PHF8;PRMT5",-0.868727948538322,0.865507228575333
"ATM;PHF8",-0.360921252334773,0.83051842769989
"BCL2L1;PHF8",-0.116755131623555,0.83051842769989
"KRAS;PHF8",-0.456297362884127,0.83051842769989
"CDK4;PHF8",-0.00572940843070602,0.83051842769989
"CTNNB1;PHF8",-0.95809995944529,0.891230135165602
"BRAF;PHF8",0.0158012678264856,0.83051842769989
"MAP2K2;PHF8",-0.106130816138395,0.83051842769989
"PHF8;PIK3CA",-0.553255499379672,0.83051842769989
"IGF1R;PHF8",-0.356549511822466,0.83051842769989
"PHF8;TAZ",-0.167908925283018,0.83051842769989
"PHF8;WRN",-0.195831686269435,0.83051842769989
"AKT2;PHF8",-0.56332198989695,0.83051842769989
"PHF8;SRC",-0.166010571977168,0.83051842769989
"DNMT3B;PHF8",-0.512992464061521,0.83051842769989
"APC;PHF8",-0.185749321357871,0.83051842769989
"ERBB2;PHF8",-0.0354698422562559,0.83051842769989
"PHF8;YAP1",-0.255507706263099,0.83051842769989
"PHF8;PTPN11",-0.166537514711488,0.83051842769989
"CHEK1;PHF8",-1.77088909000898,0.996820526247479
"JAK1;PHF8",-0.565621837318829,0.83051842769989
"AKT1;GRK6",-0.381014984027676,0.83051842769989
"BRD4;GRK6",-0.14713367160202,0.83051842769989
"GRK6;MYC",-1.5356892678008,0.996820526247479
"GRK6;MAP2K1",-0.30147017523697,0.83051842769989
"GRK6;MAPK1",-0.34938667818737,0.83051842769989
"GRK6;WEE1",-0.944060637278799,0.887782901395961
"ARID1A;GRK6",-0.453117339848882,0.83051842769989
"GRK6;PRMT1",-1.24923607047347,0.974232587712516
"GRK6;PARP1",-1.10375789637385,0.923709926133363
"GRK6;PORCN",-0.269447359623707,0.83051842769989
"GRK6;MDM2",-0.577004183989662,0.83051842769989
"EGFR;GRK6",-0.499990099576989,0.83051842769989
"GRK6;SMAD4",-0.288319558355255,0.83051842769989
"DNMT1;GRK6",-0.496679504658907,0.83051842769989
"GRK6;RAF1",-0.321419879949221,0.83051842769989
"CDK6;GRK6",-0.808773356460768,0.858150763100959
"ATR;GRK6",-1.1066924340085,0.923850009252945
"GRK6;MCL1",-0.345906126579924,0.83051842769989
"BCL2;GRK6",-0.570658874436569,0.83051842769989
"GRK6;PRMT5",-0.654529479766461,0.83051842769989
"ATM;GRK6",-0.296426523881193,0.83051842769989
"BCL2L1;GRK6",-0.310836071588334,0.83051842769989
"GRK6;KRAS",-0.395248144897849,0.83051842769989
"CDK4;GRK6",-0.324844108993846,0.83051842769989
"CTNNB1;GRK6",-0.94629781571401,0.888231399331582
"BRAF;GRK6",-0.353333613221838,0.83051842769989
"GRK6;MAP2K2",-0.363355466832627,0.83051842769989
"GRK6;PIK3CA",-0.536886118606353,0.83051842769989
"GRK6;IGF1R",-0.283404353111901,0.83051842769989
"GRK6;TAZ",-0.362526374627399,0.83051842769989
"GRK6;WRN",-0.318237752463675,0.83051842769989
"AKT2;GRK6",-0.546093125191859,0.83051842769989
"GRK6;SRC",-0.368343523509849,0.83051842769989
"DNMT3B;GRK6",-0.542632819591457,0.83051842769989
"APC;GRK6",-0.296408838115992,0.83051842769989
"ERBB2;GRK6",-0.362478659807217,0.83051842769989
"GRK6;YAP1",-0.353948498511344,0.83051842769989
"GRK6;PTPN11",-0.298884353547818,0.83051842769989
"CHEK1;GRK6",-1.72312754060562,0.996820526247479
"GRK6;JAK1",-0.591310675243506,0.83051842769989
"AKT1;PPP1R10",-0.534207098930842,0.83051842769989
"BRD4;PPP1R10",-0.540173612976196,0.83051842769989
"MYC;PPP1R10",-1.39909133375221,0.996820526247479
"MAP2K1;PPP1R10",-0.648883634144098,0.83051842769989
"MAPK1;PPP1R10",-0.591403233912046,0.83051842769989
"PPP1R10;WEE1",-0.412746338411623,0.83051842769989
"ARID1A;PPP1R10",-0.657030577897624,0.83051842769989
"PPP1R10;PRMT1",-1.10071989974522,0.923452397685076
"PARP1;PPP1R10",-1.10204318925572,0.923452397685076
"PORCN;PPP1R10",-0.581369196487923,0.83051842769989
"MDM2;PPP1R10",-0.610014729553289,0.83051842769989
"EGFR;PPP1R10",-0.659249221209213,0.83051842769989
"PPP1R10;SMAD4",-0.588378365829142,0.83051842769989
"DNMT1;PPP1R10",-0.376518194568051,0.83051842769989
"PPP1R10;RAF1",-0.67062925322429,0.831371064394527
"CDK6;PPP1R10",-0.727561875626786,0.845738990547818
"ATR;PPP1R10",-0.821657845470133,0.85826452060764
"MCL1;PPP1R10",-0.597838142564463,0.83051842769989
"BCL2;PPP1R10",-0.684006914349601,0.83502359948583
"PPP1R10;PRMT5",-0.661011378687531,0.83051842769989
"ATM;PPP1R10",-0.659940651449958,0.83051842769989
"BCL2L1;PPP1R10",-0.558692787108108,0.83051842769989
"KRAS;PPP1R10",-0.640222719610571,0.83051842769989
"CDK4;PPP1R10",-0.612993625042434,0.83051842769989
"CTNNB1;PPP1R10",-0.683897264698678,0.83502359948583
"BRAF;PPP1R10",-0.628726805646252,0.83051842769989
"MAP2K2;PPP1R10",-0.682613736057473,0.83487534826215
"PIK3CA;PPP1R10",-0.545789025324574,0.83051842769989
"IGF1R;PPP1R10",-0.498815455287912,0.83051842769989
"PPP1R10;TAZ",-0.669479371973078,0.831056774835896
"PPP1R10;WRN",-0.542616415714273,0.83051842769989
"AKT2;PPP1R10",-0.623668375958257,0.83051842769989
"PPP1R10;SRC",-0.683129981945641,0.834982752516359
"DNMT3B;PPP1R10",-0.667556347319165,0.830544087825788
"APC;PPP1R10",-0.675174112893289,0.832893802995875
"ERBB2;PPP1R10",-0.67941197880184,0.834199494222798
"PPP1R10;YAP1",-0.660960178469441,0.83051842769989
"PPP1R10;PTPN11",-0.66337369361922,0.83051842769989
"CHEK1;PPP1R10",-1.2030026680414,0.958744384320477
"JAK1;PPP1R10",-0.655594000397825,0.83051842769989
"AKT1;BRCA2",-0.326532070884043,0.83051842769989
"BRCA2;BRD4",-0.231258293455913,0.83051842769989
"BRCA2;MYC",-1.57856898948827,0.996820526247479
"BRCA2;MAP2K1",-0.14788990182308,0.83051842769989
"BRCA2;MAPK1",-0.239225929312957,0.83051842769989
"BRCA2;WEE1",-0.710599779716395,0.841953357183135
"ARID1A;BRCA2",-0.446897573757619,0.83051842769989
"BRCA2;PRMT1",-1.28986047421299,0.985292962343111
"BRCA2;PARP1",-1.10962719889907,0.924073925414799
"BRCA2;PORCN",-0.340771667241926,0.83051842769989
"BRCA2;MDM2",-0.576151020375514,0.83051842769989
"BRCA2;EGFR",-0.511112561187531,0.83051842769989
"BRCA2;SMAD4",-0.328905431573001,0.83051842769989
"BRCA2;DNMT1",-0.581556494970298,0.83051842769989
"BRCA2;RAF1",-0.259331743599422,0.83051842769989
"BRCA2;CDK6",-0.74902905175866,0.850699071344219
"ATR;BRCA2",-0.990988676085737,0.902160525222547
"BRCA2;MCL1",-0.131633721247741,0.83051842769989
"BCL2;BRCA2",-0.623686491637924,0.83051842769989
"BRCA2;PRMT5",-0.837984842396399,0.860357002319739
"ATM;BRCA2",-0.368785490022966,0.83051842769989
"BCL2L1;BRCA2",-0.145004204139552,0.83051842769989
"BRCA2;KRAS",-0.459795347428856,0.83051842769989
"BRCA2;CDK4",-0.0894922675625431,0.83051842769989
"BRCA2;CTNNB1",-1.00161991768965,0.904747301068926
"BRAF;BRCA2",-0.135792503244546,0.83051842769989
"BRCA2;MAP2K2",-0.129473818703458,0.83051842769989
"BRCA2;PIK3CA",-0.522761114457852,0.83051842769989
"BRCA2;IGF1R",-0.328349622359248,0.83051842769989
"BRCA2;TAZ",-0.184400414340001,0.83051842769989
"BRCA2;WRN",-0.334002471356632,0.83051842769989
"AKT2;BRCA2",-0.458128090162865,0.83051842769989
"BRCA2;SRC",-0.177347600272005,0.83051842769989
"BRCA2;DNMT3B",-0.546683979101897,0.83051842769989
"APC;BRCA2",-0.13711462612664,0.83051842769989
"BRCA2;ERBB2",-0.0459639446003915,0.83051842769989
"BRCA2;YAP1",-0.30641535532793,0.83051842769989
"BRCA2;PTPN11",-0.115838674650745,0.83051842769989
"BRCA2;CHEK1",-1.76665105280969,0.996820526247479
"BRCA2;JAK1",-0.548273663766942,0.83051842769989
"AKT1;RALA",-0.37903912410127,0.83051842769989
"BRD4;RALA",-0.0414526360049426,0.83051842769989
"MYC;RALA",-1.54919044262477,0.996820526247479
"MAP2K1;RALA",-0.16213492192093,0.83051842769989
"MAPK1;RALA",-0.136808086583871,0.83051842769989
"RALA;WEE1",-0.874403929795861,0.867067486721349
"ARID1A;RALA",-0.462077271864249,0.83051842769989
"PRMT1;RALA",-1.38782347290834,0.996820526247479
"PARP1;RALA",-1.10076493555,0.923452397685076
"PORCN;RALA",-0.214945023097495,0.83051842769989
"MDM2;RALA",-0.559829337355753,0.83051842769989
"EGFR;RALA",-0.487979782505793,0.83051842769989
"RALA;SMAD4",-0.362567659433068,0.83051842769989
"DNMT1;RALA",-0.625364348200617,0.83051842769989
"RAF1;RALA",-0.22619465304677,0.83051842769989
"CDK6;RALA",-0.662765832884012,0.83051842769989
"ATR;RALA",-1.02694830180413,0.911081572852605
"MCL1;RALA",-0.188871386395719,0.83051842769989
"BCL2;RALA",-0.574429327665062,0.83051842769989
"PRMT5;RALA",-0.796747079535745,0.857223296658322
"ATM;RALA",-0.370000158628133,0.83051842769989
"BCL2L1;RALA",-0.234710930307521,0.83051842769989
"KRAS;RALA",-0.406933704465717,0.83051842769989
"CDK4;RALA",-0.200232657184586,0.83051842769989
"CTNNB1;RALA",-0.99427764315094,0.90294929591295
"BRAF;RALA",-0.211998253279669,0.83051842769989
"MAP2K2;RALA",-0.133889385826714,0.83051842769989
"PIK3CA;RALA",-0.499395623478347,0.83051842769989
"IGF1R;RALA",-0.331474418937855,0.83051842769989
"RALA;TAZ",-0.146598422538937,0.83051842769989
"RALA;WRN",-0.331701993447677,0.83051842769989
"AKT2;RALA",-0.551871746899982,0.83051842769989
"RALA;SRC",-0.0800257020656465,0.83051842769989
"DNMT3B;RALA",-0.539957938657464,0.83051842769989
"APC;RALA",-0.227406743976185,0.83051842769989
"ERBB2;RALA",-0.186563351235755,0.83051842769989
"RALA;YAP1",-0.267376366610701,0.83051842769989
"PTPN11;RALA",-0.133588411723793,0.83051842769989
"CHEK1;RALA",-1.63354749943545,0.996820526247479
"JAK1;RALA",-0.528858185397053,0.83051842769989
"AKT1;G2E3",-0.377529975918571,0.83051842769989
"BRD4;G2E3",-0.229178208807845,0.83051842769989
"G2E3;MYC",-1.53036409386318,0.996820526247479
"G2E3;MAP2K1",-0.293403391167522,0.83051842769989
"G2E3;MAPK1",-0.314557948112363,0.83051842769989
"G2E3;WEE1",-0.840830199353717,0.860658710032528
"ARID1A;G2E3",-0.39162519179528,0.83051842769989
"G2E3;PRMT1",-1.31329994988014,0.989929652259621
"G2E3;PARP1",-1.08814770796416,0.922001026393481
"G2E3;PORCN",-0.231584998023967,0.83051842769989
"G2E3;MDM2",-0.505995690306032,0.83051842769989
"EGFR;G2E3",-0.46142780839782,0.83051842769989
"G2E3;SMAD4",-0.369172595314032,0.83051842769989
"DNMT1;G2E3",-0.582620301682321,0.83051842769989
"G2E3;RAF1",-0.272816267690164,0.83051842769989
"CDK6;G2E3",-0.795696973154868,0.857223296658322
"ATR;G2E3",-1.1231847259083,0.924916103508183
"G2E3;MCL1",-0.221383429368121,0.83051842769989
"BCL2;G2E3",-0.583440166882607,0.83051842769989
"G2E3;PRMT5",-0.861817471246321,0.864680931476723
"ATM;G2E3",-0.400294344361849,0.83051842769989
"BCL2L1;G2E3",-0.290260600689237,0.83051842769989
"G2E3;KRAS",-0.444418775827299,0.83051842769989
"CDK4;G2E3",-0.268501717763913,0.83051842769989
"CTNNB1;G2E3",-0.978129668656311,0.897939744427012
"BRAF;G2E3",-0.207803954653413,0.83051842769989
"G2E3;MAP2K2",-0.245359741563255,0.83051842769989
"G2E3;PIK3CA",-0.54913421422768,0.83051842769989
"G2E3;IGF1R",-0.271072107948734,0.83051842769989
"G2E3;TAZ",-0.291791100422204,0.83051842769989
"G2E3;WRN",-0.091331962222311,0.83051842769989
"AKT2;G2E3",-0.540838661970269,0.83051842769989
"G2E3;SRC",-0.252793639051609,0.83051842769989
"DNMT3B;G2E3",-0.495833473491024,0.83051842769989
"APC;G2E3",-0.183403006538648,0.83051842769989
"ERBB2;G2E3",-0.312935713417984,0.83051842769989
"G2E3;YAP1",-0.316472107693315,0.83051842769989
"G2E3;PTPN11",-0.306810090768936,0.83051842769989
"CHEK1;G2E3",-1.69932481954163,0.996820526247479
"G2E3;JAK1",-0.585850562007434,0.83051842769989
"AKT1;MAP3K5",-0.373650646587448,0.83051842769989
"BRD4;MAP3K5",-0.211471558398611,0.83051842769989
"MAP3K5;MYC",-1.42676715991118,0.996820526247479
"MAP2K1;MAP3K5",-0.138086533567972,0.83051842769989
"MAP3K5;MAPK1",-0.23636528079676,0.83051842769989
"MAP3K5;WEE1",-0.937502100661544,0.885896344551282
"ARID1A;MAP3K5",-0.450893042718835,0.83051842769989
"MAP3K5;PRMT1",-1.33503279625393,0.993998890334548
"MAP3K5;PARP1",-1.11616440953663,0.924896231395191
"MAP3K5;PORCN",-0.333432485118617,0.83051842769989
"MAP3K5;MDM2",-0.58222267601973,0.83051842769989
"EGFR;MAP3K5",-0.44785892083906,0.83051842769989
"MAP3K5;SMAD4",-0.368797444398354,0.83051842769989
"DNMT1;MAP3K5",-0.578035950495957,0.83051842769989
"MAP3K5;RAF1",-0.29224371604298,0.83051842769989
"CDK6;MAP3K5",-0.82319518352071,0.85826452060764
"ATR;MAP3K5",-1.09164596756092,0.922559670123745
"MAP3K5;MCL1",-0.211155157059032,0.83051842769989
"BCL2;MAP3K5",-0.665139121297407,0.83051842769989
"MAP3K5;PRMT5",-0.816143976451666,0.858150763100959
"ATM;MAP3K5",-0.356550407155386,0.83051842769989
"BCL2L1;MAP3K5",-0.265768994793197,0.83051842769989
"KRAS;MAP3K5",-0.433378162892089,0.83051842769989
"CDK4;MAP3K5",-0.227093600912233,0.83051842769989
"CTNNB1;MAP3K5",-0.983529323702729,0.899511461055348
"BRAF;MAP3K5",-0.202345130218526,0.83051842769989
"MAP2K2;MAP3K5",-0.238564767465195,0.83051842769989
"MAP3K5;PIK3CA",-0.457948747247745,0.83051842769989
"IGF1R;MAP3K5",-0.228919300795276,0.83051842769989
"MAP3K5;TAZ",-0.226179511334919,0.83051842769989
"MAP3K5;WRN",-0.339852291241903,0.83051842769989
"AKT2;MAP3K5",-0.568053467929693,0.83051842769989
"MAP3K5;SRC",-0.207516868175284,0.83051842769989
"DNMT3B;MAP3K5",-0.526909467961807,0.83051842769989
"APC;MAP3K5",-0.200604308312891,0.83051842769989
"ERBB2;MAP3K5",-0.223709534403238,0.83051842769989
"MAP3K5;YAP1",-0.270629217871555,0.83051842769989
"MAP3K5;PTPN11",-0.219777910421893,0.83051842769989
"CHEK1;MAP3K5",-1.63560400893982,0.996820526247479
"JAK1;MAP3K5",-0.610262916480761,0.83051842769989
"AKT1;TPX2",-0.586199860667872,0.83051842769989
"BRD4;TPX2",-0.535917869512599,0.83051842769989
"MYC;TPX2",-1.23149464245699,0.968748298010579
"MAP2K1;TPX2",-0.653119430097117,0.83051842769989
"MAPK1;TPX2",-0.448365903304389,0.83051842769989
"TPX2;WEE1",-0.883733731339058,0.870354917045406
"ARID1A;TPX2",-0.621828311384215,0.83051842769989
"PRMT1;TPX2",-1.02566804358604,0.91088444602324
"PARP1;TPX2",-1.11502451540231,0.924717238549349
"PORCN;TPX2",-0.637834304686306,0.83051842769989
"MDM2;TPX2",-0.582983725788057,0.83051842769989
"EGFR;TPX2",-0.57739494795228,0.83051842769989
"SMAD4;TPX2",-0.66339329660184,0.83051842769989
"DNMT1;TPX2",-0.552359240822514,0.83051842769989
"RAF1;TPX2",-0.597076012847304,0.83051842769989
"CDK6;TPX2",-0.597591618297821,0.83051842769989
"ATR;TPX2",-0.88257416445065,0.869832290112104
"MCL1;TPX2",-0.651320193124001,0.83051842769989
"BCL2;TPX2",-0.629907000643773,0.83051842769989
"PRMT5;TPX2",-0.80406123347001,0.857723760949488
"ATM;TPX2",-0.637193599858537,0.83051842769989
"BCL2L1;TPX2",-0.620204452413073,0.83051842769989
"KRAS;TPX2",-0.587001247713102,0.83051842769989
"CDK4;TPX2",-0.481175871056579,0.83051842769989
"CTNNB1;TPX2",-0.923497082345319,0.882281434721447
"BRAF;TPX2",-0.348654783229939,0.83051842769989
"MAP2K2;TPX2",-0.578027616573644,0.83051842769989
"PIK3CA;TPX2",-0.5112694155624,0.83051842769989
"IGF1R;TPX2",-0.564624079924594,0.83051842769989
"TAZ;TPX2",-0.664743866289804,0.83051842769989
"TPX2;WRN",-0.450777857985735,0.83051842769989
"AKT2;TPX2",-0.656243886862907,0.83051842769989
"SRC;TPX2",-0.575030461575224,0.83051842769989
"DNMT3B;TPX2",-0.246978245117121,0.83051842769989
"APC;TPX2",-0.681164026302984,0.834443664660813
"ERBB2;TPX2",-0.685119902425781,0.835254207767989
"TPX2;YAP1",-0.672031051844365,0.83173992559053
"PTPN11;TPX2",-0.572370961325437,0.83051842769989
"CHEK1;TPX2",-1.03740651277343,0.913419946253691
"JAK1;TPX2",-0.634057844959546,0.83051842769989
"AKT1;PERP",-0.319560644643898,0.83051842769989
"BRD4;PERP",-0.252306738892669,0.83051842769989
"MYC;PERP",-1.56547334258689,0.996820526247479
"MAP2K1;PERP",-0.103332336004697,0.83051842769989
"MAPK1;PERP",-0.199660743510896,0.83051842769989
"PERP;WEE1",-0.84565757524989,0.861473588751517
"ARID1A;PERP",-0.434389494199535,0.83051842769989
"PERP;PRMT1",-1.31412570104058,0.990053617901894
"PARP1;PERP",-1.07179232155175,0.919895501552237
"PERP;PORCN",-0.278162884638863,0.83051842769989
"MDM2;PERP",-0.534380738739603,0.83051842769989
"EGFR;PERP",-0.48836439398156,0.83051842769989
"PERP;SMAD4",-0.259782693703272,0.83051842769989
"DNMT1;PERP",-0.628310329890559,0.83051842769989
"PERP;RAF1",-0.228797290434974,0.83051842769989
"CDK6;PERP",-0.659121648885242,0.83051842769989
"ATR;PERP",-0.947645652716791,0.888573853360589
"MCL1;PERP",-0.140848110499178,0.83051842769989
"BCL2;PERP",-0.631774790047324,0.83051842769989
"PERP;PRMT5",-0.857071087916362,0.864062937998112
"ATM;PERP",-0.366751450864577,0.83051842769989
"BCL2L1;PERP",-0.30680267722831,0.83051842769989
"KRAS;PERP",-0.408349962770075,0.83051842769989
"CDK4;PERP",-0.111738727690681,0.83051842769989
"CTNNB1;PERP",-0.970026050860892,0.895589512335015
"BRAF;PERP",-0.130857200337596,0.83051842769989
"MAP2K2;PERP",-0.127272388443636,0.83051842769989
"PERP;PIK3CA",-0.563283074305492,0.83051842769989
"IGF1R;PERP",-0.299417159503856,0.83051842769989
"PERP;TAZ",-0.101117163092406,0.83051842769989
"PERP;WRN",-0.337915179010908,0.83051842769989
"AKT2;PERP",-0.556067768296655,0.83051842769989
"PERP;SRC",-0.145313035569111,0.83051842769989
"DNMT3B;PERP",-0.540586046781363,0.83051842769989
"APC;PERP",-0.252399733155022,0.83051842769989
"ERBB2;PERP",-0.1004654338713,0.83051842769989
"PERP;YAP1",-0.296506915932576,0.83051842769989
"PERP;PTPN11",-0.167854096673021,0.83051842769989
"CHEK1;PERP",-1.65244555787965,0.996820526247479
"JAK1;PERP",-0.596876783952105,0.83051842769989
"AKT1;JUN",-0.439974826920282,0.83051842769989
"BRD4;JUN",-0.420998647896717,0.83051842769989
"JUN;MYC",-1.55021716208911,0.996820526247479
"JUN;MAP2K1",-0.450613209748752,0.83051842769989
"JUN;MAPK1",-0.444221525845254,0.83051842769989
"JUN;WEE1",-0.854504234237654,0.863565890990134
"ARID1A;JUN",-0.47191332653252,0.83051842769989
"JUN;PRMT1",-1.24794178873744,0.973883688500773
"JUN;PARP1",-1.11132682419049,0.924121252169155
"JUN;PORCN",-0.401446167642188,0.83051842769989
"JUN;MDM2",-0.568859469010179,0.83051842769989
"EGFR;JUN",-0.511563785460762,0.83051842769989
"JUN;SMAD4",-0.352654055498357,0.83051842769989
"DNMT1;JUN",-0.52369591390575,0.83051842769989
"JUN;RAF1",-0.335903239713877,0.83051842769989
"CDK6;JUN",-0.758290073934184,0.852877816557949
"ATR;JUN",-1.04625479056953,0.913937683631205
"JUN;MCL1",-0.414258119712199,0.83051842769989
"BCL2;JUN",-0.654020015833744,0.83051842769989
"JUN;PRMT5",-0.83665900038947,0.860241480708258
"ATM;JUN",-0.415738695805623,0.83051842769989
"BCL2L1;JUN",-0.443445676717953,0.83051842769989
"JUN;KRAS",-0.348866737811812,0.83051842769989
"CDK4;JUN",-0.452182206743882,0.83051842769989
"CTNNB1;JUN",-0.72107650744572,0.844449268748353
"BRAF;JUN",-0.398576543751721,0.83051842769989
"JUN;MAP2K2",-0.335886979476238,0.83051842769989
"JUN;PIK3CA",-0.37780596436098,0.83051842769989
"IGF1R;JUN",-0.400530075759008,0.83051842769989
"JUN;TAZ",-0.42288591959567,0.83051842769989
"JUN;WRN",-0.33794824013142,0.83051842769989
"AKT2;JUN",-0.568689843120411,0.83051842769989
"JUN;SRC",-0.448046210500204,0.83051842769989
"DNMT3B;JUN",-0.503894586417027,0.83051842769989
"APC;JUN",-0.427855719867142,0.83051842769989
"ERBB2;JUN",-0.286623448161681,0.83051842769989
"JUN;YAP1",-0.388923236580494,0.83051842769989
"JUN;PTPN11",-0.41825016725232,0.83051842769989
"CHEK1;JUN",-1.43767696050239,0.996820526247479
"JAK1;JUN",-0.560908903418418,0.83051842769989
"AKT1;USP9X",-0.312047390160063,0.83051842769989
"BRD4;USP9X",-0.219900772993809,0.83051842769989
"MYC;USP9X",-1.54831589764281,0.996820526247479
"MAP2K1;USP9X",-0.129942038127504,0.83051842769989
"MAPK1;USP9X",-0.196683776667746,0.83051842769989
"USP9X;WEE1",-0.678699953354858,0.833959543448363
"ARID1A;USP9X",-0.386586655621857,0.83051842769989
"PRMT1;USP9X",-1.21269110774389,0.962142327553721
"PARP1;USP9X",-1.05163672899182,0.915042470408136
"PORCN;USP9X",-0.322212790415512,0.83051842769989
"MDM2;USP9X",-0.561700872317325,0.83051842769989
"EGFR;USP9X",-0.449344538455446,0.83051842769989
"SMAD4;USP9X",-0.368043824327138,0.83051842769989
"DNMT1;USP9X",-0.606788505259313,0.83051842769989
"RAF1;USP9X",-0.20834264808961,0.83051842769989
"CDK6;USP9X",-0.824127192143267,0.858327427499431
"ATR;USP9X",-1.05624538485964,0.916202155949529
"MCL1;USP9X",-0.171242106026057,0.83051842769989
"BCL2;USP9X",-0.66236844114947,0.83051842769989
"PRMT5;USP9X",-0.705931951552722,0.841240651368057
"ATM;USP9X",-0.336961478083171,0.83051842769989
"BCL2L1;USP9X",-0.288939959501489,0.83051842769989
"KRAS;USP9X",-0.387763202002421,0.83051842769989
"CDK4;USP9X",-0.119740129952967,0.83051842769989
"CTNNB1;USP9X",-1.02958850117761,0.911478157022219
"BRAF;USP9X",-0.0496619293596338,0.83051842769989
"MAP2K2;USP9X",-0.13569132705488,0.83051842769989
"PIK3CA;USP9X",-0.549201531244094,0.83051842769989
"IGF1R;USP9X",-0.282860952559279,0.83051842769989
"TAZ;USP9X",-0.154457255445801,0.83051842769989
"USP9X;WRN",-0.249325878358163,0.83051842769989
"AKT2;USP9X",-0.475596034802163,0.83051842769989
"SRC;USP9X",-0.168774545644203,0.83051842769989
"DNMT3B;USP9X",-0.528552747905644,0.83051842769989
"APC;USP9X",-0.212901959489657,0.83051842769989
"ERBB2;USP9X",-0.175890879369119,0.83051842769989
"USP9X;YAP1",-0.291302440774572,0.83051842769989
"PTPN11;USP9X",-0.119070490567905,0.83051842769989
"CHEK1;USP9X",-1.50144582885841,0.996820526247479
"JAK1;USP9X",-0.582431955921276,0.83051842769989
"AKT1;TSC2",-0.302527512622048,0.83051842769989
"BRD4;TSC2",-0.259605472309521,0.83051842769989
"MYC;TSC2",-1.52766226704007,0.996820526247479
"MAP2K1;TSC2",-0.0837385862146716,0.83051842769989
"MAPK1;TSC2",-0.213090042826207,0.83051842769989
"TSC2;WEE1",-0.89582803935792,0.874024190830586
"ARID1A;TSC2",-0.31499402838549,0.83051842769989
"PRMT1;TSC2",-1.3453873540458,0.995288770830452
"PARP1;TSC2",-1.06022977397535,0.917446472506166
"PORCN;TSC2",-0.33335113778553,0.83051842769989
"MDM2;TSC2",-0.457162466510549,0.83051842769989
"EGFR;TSC2",-0.446122330420804,0.83051842769989
"SMAD4;TSC2",-0.33777458334757,0.83051842769989
"DNMT1;TSC2",-0.554491495853487,0.83051842769989
"RAF1;TSC2",-0.228454923232648,0.83051842769989
"CDK6;TSC2",-0.621815688551068,0.83051842769989
"ATR;TSC2",-1.11254880975521,0.924309844420724
"MCL1;TSC2",-0.0713970465362433,0.83051842769989
"BCL2;TSC2",-0.579030413967422,0.83051842769989
"PRMT5;TSC2",-0.660709641039384,0.83051842769989
"ATM;TSC2",-0.373645960338039,0.83051842769989
"BCL2L1;TSC2",-0.21896139971116,0.83051842769989
"KRAS;TSC2",-0.436076406323081,0.83051842769989
"CDK4;TSC2",-0.0763862483525855,0.83051842769989
"CTNNB1;TSC2",-0.788645564400227,0.856024639264969
"BRAF;TSC2",-0.131430684409018,0.83051842769989
"MAP2K2;TSC2",-0.157397616687838,0.83051842769989
"PIK3CA;TSC2",-0.54267151054356,0.83051842769989
"IGF1R;TSC2",0.0472830223180843,0.83051842769989
"TAZ;TSC2",-0.179419913791858,0.83051842769989
"TSC2;WRN",-0.278372773287155,0.83051842769989
"AKT2;TSC2",-0.517809644478879,0.83051842769989
"SRC;TSC2",-0.138546780182081,0.83051842769989
"DNMT3B;TSC2",-0.505251114853504,0.83051842769989
"APC;TSC2",-0.207256546564749,0.83051842769989
"ERBB2;TSC2",-0.109367514545374,0.83051842769989
"TSC2;YAP1",-0.274339906630404,0.83051842769989
"PTPN11;TSC2",-0.181380113642398,0.83051842769989
"CHEK1;TSC2",-1.59288854554257,0.996820526247479
"JAK1;TSC2",-0.518807382146207,0.83051842769989
"AKT1;ROCK2",-0.367082424848122,0.83051842769989
"BRD4;ROCK2",-0.24061439604431,0.83051842769989
"MYC;ROCK2",-1.60085792433285,0.996820526247479
"MAP2K1;ROCK2",-0.216944316871019,0.83051842769989
"MAPK1;ROCK2",-0.224123373722041,0.83051842769989
"ROCK2;WEE1",-0.86021843787878,0.864668066269919
"ARID1A;ROCK2",-0.431239138533922,0.83051842769989
"PRMT1;ROCK2",-1.19566574102336,0.955859828353274
"PARP1;ROCK2",-1.10296965413522,0.923680804859314
"PORCN;ROCK2",-0.201909000891538,0.83051842769989
"MDM2;ROCK2",-0.470264165388291,0.83051842769989
"EGFR;ROCK2",-0.460078444965248,0.83051842769989
"ROCK2;SMAD4",-0.373093299951878,0.83051842769989
"DNMT1;ROCK2",-0.563542133189468,0.83051842769989
"RAF1;ROCK2",-0.290328316537022,0.83051842769989
"CDK6;ROCK2",-0.651683639187172,0.83051842769989
"ATR;ROCK2",-1.07552331898111,0.920476754109352
"MCL1;ROCK2",-0.132023309602145,0.83051842769989
"BCL2;ROCK2",-0.634102017606639,0.83051842769989
"PRMT5;ROCK2",-0.814670714391425,0.858150763100959
"ATM;ROCK2",-0.339545437518849,0.83051842769989
"BCL2L1;ROCK2",-0.284542810213195,0.83051842769989
"KRAS;ROCK2",-0.43446389871618,0.83051842769989
"CDK4;ROCK2",-0.177479953697494,0.83051842769989
"CTNNB1;ROCK2",-0.954832568501448,0.890148732815625
"BRAF;ROCK2",-0.208174759251719,0.83051842769989
"MAP2K2;ROCK2",-0.144852574497508,0.83051842769989
"PIK3CA;ROCK2",-0.446817998043211,0.83051842769989
"IGF1R;ROCK2",-0.278721306394794,0.83051842769989
"ROCK2;TAZ",-0.160217510841193,0.83051842769989
"ROCK2;WRN",-0.255855852802373,0.83051842769989
"AKT2;ROCK2",-0.538018485805497,0.83051842769989
"ROCK2;SRC",-0.195169289693548,0.83051842769989
"DNMT3B;ROCK2",-0.544745824950838,0.83051842769989
"APC;ROCK2",-0.212078480194146,0.83051842769989
"ERBB2;ROCK2",-0.207399440880198,0.83051842769989
"ROCK2;YAP1",-0.256197300573863,0.83051842769989
"PTPN11;ROCK2",-0.142470220781296,0.83051842769989
"CHEK1;ROCK2",-1.55867374267637,0.996820526247479
"JAK1;ROCK2",-0.576791126002184,0.83051842769989
"AKT1;MAP2K7",-0.326042283098043,0.83051842769989
"BRD4;MAP2K7",-0.271166749009355,0.83051842769989
"MAP2K7;MYC",-1.32773352443754,0.992631515570185
"MAP2K1;MAP2K7",-0.341141531709763,0.83051842769989
"MAP2K7;MAPK1",-0.302021468473086,0.83051842769989
"MAP2K7;WEE1",-0.848083309180533,0.862322100102129
"ARID1A;MAP2K7",-0.443052211042856,0.83051842769989
"MAP2K7;PRMT1",-1.03573082368118,0.913394991889077
"MAP2K7;PARP1",-1.08139370638555,0.921488432930172
"MAP2K7;PORCN",-0.305690379614003,0.83051842769989
"MAP2K7;MDM2",-0.55706697691663,0.83051842769989
"EGFR;MAP2K7",-0.460552545565541,0.83051842769989
"MAP2K7;SMAD4",-0.355986080794144,0.83051842769989
"DNMT1;MAP2K7",-0.600443439580168,0.83051842769989
"MAP2K7;RAF1",-0.302916885599671,0.83051842769989
"CDK6;MAP2K7",-0.800849913924772,0.85735695490766
"ATR;MAP2K7",-1.06723611585448,0.918852196961997
"MAP2K7;MCL1",-0.302394354291224,0.83051842769989
"BCL2;MAP2K7",-0.626094247873054,0.83051842769989
"MAP2K7;PRMT5",-0.77410659734075,0.855003622828756
"ATM;MAP2K7",-0.255330168186229,0.83051842769989
"BCL2L1;MAP2K7",-0.362673289150576,0.83051842769989
"KRAS;MAP2K7",-0.367126523333588,0.83051842769989
"CDK4;MAP2K7",-0.311233315570026,0.83051842769989
"CTNNB1;MAP2K7",-1.02067468961978,0.909425323589825
"BRAF;MAP2K7",-0.351536665177505,0.83051842769989
"MAP2K2;MAP2K7",-0.378327369493768,0.83051842769989
"MAP2K7;PIK3CA",-0.509761952900149,0.83051842769989
"IGF1R;MAP2K7",-0.323322930849055,0.83051842769989
"MAP2K7;TAZ",-0.329314604130491,0.83051842769989
"MAP2K7;WRN",-0.283867388933962,0.83051842769989
"AKT2;MAP2K7",-0.515669622503073,0.83051842769989
"MAP2K7;SRC",-0.292143472065637,0.83051842769989
"DNMT3B;MAP2K7",-0.5435261134104,0.83051842769989
"APC;MAP2K7",-0.370718749174481,0.83051842769989
"ERBB2;MAP2K7",-0.329366416385316,0.83051842769989
"MAP2K7;YAP1",-0.287805020102523,0.83051842769989
"MAP2K7;PTPN11",-0.345054587890759,0.83051842769989
"CHEK1;MAP2K7",-1.78632717867891,0.996820526247479
"JAK1;MAP2K7",-0.61166547212113,0.83051842769989
"AKT1;KIF4A",-0.35098324743761,0.83051842769989
"BRD4;KIF4A",-0.231830929149377,0.83051842769989
"KIF4A;MYC",-1.45752512851075,0.996820526247479
"KIF4A;MAP2K1",-0.0697083673508733,0.83051842769989
"KIF4A;MAPK1",-0.226002846003689,0.83051842769989
"KIF4A;WEE1",-0.773382223536523,0.854846968704009
"ARID1A;KIF4A",-0.45069081400966,0.83051842769989
"KIF4A;PRMT1",-1.3130549402065,0.989900967646938
"KIF4A;PARP1",-1.11467761319793,0.924717238549349
"KIF4A;PORCN",-0.262299073045191,0.83051842769989
"KIF4A;MDM2",-0.57665467158217,0.83051842769989
"EGFR;KIF4A",-0.507142473792671,0.83051842769989
"KIF4A;SMAD4",-0.298462880561735,0.83051842769989
"DNMT1;KIF4A",-0.497273326151086,0.83051842769989
"KIF4A;RAF1",-0.28645100581276,0.83051842769989
"CDK6;KIF4A",-0.658982890681318,0.83051842769989
"ATR;KIF4A",-1.09005791410942,0.922377512721138
"KIF4A;MCL1",-0.0403042739898711,0.83051842769989
"BCL2;KIF4A",-0.650283226409514,0.83051842769989
"KIF4A;PRMT5",-0.853060917375261,0.863220419071441
"ATM;KIF4A",-0.4034529194196,0.83051842769989
"BCL2L1;KIF4A",-0.289249405315079,0.83051842769989
"KIF4A;KRAS",-0.431769393818229,0.83051842769989
"CDK4;KIF4A",-0.0248327421653847,0.83051842769989
"CTNNB1;KIF4A",-1.02163118668772,0.909544528705761
"BRAF;KIF4A",-0.0557470304356288,0.83051842769989
"KIF4A;MAP2K2",-0.157460812014522,0.83051842769989
"KIF4A;PIK3CA",-0.550404806564663,0.83051842769989
"IGF1R;KIF4A",-0.307917829133232,0.83051842769989
"KIF4A;TAZ",-0.147252157512691,0.83051842769989
"KIF4A;WRN",-0.238783807148681,0.83051842769989
"AKT2;KIF4A",-0.53999903401221,0.83051842769989
"KIF4A;SRC",-0.0916956315918049,0.83051842769989
"DNMT3B;KIF4A",-0.523442043059497,0.83051842769989
"APC;KIF4A",-0.173314114497479,0.83051842769989
"ERBB2;KIF4A",-0.0338979896068525,0.83051842769989
"KIF4A;YAP1",-0.308300773101687,0.83051842769989
"KIF4A;PTPN11",-0.182074641923639,0.83051842769989
"CHEK1;KIF4A",-1.69600681380405,0.996820526247479
"JAK1;KIF4A",-0.550677056771015,0.83051842769989
"AKT1;NF2",-0.304990278472607,0.83051842769989
"BRD4;NF2",-0.359650356744369,0.83051842769989
"MYC;NF2",-1.6215509982705,0.996820526247479
"MAP2K1;NF2",-0.328481770222441,0.83051842769989
"MAPK1;NF2",-0.360851393066824,0.83051842769989
"NF2;WEE1",-0.830950375386374,0.858667905495995
"ARID1A;NF2",-0.478411854545129,0.83051842769989
"NF2;PRMT1",-1.3425699297126,0.994803001460787
"NF2;PARP1",-1.08548159178153,0.922001026393481
"NF2;PORCN",-0.337920625176759,0.83051842769989
"MDM2;NF2",-0.560691344143751,0.83051842769989
"EGFR;NF2",-0.492086847763924,0.83051842769989
"NF2;SMAD4",-0.332059714315089,0.83051842769989
"DNMT1;NF2",-0.602332370059111,0.83051842769989
"NF2;RAF1",-0.308748152501374,0.83051842769989
"CDK6;NF2",-0.649481184823599,0.83051842769989
"ATR;NF2",-0.931426838777858,0.884293892754587
"MCL1;NF2",-0.323251763052116,0.83051842769989
"BCL2;NF2",-0.589352744839614,0.83051842769989
"NF2;PRMT5",-0.7795924133567,0.855392982465961
"ATM;NF2",-0.35372613396335,0.83051842769989
"BCL2L1;NF2",-0.350610917647553,0.83051842769989
"KRAS;NF2",-0.451105797061251,0.83051842769989
"CDK4;NF2",-0.38378613828296,0.83051842769989
"CTNNB1;NF2",-0.900673728550909,0.875519581702139
"BRAF;NF2",-0.296832723582216,0.83051842769989
"MAP2K2;NF2",-0.351523803429336,0.83051842769989
"NF2;PIK3CA",-0.49969234409883,0.83051842769989
"IGF1R;NF2",-0.311937689918341,0.83051842769989
"NF2;TAZ",-0.328443538662697,0.83051842769989
"NF2;WRN",-0.338311385821941,0.83051842769989
"AKT2;NF2",-0.564833154122714,0.83051842769989
"NF2;SRC",-0.359633752009045,0.83051842769989
"DNMT3B;NF2",-0.466338378956671,0.83051842769989
"APC;NF2",-0.367990169450245,0.83051842769989
"ERBB2;NF2",-0.315000698024296,0.83051842769989
"NF2;YAP1",-0.363739905334612,0.83051842769989
"NF2;PTPN11",-0.328335674861665,0.83051842769989
"CHEK1;NF2",-1.6080760633341,0.996820526247479
"JAK1;NF2",-0.609835998584432,0.83051842769989
"AKT1;NRP1",-0.241202750982243,0.83051842769989
"BRD4;NRP1",-0.245205539176495,0.83051842769989
"MYC;NRP1",-1.63170375991966,0.996820526247479
"MAP2K1;NRP1",-0.245353492095676,0.83051842769989
"MAPK1;NRP1",-0.207455203564788,0.83051842769989
"NRP1;WEE1",-0.87447830330443,0.867067486721349
"ARID1A;NRP1",-0.477954814108482,0.83051842769989
"NRP1;PRMT1",-1.25223723626416,0.974912111706879
"NRP1;PARP1",-1.03923982414959,0.913419946253691
"NRP1;PORCN",-0.27154000886989,0.83051842769989
"MDM2;NRP1",-0.554130512680481,0.83051842769989
"EGFR;NRP1",-0.51142157193625,0.83051842769989
"NRP1;SMAD4",-0.369781668055598,0.83051842769989
"DNMT1;NRP1",-0.5886576924822,0.83051842769989
"NRP1;RAF1",-0.214066537748159,0.83051842769989
"CDK6;NRP1",-0.76020341629972,0.853063081294386
"ATR;NRP1",-1.10654030183112,0.923850009252945
"MCL1;NRP1",-0.123378574904083,0.83051842769989
"BCL2;NRP1",-0.615496886789339,0.83051842769989
"NRP1;PRMT5",-0.695029624067005,0.837847137993441
"ATM;NRP1",-0.402895679453482,0.83051842769989
"BCL2L1;NRP1",-0.287287952143571,0.83051842769989
"KRAS;NRP1",-0.424730795791285,0.83051842769989
"CDK4;NRP1",-0.248347167872513,0.83051842769989
"CTNNB1;NRP1",-0.824998157894257,0.858367750999105
"BRAF;NRP1",-0.231581025639512,0.83051842769989
"MAP2K2;NRP1",-0.262531324546162,0.83051842769989
"NRP1;PIK3CA",-0.561728903133634,0.83051842769989
"IGF1R;NRP1",-0.340686472393151,0.83051842769989
"NRP1;TAZ",-0.217990114032115,0.83051842769989
"NRP1;WRN",-0.158961591104221,0.83051842769989
"AKT2;NRP1",-0.56114322891399,0.83051842769989
"NRP1;SRC",-0.113220361168212,0.83051842769989
"DNMT3B;NRP1",-0.507521603448655,0.83051842769989
"APC;NRP1",-0.240960049394915,0.83051842769989
"ERBB2;NRP1",-0.170245376788276,0.83051842769989
"NRP1;YAP1",-0.321058504559475,0.83051842769989
"NRP1;PTPN11",-0.227645197467857,0.83051842769989
"CHEK1;NRP1",-1.7857821393031,0.996820526247479
"JAK1;NRP1",-0.547831031199703,0.83051842769989
"AKT1;MELK",-0.409635720259216,0.83051842769989
"BRD4;MELK",-0.366828934562681,0.83051842769989
"MELK;MYC",-1.56147603616596,0.996820526247479
"MAP2K1;MELK",-0.33226474758086,0.83051842769989
"MAPK1;MELK",-0.422569711953743,0.83051842769989
"MELK;WEE1",-0.827001040144524,0.858367750999105
"ARID1A;MELK",-0.475597226610278,0.83051842769989
"MELK;PRMT1",-1.24501424574355,0.972997066457821
"MELK;PARP1",-1.11259470114281,0.924309844420724
"MELK;PORCN",-0.431928084727291,0.83051842769989
"MDM2;MELK",-0.586943965115419,0.83051842769989
"EGFR;MELK",-0.497756873181395,0.83051842769989
"MELK;SMAD4",-0.418835900418607,0.83051842769989
"DNMT1;MELK",-0.626230734710953,0.83051842769989
"MELK;RAF1",-0.388994969749407,0.83051842769989
"CDK6;MELK",-0.766986959989941,0.853610623147136
"ATR;MELK",-0.994383133529219,0.90294929591295
"MCL1;MELK",-0.420735556763669,0.83051842769989
"BCL2;MELK",-0.564653978926281,0.83051842769989
"MELK;PRMT5",-0.852346842194847,0.863220419071441
"ATM;MELK",-0.410674412399317,0.83051842769989
"BCL2L1;MELK",-0.186116532707298,0.83051842769989
"KRAS;MELK",-0.435241235857242,0.83051842769989
"CDK4;MELK",-0.344368895858583,0.83051842769989
"CTNNB1;MELK",-0.997413980001747,0.903761676856858
"BRAF;MELK",-0.39478765531912,0.83051842769989
"MAP2K2;MELK",-0.270627892706124,0.83051842769989
"MELK;PIK3CA",-0.567455698930429,0.83051842769989
"IGF1R;MELK",-0.345059580417079,0.83051842769989
"MELK;TAZ",-0.410608155530562,0.83051842769989
"MELK;WRN",-0.23151750351675,0.83051842769989
"AKT2;MELK",-0.565981402927451,0.83051842769989
"MELK;SRC",-0.429585896554412,0.83051842769989
"DNMT3B;MELK",-0.459752914616848,0.83051842769989
"APC;MELK",-0.372850698388249,0.83051842769989
"ERBB2;MELK",-0.360056968543651,0.83051842769989
"MELK;YAP1",-0.419105726126101,0.83051842769989
"MELK;PTPN11",-0.421181295296242,0.83051842769989
"CHEK1;MELK",-1.50897718694516,0.996820526247479
"JAK1;MELK",-0.561500111143932,0.83051842769989
"AKT1;SMC3",-0.762294954537671,0.853329897622711
"BRD4;SMC3",-0.90649587735899,0.877036775745849
"MYC;SMC3",-1.11895736324398,0.924916103508183
"MAP2K1;SMC3",-0.89190215016928,0.87284673981546
"MAPK1;SMC3",-0.886269923960374,0.870873402801171
"SMC3;WEE1",-0.285420712234478,0.83051842769989
"ARID1A;SMC3",-0.631144490936458,0.83051842769989
"PRMT1;SMC3",-0.822026784121585,0.85826452060764
"PARP1;SMC3",-1.00317565976887,0.905077134418688
"PORCN;SMC3",-0.88254089464438,0.869832290112104
"MDM2;SMC3",-0.663727683347133,0.83051842769989
"EGFR;SMC3",-0.915994660643525,0.879904766945738
"SMAD4;SMC3",-0.426372227555293,0.83051842769989
"DNMT1;SMC3",-0.562566786406576,0.83051842769989
"RAF1;SMC3",-0.859625783777574,0.864479149973615
"CDK6;SMC3",-0.782961952486392,0.855443174457673
"ATR;SMC3",-0.537556701425946,0.83051842769989
"MCL1;SMC3",-0.729144296735133,0.845959364164109
"BCL2;SMC3",-0.782970345955906,0.855443174457673
"PRMT5;SMC3",-0.594985045398022,0.83051842769989
"ATM;SMC3",-0.676529734756735,0.833414232765322
"BCL2L1;SMC3",-0.907699235852865,0.877475798390277
"KRAS;SMC3",-0.704175103117202,0.840699496769234
"CDK4;SMC3",-0.792644478923067,0.856844608927936
"CTNNB1;SMC3",-0.444827309695572,0.83051842769989
"BRAF;SMC3",-0.842386579333522,0.860851956624273
"MAP2K2;SMC3",-0.897494540886467,0.874363253223924
"PIK3CA;SMC3",-0.913767205968637,0.879233837218679
"IGF1R;SMC3",-0.623252400940774,0.83051842769989
"SMC3;TAZ",-0.828503013339868,0.85856328219166
"SMC3;WRN",-0.775977480608891,0.855392982465961
"AKT2;SMC3",-0.817133646544797,0.858161508880255
"SMC3;SRC",-0.78441702392537,0.855443174457673
"DNMT3B;SMC3",-0.663943369586449,0.83051842769989
"APC;SMC3",-0.822502903715915,0.85826452060764
"ERBB2;SMC3",-0.871633549315231,0.866098691015892
"SMC3;YAP1",-0.911591874218132,0.878664671044186
"PTPN11;SMC3",-0.907870413047145,0.877475798390277
"CHEK1;SMC3",-1.53139331465148,0.996820526247479
"JAK1;SMC3",-0.689167995818022,0.836553028488806
"AKT1;FZR1",-0.357784101913242,0.83051842769989
"BRD4;FZR1",-0.24563230817809,0.83051842769989
"FZR1;MYC",-1.52222063455693,0.996820526247479
"FZR1;MAP2K1",-0.0988830461115526,0.83051842769989
"FZR1;MAPK1",-0.182038396413212,0.83051842769989
"FZR1;WEE1",-0.911600206749624,0.878664671044186
"ARID1A;FZR1",-0.450034588917492,0.83051842769989
"FZR1;PRMT1",-1.38796491553516,0.996820526247479
"FZR1;PARP1",-1.07476192786831,0.920438060131278
"FZR1;PORCN",-0.317332497102951,0.83051842769989
"FZR1;MDM2",-0.50265963171112,0.83051842769989
"EGFR;FZR1",-0.511516522957525,0.83051842769989
"FZR1;SMAD4",-0.320466856331455,0.83051842769989
"DNMT1;FZR1",-0.605682523226834,0.83051842769989
"FZR1;RAF1",-0.24283192323075,0.83051842769989
"CDK6;FZR1",-0.81176312821241,0.858150763100959
"ATR;FZR1",-0.916800523693606,0.880166247719392
"FZR1;MCL1",-0.0365240594858961,0.83051842769989
"BCL2;FZR1",-0.593765209512134,0.83051842769989
"FZR1;PRMT5",-0.800548910591793,0.857292527748453
"ATM;FZR1",-0.354507370912528,0.83051842769989
"BCL2L1;FZR1",-0.23463934237911,0.83051842769989
"FZR1;KRAS",-0.438952771554059,0.83051842769989
"CDK4;FZR1",-0.156029692041964,0.83051842769989
"CTNNB1;FZR1",-0.962781959810196,0.892855866847682
"BRAF;FZR1",0.0238786303685841,0.83051842769989
"FZR1;MAP2K2",-0.0495539350105573,0.83051842769989
"FZR1;PIK3CA",-0.420102617900033,0.83051842769989
"FZR1;IGF1R",-0.187780817472405,0.83051842769989
"FZR1;TAZ",-0.161710716585701,0.83051842769989
"FZR1;WRN",-0.228319639097828,0.83051842769989
"AKT2;FZR1",-0.551181302982471,0.83051842769989
"FZR1;SRC",0.0921202897375064,0.83051842769989
"DNMT3B;FZR1",-0.506399283929953,0.83051842769989
"APC;FZR1",-0.0969671817559694,0.83051842769989
"ERBB2;FZR1",-0.0830609513948673,0.83051842769989
"FZR1;YAP1",-0.249921278885504,0.83051842769989
"FZR1;PTPN11",-0.124022067899331,0.83051842769989
"CHEK1;FZR1",-1.77604563211852,0.996820526247479
"FZR1;JAK1",-0.522373880623223,0.83051842769989
"AKT1;NIT2",-0.333098770786077,0.83051842769989
"BRD4;NIT2",-0.178028070320737,0.83051842769989
"MYC;NIT2",-1.57644579459851,0.996820526247479
"MAP2K1;NIT2",-0.107985595932228,0.83051842769989
"MAPK1;NIT2",-0.218458266733176,0.83051842769989
"NIT2;WEE1",-0.86393690704573,0.864875045592771
"ARID1A;NIT2",-0.387509221363953,0.83051842769989
"NIT2;PRMT1",-1.37434902388964,0.996820526247479
"NIT2;PARP1",-1.12089705234234,0.924916103508183
"NIT2;PORCN",-0.343969327120629,0.83051842769989
"MDM2;NIT2",-0.499571627814321,0.83051842769989
"EGFR;NIT2",-0.451811741670957,0.83051842769989
"NIT2;SMAD4",-0.297868371669311,0.83051842769989
"DNMT1;NIT2",-0.554503813913759,0.83051842769989
"NIT2;RAF1",-0.17417639162966,0.83051842769989
"CDK6;NIT2",-0.832539097887733,0.858667905495995
"ATR;NIT2",-1.05111513637141,0.914963052705751
"MCL1;NIT2",-0.188144900157514,0.83051842769989
"BCL2;NIT2",-0.642806641771835,0.83051842769989
"NIT2;PRMT5",-0.855107683876121,0.863701717201432
"ATM;NIT2",-0.362057985362396,0.83051842769989
"BCL2L1;NIT2",-0.338580558512429,0.83051842769989
"KRAS;NIT2",-0.421740966893419,0.83051842769989
"CDK4;NIT2",-0.126576583272871,0.83051842769989
"CTNNB1;NIT2",-0.995102794225146,0.903060996412981
"BRAF;NIT2",-0.110158995813964,0.83051842769989
"MAP2K2;NIT2",-0.0837496911080818,0.83051842769989
"NIT2;PIK3CA",-0.497533994832008,0.83051842769989
"IGF1R;NIT2",-0.306754219627321,0.83051842769989
"NIT2;TAZ",-0.129531735716414,0.83051842769989
"NIT2;WRN",-0.194833925699256,0.83051842769989
"AKT2;NIT2",-0.552392501102986,0.83051842769989
"NIT2;SRC",-0.122027726260175,0.83051842769989
"DNMT3B;NIT2",-0.497697590145836,0.83051842769989
"APC;NIT2",-0.1949886990162,0.83051842769989
"ERBB2;NIT2",-0.153971256778844,0.83051842769989
"NIT2;YAP1",-0.315706315958905,0.83051842769989
"NIT2;PTPN11",-0.124667110167441,0.83051842769989
"CHEK1;NIT2",-1.76100092537557,0.996820526247479
"JAK1;NIT2",-0.544951766329906,0.83051842769989
"AKT1;BARD1",-0.32216350394875,0.83051842769989
"BARD1;BRD4",-0.147764632939161,0.83051842769989
"BARD1;MYC",-1.58353299001475,0.996820526247479
"BARD1;MAP2K1",-0.196276669030463,0.83051842769989
"BARD1;MAPK1",-0.136529713532817,0.83051842769989
"BARD1;WEE1",-0.620876435884873,0.83051842769989
"ARID1A;BARD1",-0.291577509528615,0.83051842769989
"BARD1;PRMT1",-1.38532076913358,0.996820526247479
"BARD1;PARP1",-1.00246129318706,0.904985038561323
"BARD1;PORCN",-0.254515491039663,0.83051842769989
"BARD1;MDM2",-0.574149461789448,0.83051842769989
"BARD1;EGFR",-0.442530422210604,0.83051842769989
"BARD1;SMAD4",-0.309151580243561,0.83051842769989
"BARD1;DNMT1",-0.60652047965513,0.83051842769989
"BARD1;RAF1",-0.213824041123601,0.83051842769989
"BARD1;CDK6",-0.82418184047687,0.858327427499431
"ATR;BARD1",-0.976885578489669,0.897553188838632
"BARD1;MCL1",-0.195126106341036,0.83051842769989
"BARD1;BCL2",-0.606874505340308,0.83051842769989
"BARD1;PRMT5",-0.774062100305489,0.855003622828756
"ATM;BARD1",-0.384261312962107,0.83051842769989
"BARD1;BCL2L1",-0.337153039180992,0.83051842769989
"BARD1;KRAS",-0.358480362828213,0.83051842769989
"BARD1;CDK4",-0.194321877484607,0.83051842769989
"BARD1;CTNNB1",-1.03904571704063,0.913419946253691
"BARD1;BRAF",-0.138605774304236,0.83051842769989
"BARD1;MAP2K2",-0.0469747939347347,0.83051842769989
"BARD1;PIK3CA",-0.536140646853877,0.83051842769989
"BARD1;IGF1R",-0.267937553568322,0.83051842769989
"BARD1;TAZ",-0.166571771306273,0.83051842769989
"BARD1;WRN",-0.221857389165896,0.83051842769989
"AKT2;BARD1",-0.54409525575188,0.83051842769989
"BARD1;SRC",-0.193314510597535,0.83051842769989
"BARD1;DNMT3B",-0.441809962027466,0.83051842769989
"APC;BARD1",-0.24322217290287,0.83051842769989
"BARD1;ERBB2",-0.149069675089578,0.83051842769989
"BARD1;YAP1",-0.308932182129,0.83051842769989
"BARD1;PTPN11",-0.165557886130306,0.83051842769989
"BARD1;CHEK1",-1.67734169650721,0.996820526247479
"BARD1;JAK1",-0.524546871331214,0.83051842769989
"AKT1;TUBB",-0.346003805110696,0.83051842769989
"BRD4;TUBB",-0.185440774242728,0.83051842769989
"MYC;TUBB",-1.53008548747963,0.996820526247479
"MAP2K1;TUBB",-0.197383931058889,0.83051842769989
"MAPK1;TUBB",-0.192443180970051,0.83051842769989
"TUBB;WEE1",-0.80441871230628,0.857781436932022
"ARID1A;TUBB",-0.344922654445795,0.83051842769989
"PRMT1;TUBB",-1.21784134142099,0.963888218562484
"PARP1;TUBB",-1.09589949084587,0.92317363085918
"PORCN;TUBB",-0.1569070106724,0.83051842769989
"MDM2;TUBB",-0.419976544532501,0.83051842769989
"EGFR;TUBB",-0.494378204106482,0.83051842769989
"SMAD4;TUBB",-0.258572440116662,0.83051842769989
"DNMT1;TUBB",-0.544766097790824,0.83051842769989
"RAF1;TUBB",-0.296368864955216,0.83051842769989
"CDK6;TUBB",-0.751096024762562,0.851147158300069
"ATR;TUBB",-0.947679142562597,0.888573853360589
"MCL1;TUBB",-0.130493631981024,0.83051842769989
"BCL2;TUBB",-0.582330882311937,0.83051842769989
"PRMT5;TUBB",-0.828814552455101,0.858650912058034
"ATM;TUBB",-0.260463620579624,0.83051842769989
"BCL2L1;TUBB",-0.250390040020134,0.83051842769989
"KRAS;TUBB",-0.464633140809997,0.83051842769989
"CDK4;TUBB",-0.100152172496891,0.83051842769989
"CTNNB1;TUBB",-0.899122035921286,0.874947667608093
"BRAF;TUBB",-0.226787083288952,0.83051842769989
"MAP2K2;TUBB",-0.171100669294016,0.83051842769989
"PIK3CA;TUBB",-0.442877547817303,0.83051842769989
"IGF1R;TUBB",-0.21286490135335,0.83051842769989
"TAZ;TUBB",-0.165993767554307,0.83051842769989
"TUBB;WRN",-0.293892683173588,0.83051842769989
"AKT2;TUBB",-0.367888738729642,0.83051842769989
"SRC;TUBB",-0.216047638943487,0.83051842769989
"DNMT3B;TUBB",-0.477703495400357,0.83051842769989
"APC;TUBB",-0.239822516255748,0.83051842769989
"ERBB2;TUBB",-0.224437419461648,0.83051842769989
"TUBB;YAP1",-0.302777105913993,0.83051842769989
"PTPN11;TUBB",-0.103646374248786,0.83051842769989
"CHEK1;TUBB",-1.75387512250335,0.996820526247479
"JAK1;TUBB",-0.436003948466439,0.83051842769989
"AKT1;XIAP",-0.353863370474028,0.83051842769989
"BRD4;XIAP",-0.277437900208066,0.83051842769989
"MYC;XIAP",-1.59327450879642,0.996820526247479
"MAP2K1;XIAP",-0.239338049397627,0.83051842769989
"MAPK1;XIAP",-0.261464360904872,0.83051842769989
"WEE1;XIAP",-0.647480056782161,0.83051842769989
"ARID1A;XIAP",-0.439985952917796,0.83051842769989
"PRMT1;XIAP",-1.19492436892396,0.955691179393562
"PARP1;XIAP",-1.10327440133232,0.923693465737953
"PORCN;XIAP",-0.301462172128827,0.83051842769989
"MDM2;XIAP",-0.393747939591438,0.83051842769989
"EGFR;XIAP",-0.513271079115269,0.83051842769989
"SMAD4;XIAP",-0.368148248568028,0.83051842769989
"DNMT1;XIAP",-0.482235075184098,0.83051842769989
"RAF1;XIAP",-0.266902671363015,0.83051842769989
"CDK6;XIAP",-0.768909455972759,0.854005395958177
"ATR;XIAP",-1.00752086711447,0.906102940821111
"MCL1;XIAP",-0.230535768469228,0.83051842769989
"BCL2;XIAP",-0.632028454219179,0.83051842769989
"PRMT5;XIAP",-0.752839726526941,0.851487838160446
"ATM;XIAP",-0.36175897830359,0.83051842769989
"BCL2L1;XIAP",-0.325261762747097,0.83051842769989
"KRAS;XIAP",-0.409127638289599,0.83051842769989
"CDK4;XIAP",-0.172848410972641,0.83051842769989
"CTNNB1;XIAP",-0.92324012170987,0.882255037935532
"BRAF;XIAP",-0.273060246360418,0.83051842769989
"MAP2K2;XIAP",-0.27375586956126,0.83051842769989
"PIK3CA;XIAP",-0.566553702654406,0.83051842769989
"IGF1R;XIAP",-0.357188062754566,0.83051842769989
"TAZ;XIAP",-0.246731540877146,0.83051842769989
"WRN;XIAP",-0.229884275101391,0.83051842769989
"AKT2;XIAP",-0.573109456632963,0.83051842769989
"SRC;XIAP",-0.222195527544801,0.83051842769989
"DNMT3B;XIAP",-0.440815337825693,0.83051842769989
"APC;XIAP",-0.266998368196432,0.83051842769989
"ERBB2;XIAP",-0.19995198859998,0.83051842769989
"XIAP;YAP1",-0.325142882213423,0.83051842769989
"PTPN11;XIAP",-0.260237897152646,0.83051842769989
"CHEK1;XIAP",-1.66093731174708,0.996820526247479
"JAK1;XIAP",-0.544851591543177,0.83051842769989
"AKT1;CDC42",-0.243743433675411,0.83051842769989
"BRD4;CDC42",-0.380774388670997,0.83051842769989
"CDC42;MYC",-1.49270026288589,0.996820526247479
"CDC42;MAP2K1",-0.380693967871479,0.83051842769989
"CDC42;MAPK1",-0.411130045071111,0.83051842769989
"CDC42;WEE1",-0.704053505482874,0.840699496769234
"ARID1A;CDC42",-0.455166495922114,0.83051842769989
"CDC42;PRMT1",-1.35782970027983,0.996715013350262
"CDC42;PARP1",-1.05565476586791,0.916105491692665
"CDC42;PORCN",-0.39637557267401,0.83051842769989
"CDC42;MDM2",-0.535368502482862,0.83051842769989
"CDC42;EGFR",-0.502105743315948,0.83051842769989
"CDC42;SMAD4",-0.408318562174171,0.83051842769989
"CDC42;DNMT1",-0.601399931648568,0.83051842769989
"CDC42;RAF1",-0.413383115881359,0.83051842769989
"CDC42;CDK6",-0.781413424301518,0.855443174457673
"ATR;CDC42",-1.07007305859961,0.919634631365067
"CDC42;MCL1",-0.412613324992279,0.83051842769989
"BCL2;CDC42",-0.63955942344799,0.83051842769989
"CDC42;PRMT5",-0.640028614229553,0.83051842769989
"ATM;CDC42",-0.408913037766361,0.83051842769989
"BCL2L1;CDC42",-0.389153268859106,0.83051842769989
"CDC42;KRAS",-0.384418143959894,0.83051842769989
"CDC42;CDK4",-0.412989282430538,0.83051842769989
"CDC42;CTNNB1",-1.04250961297584,0.913419946253691
"BRAF;CDC42",-0.318872107079812,0.83051842769989
"CDC42;MAP2K2",-0.255252432781746,0.83051842769989
"CDC42;PIK3CA",-0.480395813650518,0.83051842769989
"CDC42;IGF1R",-0.394874981138119,0.83051842769989
"CDC42;TAZ",-0.39148030514427,0.83051842769989
"CDC42;WRN",-0.216273930047926,0.83051842769989
"AKT2;CDC42",-0.574490079890673,0.83051842769989
"CDC42;SRC",-0.368876400964106,0.83051842769989
"CDC42;DNMT3B",-0.513051850924903,0.83051842769989
"APC;CDC42",-0.387782047061127,0.83051842769989
"CDC42;ERBB2",-0.286228689985409,0.83051842769989
"CDC42;YAP1",-0.286914906577892,0.83051842769989
"CDC42;PTPN11",-0.339267641118328,0.83051842769989
"CDC42;CHEK1",-1.52597924512102,0.996820526247479
"CDC42;JAK1",-0.616567373809394,0.83051842769989
"AKT1;MFN2",-0.717787370443858,0.844039243239132
"BRD4;MFN2",-0.788151299261731,0.856024639264969
"MFN2;MYC",-1.22431469812232,0.966406614676196
"MAP2K1;MFN2",-0.773098769790168,0.854830910005804
"MAPK1;MFN2",-0.792808781619517,0.856844608927936
"MFN2;WEE1",-0.719570577856537,0.84410788938019
"ARID1A;MFN2",-0.614744949804901,0.83051842769989
"MFN2;PRMT1",-0.825580315030017,0.858367750999105
"MFN2;PARP1",-1.06787595366992,0.91893957824453
"MFN2;PORCN",-0.735338664761554,0.847481371373796
"MDM2;MFN2",-0.736078195816434,0.84767092302836
"EGFR;MFN2",-0.711745143767643,0.842230237016778
"MFN2;SMAD4",-0.778249920472252,0.855392982465961
"DNMT1;MFN2",-0.707751900875632,0.841643144998322
"MFN2;RAF1",-0.783714751415783,0.855443174457673
"CDK6;MFN2",-0.811662746732144,0.858150763100959
"ATR;MFN2",-0.69568859696047,0.838156119112474
"MCL1;MFN2",-0.583196909917222,0.83051842769989
"BCL2;MFN2",-0.799613212772099,0.857292527748453
"MFN2;PRMT5",-0.606931974669305,0.83051842769989
"ATM;MFN2",-0.662792635312145,0.83051842769989
"BCL2L1;MFN2",-0.778611295632135,0.855392982465961
"KRAS;MFN2",-0.784275566437767,0.855443174457673
"CDK4;MFN2",-0.796784126179281,0.857223296658322
"CTNNB1;MFN2",-0.889612406583976,0.872180403257427
"BRAF;MFN2",-0.63955051842276,0.83051842769989
"MAP2K2;MFN2",-0.77108818171286,0.854290408947958
"MFN2;PIK3CA",-0.683271260526217,0.834982752516359
"IGF1R;MFN2",-0.689627829103204,0.836598700753595
"MFN2;TAZ",-0.630535333960401,0.83051842769989
"MFN2;WRN",-0.710542707882234,0.841953357183135
"AKT2;MFN2",-0.755984199201599,0.852358947062911
"MFN2;SRC",-0.773538230028544,0.854846968704009
"DNMT3B;MFN2",-0.555291270758073,0.83051842769989
"APC;MFN2",-0.72054821913445,0.844436860936825
"ERBB2;MFN2",-0.781320516080348,0.855443174457673
"MFN2;YAP1",-0.809786269319105,0.858150763100959
"MFN2;PTPN11",-0.691769657082928,0.83704328326344
"CHEK1;MFN2",-1.28293480205661,0.983755048926127
"JAK1;MFN2",-0.60399827688848,0.83051842769989
"AKT1;MAPKAPK2",-0.277354364466108,0.83051842769989
"BRD4;MAPKAPK2",-0.0810545075108508,0.83051842769989
"MAPKAPK2;MYC",-1.57995780524671,0.996820526247479
"MAP2K1;MAPKAPK2",-0.252693751667399,0.83051842769989
"MAPK1;MAPKAPK2",-0.223763139273014,0.83051842769989
"MAPKAPK2;WEE1",-0.912963478283891,0.878936795281164
"ARID1A;MAPKAPK2",-0.441405181056154,0.83051842769989
"MAPKAPK2;PRMT1",-1.35392205858146,0.99627433411809
"MAPKAPK2;PARP1",-1.12247774677977,0.924916103508183
"MAPKAPK2;PORCN",-0.350357732808587,0.83051842769989
"MAPKAPK2;MDM2",-0.574773771007174,0.83051842769989
"EGFR;MAPKAPK2",-0.433493175236525,0.83051842769989
"MAPKAPK2;SMAD4",-0.348169553611598,0.83051842769989
"DNMT1;MAPKAPK2",-0.602013948443486,0.83051842769989
"MAPKAPK2;RAF1",-0.192538626829436,0.83051842769989
"CDK6;MAPKAPK2",-0.779742857693126,0.855392982465961
"ATR;MAPKAPK2",-1.10077610075583,0.923452397685076
"MAPKAPK2;MCL1",-0.203516903717554,0.83051842769989
"BCL2;MAPKAPK2",-0.615888763697058,0.83051842769989
"MAPKAPK2;PRMT5",-0.815331337850277,0.858150763100959
"ATM;MAPKAPK2",-0.366774534256869,0.83051842769989
"BCL2L1;MAPKAPK2",-0.191401380580803,0.83051842769989
"KRAS;MAPKAPK2",-0.43310138905235,0.83051842769989
"CDK4;MAPKAPK2",-0.228312215963079,0.83051842769989
"CTNNB1;MAPKAPK2",-1.04659656376036,0.913937683631205
"BRAF;MAPKAPK2",-0.158349055855181,0.83051842769989
"MAP2K2;MAPKAPK2",-0.202725444244028,0.83051842769989
"MAPKAPK2;PIK3CA",-0.515841557180636,0.83051842769989
"IGF1R;MAPKAPK2",-0.34810253671006,0.83051842769989
"MAPKAPK2;TAZ",-0.212399174760429,0.83051842769989
"MAPKAPK2;WRN",-0.303044670474035,0.83051842769989
"AKT2;MAPKAPK2",-0.537872102287816,0.83051842769989
"MAPKAPK2;SRC",-0.25166874543677,0.83051842769989
"DNMT3B;MAPKAPK2",-0.536071767713302,0.83051842769989
"APC;MAPKAPK2",-0.219876576384526,0.83051842769989
"ERBB2;MAPKAPK2",-0.179491960754481,0.83051842769989
"MAPKAPK2;YAP1",-0.289390962697568,0.83051842769989
"MAPKAPK2;PTPN11",-0.245175037006095,0.83051842769989
"CHEK1;MAPKAPK2",-1.70296830449074,0.996820526247479
"JAK1;MAPKAPK2",-0.567604525698033,0.83051842769989
"AKT1;MAP3K1",-0.3224054119052,0.83051842769989
"BRD4;MAP3K1",-0.217150886116046,0.83051842769989
"MAP3K1;MYC",-1.39108221730031,0.996820526247479
"MAP2K1;MAP3K1",-0.227812399522442,0.83051842769989
"MAP3K1;MAPK1",-0.201811518297585,0.83051842769989
"MAP3K1;WEE1",-0.851944116470567,0.863220419071441
"ARID1A;MAP3K1",-0.477557209060241,0.83051842769989
"MAP3K1;PRMT1",-1.37058634913633,0.996820526247479
"MAP3K1;PARP1",-1.05009086744899,0.914547754517236
"MAP3K1;PORCN",-0.326056256321021,0.83051842769989
"MAP3K1;MDM2",-0.56831342719756,0.83051842769989
"EGFR;MAP3K1",-0.500136065160005,0.83051842769989
"MAP3K1;SMAD4",-0.274637203038414,0.83051842769989
"DNMT1;MAP3K1",-0.510923043984493,0.83051842769989
"MAP3K1;RAF1",-0.278850543852738,0.83051842769989
"CDK6;MAP3K1",-0.780507072654695,0.855400494058871
"ATR;MAP3K1",-1.01111477629296,0.907229168984423
"MAP3K1;MCL1",-0.198515769001123,0.83051842769989
"BCL2;MAP3K1",-0.540839519771978,0.83051842769989
"MAP3K1;PRMT5",-0.806718041088059,0.858087473581107
"ATM;MAP3K1",-0.386510030686087,0.83051842769989
"BCL2L1;MAP3K1",-0.276755799488728,0.83051842769989
"KRAS;MAP3K1",-0.456053300502835,0.83051842769989
"CDK4;MAP3K1",-0.0853357386670644,0.83051842769989
"CTNNB1;MAP3K1",-0.835617883787623,0.859835470553926
"BRAF;MAP3K1",-0.181127439992208,0.83051842769989
"MAP2K2;MAP3K1",-0.23650624401732,0.83051842769989
"MAP3K1;PIK3CA",-0.470342343573884,0.83051842769989
"IGF1R;MAP3K1",-0.275053292182861,0.83051842769989
"MAP3K1;TAZ",-0.190141541205635,0.83051842769989
"MAP3K1;WRN",-0.299225950295881,0.83051842769989
"AKT2;MAP3K1",-0.550435651523355,0.83051842769989
"MAP3K1;SRC",-0.164578011283825,0.83051842769989
"DNMT3B;MAP3K1",-0.541871462119619,0.83051842769989
"APC;MAP3K1",-0.172203282478054,0.83051842769989
"ERBB2;MAP3K1",-0.143342814260421,0.83051842769989
"MAP3K1;YAP1",-0.29303769900299,0.83051842769989
"MAP3K1;PTPN11",-0.163050118877709,0.83051842769989
"CHEK1;MAP3K1",-1.69324244141456,0.996820526247479
"JAK1;MAP3K1",-0.554743467243391,0.83051842769989
"AKT1;CUL1",-0.334762290969282,0.83051842769989
"BRD4;CUL1",-0.165936350459461,0.83051842769989
"CUL1;MYC",-1.63108737909252,0.996820526247479
"CUL1;MAP2K1",-0.152955513212719,0.83051842769989
"CUL1;MAPK1",-0.240549724235418,0.83051842769989
"CUL1;WEE1",-0.700423514633501,0.83964201172902
"ARID1A;CUL1",-0.459074104484976,0.83051842769989
"CUL1;PRMT1",-1.22746285454708,0.967337355420461
"CUL1;PARP1",-1.0422639603609,0.913419946253691
"CUL1;PORCN",-0.316394563255885,0.83051842769989
"CUL1;MDM2",-0.562740161589966,0.83051842769989
"CUL1;EGFR",-0.452723493815448,0.83051842769989
"CUL1;SMAD4",-0.272612932073083,0.83051842769989
"CUL1;DNMT1",-0.626299937600403,0.83051842769989
"CUL1;RAF1",-0.168819270568985,0.83051842769989
"CDK6;CUL1",-0.812380621145804,0.858150763100959
"ATR;CUL1",-0.848919421939596,0.862579524140995
"CUL1;MCL1",-0.152552438845215,0.83051842769989
"BCL2;CUL1",-0.639802940783775,0.83051842769989
"CUL1;PRMT5",-0.821960025019794,0.85826452060764
"ATM;CUL1",-0.34944953210447,0.83051842769989
"BCL2L1;CUL1",-0.255129223196585,0.83051842769989
"CUL1;KRAS",-0.4568904425223,0.83051842769989
"CDK4;CUL1",-0.149089022816267,0.83051842769989
"CTNNB1;CUL1",-0.925507315409316,0.882968608689344
"BRAF;CUL1",-0.113450107561798,0.83051842769989
"CUL1;MAP2K2",-0.0771111191888207,0.83051842769989
"CUL1;PIK3CA",-0.529248078405118,0.83051842769989
"CUL1;IGF1R",-0.259738107947391,0.83051842769989
"CUL1;TAZ",-0.149725413099542,0.83051842769989
"CUL1;WRN",-0.266459863498836,0.83051842769989
"AKT2;CUL1",-0.574161341434707,0.83051842769989
"CUL1;SRC",-0.134422939544463,0.83051842769989
"CUL1;DNMT3B",-0.454144343037644,0.83051842769989
"APC;CUL1",-0.24359017126723,0.83051842769989
"CUL1;ERBB2",-0.157305086407961,0.83051842769989
"CUL1;YAP1",-0.276154898454282,0.83051842769989
"CUL1;PTPN11",-0.0309082349575648,0.83051842769989
"CHEK1;CUL1",-1.61616080142187,0.996820526247479
"CUL1;JAK1",-0.618229710299262,0.83051842769989
"AKT1;NIPBL",-0.295662748756382,0.83051842769989
"BRD4;NIPBL",-0.243932856836531,0.83051842769989
"MYC;NIPBL",-1.55597208561398,0.996820526247479
"MAP2K1;NIPBL",-0.21755558059152,0.83051842769989
"MAPK1;NIPBL",-0.215581158813612,0.83051842769989
"NIPBL;WEE1",-0.871753052231669,0.866114577878658
"ARID1A;NIPBL",-0.475303472086213,0.83051842769989
"NIPBL;PRMT1",-1.28452116555487,0.984193885442622
"NIPBL;PARP1",-1.1090406359212,0.924073925414799
"NIPBL;PORCN",-0.310422527859665,0.83051842769989
"MDM2;NIPBL",-0.586341202374873,0.83051842769989
"EGFR;NIPBL",-0.510961740433626,0.83051842769989
"NIPBL;SMAD4",-0.3697309734773,0.83051842769989
"DNMT1;NIPBL",-0.583499347479288,0.83051842769989
"NIPBL;RAF1",-0.302301422735512,0.83051842769989
"CDK6;NIPBL",-0.780963102320809,0.855436941706585
"ATR;NIPBL",-1.05581243828241,0.916105491692665
"MCL1;NIPBL",-0.245794510833057,0.83051842769989
"BCL2;NIPBL",-0.666523076212615,0.83051842769989
"NIPBL;PRMT5",-0.787890045259887,0.855987370265168
"ATM;NIPBL",-0.342236356957995,0.83051842769989
"BCL2L1;NIPBL",-0.0866391972577781,0.83051842769989
"KRAS;NIPBL",-0.466227825152092,0.83051842769989
"CDK4;NIPBL",-0.150274238611112,0.83051842769989
"CTNNB1;NIPBL",-0.857087642503641,0.864062937998112
"BRAF;NIPBL",-0.173404914190125,0.83051842769989
"MAP2K2;NIPBL",-0.218776286244989,0.83051842769989
"NIPBL;PIK3CA",-0.546928536851316,0.83051842769989
"IGF1R;NIPBL",-0.282635402279107,0.83051842769989
"NIPBL;TAZ",-0.224288098745382,0.83051842769989
"NIPBL;WRN",-0.326124486836578,0.83051842769989
"AKT2;NIPBL",-0.542835045109393,0.83051842769989
"NIPBL;SRC",-0.204102975161228,0.83051842769989
"DNMT3B;NIPBL",-0.487854696476453,0.83051842769989
"APC;NIPBL",-0.224066674757853,0.83051842769989
"ERBB2;NIPBL",-0.0940007757180496,0.83051842769989
"NIPBL;YAP1",-0.196208248774315,0.83051842769989
"NIPBL;PTPN11",-0.130497497077725,0.83051842769989
"CHEK1;NIPBL",-1.772071306306,0.996820526247479
"JAK1;NIPBL",-0.579049367149416,0.83051842769989
"AKT1;KAT5",-1.14468295595778,0.933818686094322
"BRD4;KAT5",-1.08780225920869,0.922001026393481
"KAT5;MYC",-1.12199281475589,0.924916103508183
"KAT5;MAP2K1",-1.1013190926067,0.923452397685076
"KAT5;MAPK1",-1.12607435925431,0.92534075527217
"KAT5;WEE1",-0.707224465092199,0.841425383246677
"ARID1A;KAT5",-1.07626779129149,0.920531185583463
"KAT5;PRMT1",-0.816944648837925,0.858150763100959
"KAT5;PARP1",-1.12585242017578,0.925279176379424
"KAT5;PORCN",-1.15883399337819,0.9401231735137
"KAT5;MDM2",-1.09921131265417,0.923452397685076
"EGFR;KAT5",-1.12341834580014,0.924916103508183
"KAT5;SMAD4",-0.953486391738185,0.88992719643538
"DNMT1;KAT5",-0.8070306402107,0.858087473581107
"KAT5;RAF1",-1.1666111146624,0.943721621067722
"CDK6;KAT5",-1.1519412282097,0.937027241518641
"ATR;KAT5",-0.792645844397118,0.856844608927936
"KAT5;MCL1",-1.10389117508926,0.923709926133363
"BCL2;KAT5",-1.00900531966289,0.906639970725868
"KAT5;PRMT5",-0.882118182747338,0.869726342993961
"ATM;KAT5",-1.14682800620035,0.934737010906649
"BCL2L1;KAT5",-1.0123948199408,0.907597062767499
"KAT5;KRAS",-1.06398037699714,0.9182116807466
"CDK4;KAT5",-1.06469477102473,0.918240474739579
"CTNNB1;KAT5",-1.12205363093089,0.924916103508183
"BRAF;KAT5",-1.08377770479764,0.922001026393481
"KAT5;MAP2K2",-1.10933703749155,0.924073925414799
"KAT5;PIK3CA",-1.02183581491525,0.909544528705761
"IGF1R;KAT5",-1.01867762566246,0.90935463268898
"KAT5;TAZ",-1.09141935709863,0.922543939993366
"KAT5;WRN",-0.953336224390747,0.88992719643538
"AKT2;KAT5",-1.08553703542621,0.922001026393481
"KAT5;SRC",-1.06029636010332,0.917446472506166
"DNMT3B;KAT5",-1.00275813113794,0.904995688131176
"APC;KAT5",-1.15740838414346,0.939472880452105
"ERBB2;KAT5",-1.00425110474808,0.905162702593527
"KAT5;YAP1",-1.081039915088,0.921488432930172
"KAT5;PTPN11",-1.08118448503523,0.921488432930172
"CHEK1;KAT5",-1.39267522271818,0.996820526247479
"JAK1;KAT5",-1.07185237772709,0.919895501552237
"AKT1;SMG1",-0.737411903567874,0.848025440033283
"BRD4;SMG1",-0.748836420534687,0.850699071344219
"MYC;SMG1",-1.09201458869963,0.922598798007216
"MAP2K1;SMG1",-0.750823050224696,0.851147158300069
"MAPK1;SMG1",-0.678525475958042,0.833959543448363
"SMG1;WEE1",-0.852698633876871,0.863220419071441
"ARID1A;SMG1",-0.5480359750892,0.83051842769989
"PRMT1;SMG1",-1.2264464734196,0.967005923759017
"PARP1;SMG1",-1.10376974540014,0.923709926133363
"PORCN;SMG1",-0.590446312791453,0.83051842769989
"MDM2;SMG1",-0.687244617274302,0.835942597940975
"EGFR;SMG1",-0.780195991543841,0.855392982465961
"SMAD4;SMG1",-0.697065252029879,0.838519307905746
"DNMT1;SMG1",-0.754508743851254,0.852087421240373
"RAF1;SMG1",-0.635447070245191,0.83051842769989
"CDK6;SMG1",-0.824319435462842,0.858331491194975
"ATR;SMG1",-0.940378931459217,0.886808853938425
"MCL1;SMG1",-0.67456211890723,0.832674222898194
"BCL2;SMG1",-0.737109292904288,0.847911240371218
"PRMT5;SMG1",-0.609577285049578,0.83051842769989
"ATM;SMG1",-0.763254721153283,0.853329897622711
"BCL2L1;SMG1",-0.697703581224693,0.83878484384633
"KRAS;SMG1",-0.721326627462702,0.844449268748353
"CDK4;SMG1",-0.575674214034408,0.83051842769989
"CTNNB1;SMG1",-0.905327498350193,0.876724263235638
"BRAF;SMG1",-0.683108561619606,0.834982752516359
"MAP2K2;SMG1",-0.690593900217774,0.836706534754419
"PIK3CA;SMG1",-0.667322393803681,0.83051842769989
"IGF1R;SMG1",-0.574152196163083,0.83051842769989
"SMG1;TAZ",-0.747300726713476,0.850506615113902
"SMG1;WRN",-0.490398711105435,0.83051842769989
"AKT2;SMG1",-0.747927126606972,0.850506615113902
"SMG1;SRC",-0.648853621470939,0.83051842769989
"DNMT3B;SMG1",-0.645697380339834,0.83051842769989
"APC;SMG1",-0.770645826316079,0.854290408947958
"ERBB2;SMG1",-0.78888029853903,0.856024639264969
"SMG1;YAP1",-0.756244336152666,0.852450532855742
"PTPN11;SMG1",-0.67887352822416,0.833959543448363
"CHEK1;SMG1",-1.45686429905305,0.996820526247479
"JAK1;SMG1",-0.590978727598313,0.83051842769989
"AKT1;ECT2",-0.331397059798548,0.83051842769989
"BRD4;ECT2",-0.15762362550476,0.83051842769989
"ECT2;MYC",-1.5398184112946,0.996820526247479
"ECT2;MAP2K1",-0.024981845324497,0.83051842769989
"ECT2;MAPK1",-0.223948179744873,0.83051842769989
"ECT2;WEE1",-0.651863769723461,0.83051842769989
"ARID1A;ECT2",-0.41311869085061,0.83051842769989
"ECT2;PRMT1",-1.38232697654447,0.996820526247479
"ECT2;PARP1",-1.06132831402539,0.91759429283435
"ECT2;PORCN",-0.299545537108127,0.83051842769989
"ECT2;MDM2",-0.550010780708119,0.83051842769989
"ECT2;EGFR",-0.385275285598933,0.83051842769989
"ECT2;SMAD4",-0.238392503284188,0.83051842769989
"DNMT1;ECT2",-0.575901075355424,0.83051842769989
"ECT2;RAF1",-0.224790812241772,0.83051842769989
"CDK6;ECT2",-0.69468283466368,0.837847137993441
"ATR;ECT2",-1.03827364918665,0.913419946253691
"ECT2;MCL1",-0.124514464086173,0.83051842769989
"BCL2;ECT2",-0.581893871047077,0.83051842769989
"ECT2;PRMT5",-0.845421236931247,0.861473588751517
"ATM;ECT2",-0.32313889205334,0.83051842769989
"BCL2L1;ECT2",-0.325358310635683,0.83051842769989
"ECT2;KRAS",-0.456446721786595,0.83051842769989
"CDK4;ECT2",-0.110560514745884,0.83051842769989
"CTNNB1;ECT2",-1.03565983551804,0.913394991889077
"BRAF;ECT2",-0.125106160797824,0.83051842769989
"ECT2;MAP2K2",-0.124966604504896,0.83051842769989
"ECT2;PIK3CA",-0.445196494868848,0.83051842769989
"ECT2;IGF1R",-0.148754861359862,0.83051842769989
"ECT2;TAZ",-0.0752158949772818,0.83051842769989
"ECT2;WRN",-0.173967920105542,0.83051842769989
"AKT2;ECT2",-0.385527870161775,0.83051842769989
"ECT2;SRC",-0.0963490855643488,0.83051842769989
"DNMT3B;ECT2",-0.440643422854414,0.83051842769989
"APC;ECT2",-0.231334442024358,0.83051842769989
"ECT2;ERBB2",-0.111780875589585,0.83051842769989
"ECT2;YAP1",-0.306377750450714,0.83051842769989
"ECT2;PTPN11",-0.185442798569702,0.83051842769989
"CHEK1;ECT2",-1.72566782552012,0.996820526247479
"ECT2;JAK1",-0.43774076701474,0.83051842769989
"AKT1;PIM3",-0.346573228791451,0.83051842769989
"BRD4;PIM3",-0.169765334658968,0.83051842769989
"MYC;PIM3",-1.57248643802583,0.996820526247479
"MAP2K1;PIM3",-0.106206149169736,0.83051842769989
"MAPK1;PIM3",-0.240230318469632,0.83051842769989
"PIM3;WEE1",-0.870248634288063,0.865664242138467
"ARID1A;PIM3",-0.411921809926567,0.83051842769989
"PIM3;PRMT1",-1.39070233110975,0.996820526247479
"PARP1;PIM3",-1.11811471199294,0.924916103508183
"PIM3;PORCN",-0.240469834776203,0.83051842769989
"MDM2;PIM3",-0.565245294753411,0.83051842769989
"EGFR;PIM3",-0.379724588787497,0.83051842769989
"PIM3;SMAD4",-0.318451784148652,0.83051842769989
"DNMT1;PIM3",-0.558460618496528,0.83051842769989
"PIM3;RAF1",-0.272613342826274,0.83051842769989
"CDK6;PIM3",-0.769774865946837,0.854104319555729
"ATR;PIM3",-0.877844249140631,0.868236537343643
"MCL1;PIM3",-0.0383132625707917,0.83051842769989
"BCL2;PIM3",-0.625523761308346,0.83051842769989
"PIM3;PRMT5",-0.827224724231274,0.858367750999105
"ATM;PIM3",-0.300178719481092,0.83051842769989
"BCL2L1;PIM3",-0.31382336398996,0.83051842769989
"KRAS;PIM3",-0.44401404366742,0.83051842769989
"CDK4;PIM3",-0.0711086375731085,0.83051842769989
"CTNNB1;PIM3",-1.01819058672052,0.909331737025648
"BRAF;PIM3",0.0444464062765063,0.83051842769989
"MAP2K2;PIM3",-0.107701290830191,0.83051842769989
"PIK3CA;PIM3",-0.403014455339718,0.83051842769989
"IGF1R;PIM3",-0.304578989894949,0.83051842769989
"PIM3;TAZ",-0.151283536465792,0.83051842769989
"PIM3;WRN",-0.339649439337502,0.83051842769989
"AKT2;PIM3",-0.567571293526415,0.83051842769989
"PIM3;SRC",-0.160387139850794,0.83051842769989
"DNMT3B;PIM3",-0.416414785615059,0.83051842769989
"APC;PIM3",-0.190805697268347,0.83051842769989
"ERBB2;PIM3",-0.0732473948581835,0.83051842769989
"PIM3;YAP1",-0.3141185726768,0.83051842769989
"PIM3;PTPN11",-0.183450277858844,0.83051842769989
"CHEK1;PIM3",-1.73545093179347,0.996820526247479
"JAK1;PIM3",-0.557576996947142,0.83051842769989
"AKT1;FER",-0.379472058664371,0.83051842769989
"BRD4;FER",-0.272619995612721,0.83051842769989
"FER;MYC",-1.57571948111537,0.996820526247479
"FER;MAP2K1",-0.183251319147662,0.83051842769989
"FER;MAPK1",-0.11793832160446,0.83051842769989
"FER;WEE1",-0.87256265543889,0.86631916978168
"ARID1A;FER",-0.471895191339708,0.83051842769989
"FER;PRMT1",-1.34023995307515,0.994694093151451
"FER;PARP1",-1.09024450860679,0.922377512721138
"FER;PORCN",-0.346846405553911,0.83051842769989
"FER;MDM2",-0.531980072569515,0.83051842769989
"EGFR;FER",-0.481429335596583,0.83051842769989
"FER;SMAD4",-0.302119594123526,0.83051842769989
"DNMT1;FER",-0.57757600744651,0.83051842769989
"FER;RAF1",-0.246495560284816,0.83051842769989
"CDK6;FER",-0.690824447428725,0.836719387003053
"ATR;FER",-1.0463793956486,0.913937683631205
"FER;MCL1",-0.246334728445034,0.83051842769989
"BCL2;FER",-0.580443555009783,0.83051842769989
"FER;PRMT5",-0.83081751275659,0.858667905495995
"ATM;FER",-0.33519344273667,0.83051842769989
"BCL2L1;FER",-0.292293254169744,0.83051842769989
"FER;KRAS",-0.456384191635511,0.83051842769989
"CDK4;FER",-0.230856512012736,0.83051842769989
"CTNNB1;FER",-0.958967044509913,0.891577936071672
"BRAF;FER",-0.18039322872193,0.83051842769989
"FER;MAP2K2",-0.274722447001065,0.83051842769989
"FER;PIK3CA",-0.488402286046877,0.83051842769989
"FER;IGF1R",-0.327927656917306,0.83051842769989
"FER;TAZ",-0.268682495187241,0.83051842769989
"FER;WRN",-0.246877791468767,0.83051842769989
"AKT2;FER",-0.491889836741437,0.83051842769989
"FER;SRC",-0.00232628015547598,0.83051842769989
"DNMT3B;FER",-0.48100519086624,0.83051842769989
"APC;FER",-0.143408573996576,0.83051842769989
"ERBB2;FER",-0.21323460480258,0.83051842769989
"FER;YAP1",-0.321620866567516,0.83051842769989
"FER;PTPN11",-0.229604256257356,0.83051842769989
"CHEK1;FER",-1.6542655300665,0.996820526247479
"FER;JAK1",-0.54794720357706,0.83051842769989
"AKT1;RRAD",-0.362073463634275,0.83051842769989
"BRD4;RRAD",-0.247286083479841,0.83051842769989
"MYC;RRAD",-1.60081106120166,0.996820526247479
"MAP2K1;RRAD",-0.115730463781508,0.83051842769989
"MAPK1;RRAD",-0.194762410029471,0.83051842769989
"RRAD;WEE1",-0.952220078729494,0.889777333530342
"ARID1A;RRAD",-0.42334058019245,0.83051842769989
"PRMT1;RRAD",-1.30796655389068,0.98924304876675
"PARP1;RRAD",-1.05937481910731,0.917143944204758
"PORCN;RRAD",-0.315060104912662,0.83051842769989
"MDM2;RRAD",-0.578710868802111,0.83051842769989
"EGFR;RRAD",-0.477396214645968,0.83051842769989
"RRAD;SMAD4",-0.362487767353246,0.83051842769989
"DNMT1;RRAD",-0.596148516455212,0.83051842769989
"RAF1;RRAD",-0.297130417627159,0.83051842769989
"CDK6;RRAD",-0.753824595551707,0.851921113220934
"ATR;RRAD",-1.00048002916289,0.904452644108762
"MCL1;RRAD",0.0163383073398666,0.83051842769989
"BCL2;RRAD",-0.659960559448032,0.83051842769989
"PRMT5;RRAD",-0.766423277674977,0.853545663641316
"ATM;RRAD",-0.384705420847609,0.83051842769989
"BCL2L1;RRAD",-0.241364875641591,0.83051842769989
"KRAS;RRAD",-0.411816291604926,0.83051842769989
"CDK4;RRAD",-0.0998654723956193,0.83051842769989
"CTNNB1;RRAD",-1.04135718603566,0.913419946253691
"BRAF;RRAD",-0.0221845587158373,0.83051842769989
"MAP2K2;RRAD",-0.0831835483033316,0.83051842769989
"PIK3CA;RRAD",-0.557224262402284,0.83051842769989
"IGF1R;RRAD",-0.348757952043999,0.83051842769989
"RRAD;TAZ",-0.178021138161319,0.83051842769989
"RRAD;WRN",-0.315339315414462,0.83051842769989
"AKT2;RRAD",-0.523252903881731,0.83051842769989
"RRAD;SRC",-0.116693524793792,0.83051842769989
"DNMT3B;RRAD",-0.510108794807127,0.83051842769989
"APC;RRAD",-0.249739509174066,0.83051842769989
"ERBB2;RRAD",-0.106283006074259,0.83051842769989
"RRAD;YAP1",-0.270641817431089,0.83051842769989
"PTPN11;RRAD",-0.151600027756987,0.83051842769989
"CHEK1;RRAD",-1.78899077259569,0.996820526247479
"JAK1;RRAD",-0.575531514574148,0.83051842769989
"AKT1;RACK1",-0.980495992708408,0.898358785445461
"BRD4;RACK1",-0.97064562987927,0.895684354711971
"MYC;RACK1",-0.941287882718839,0.887222727470938
"MAP2K1;RACK1",-1.07008972175314,0.919634631365067
"MAPK1;RACK1",-1.07210332096744,0.919922225063742
"RACK1;WEE1",-0.776610723373361,0.855392982465961
"ARID1A;RACK1",-0.902759680458042,0.876290391592013
"PRMT1;RACK1",-1.06298817225687,0.917931996832295
"PARP1;RACK1",-0.955448716740533,0.8901992167144
"PORCN;RACK1",-1.03750867227,0.913419946253691
"MDM2;RACK1",-0.970607854732178,0.895684354711971
"EGFR;RACK1",-0.955283971839887,0.8901992167144
"RACK1;SMAD4",-1.05476622418311,0.916003267076462
"DNMT1;RACK1",-0.97610600887085,0.897395396770007
"RACK1;RAF1",-1.03058744265112,0.911807842275857
"CDK6;RACK1",-0.948672802486401,0.888947368911431
"ATR;RACK1",-0.54396031666594,0.83051842769989
"MCL1;RACK1",-0.970170859066574,0.895618409877648
"BCL2;RACK1",-0.68371904939362,0.83502359948583
"PRMT5;RACK1",-0.811807589577988,0.858150763100959
"ATM;RACK1",-0.984207189515022,0.899572598979304
"BCL2L1;RACK1",-0.928728467134863,0.883778066968227
"KRAS;RACK1",-0.943618836001874,0.887782901395961
"CDK4;RACK1",-0.98394865997773,0.899572598979304
"CTNNB1;RACK1",-0.614538358113146,0.83051842769989
"BRAF;RACK1",-0.894485354955014,0.873594626518744
"MAP2K2;RACK1",-1.04182948160177,0.913419946253691
"PIK3CA;RACK1",-0.930291032629129,0.883895272446356
"IGF1R;RACK1",-0.88149853158795,0.869468905271914
"RACK1;TAZ",-1.07440528010714,0.920360484487283
"RACK1;WRN",-1.0551035170209,0.916031691593794
"AKT2;RACK1",-0.980136286808189,0.898358785445461
"RACK1;SRC",-0.957148334704444,0.89082779819734
"DNMT3B;RACK1",-0.903066009977607,0.876308506258523
"APC;RACK1",-1.04357722086244,0.913515079259661
"ERBB2;RACK1",-0.846590778643969,0.86167473793251
"RACK1;YAP1",-0.91500320470502,0.879642108132762
"PTPN11;RACK1",-0.905301597677735,0.876724263235638
"CHEK1;RACK1",-1.27637478811645,0.981823570642004
"JAK1;RACK1",-1.03600514074177,0.913394991889077
"AKT1;BRD3",-0.294621279570613,0.83051842769989
"BRD3;BRD4",-0.341620184061544,0.83051842769989
"BRD3;MYC",-1.53957430186813,0.996820526247479
"BRD3;MAP2K1",-0.304138441923969,0.83051842769989
"BRD3;MAPK1",-0.362338609688573,0.83051842769989
"BRD3;WEE1",-0.924694806977465,0.882575577835064
"ARID1A;BRD3",-0.461202083307045,0.83051842769989
"BRD3;PRMT1",-1.25638820525726,0.976196677960686
"BRD3;PARP1",-1.11510828610991,0.924717238549349
"BRD3;PORCN",-0.376591989883346,0.83051842769989
"BRD3;MDM2",-0.551341050127088,0.83051842769989
"BRD3;EGFR",-0.483236626028483,0.83051842769989
"BRD3;SMAD4",-0.281624473753719,0.83051842769989
"BRD3;DNMT1",-0.57243553331158,0.83051842769989
"BRD3;RAF1",-0.328589428005044,0.83051842769989
"BRD3;CDK6",-0.681584708465407,0.834469795657793
"ATR;BRD3",-0.933381045326332,0.884742580438376
"BRD3;MCL1",-0.372664609603399,0.83051842769989
"BCL2;BRD3",-0.653143260708679,0.83051842769989
"BRD3;PRMT5",-0.72495946873373,0.845296355906229
"ATM;BRD3",-0.374926893823889,0.83051842769989
"BCL2L1;BRD3",-0.335267691872171,0.83051842769989
"BRD3;KRAS",-0.466187802201578,0.83051842769989
"BRD3;CDK4",-0.380738841785053,0.83051842769989
"BRD3;CTNNB1",-1.02285345951776,0.909831728902891
"BRAF;BRD3",-0.352041216675981,0.83051842769989
"BRD3;MAP2K2",-0.339883837902198,0.83051842769989
"BRD3;PIK3CA",-0.50986267343965,0.83051842769989
"BRD3;IGF1R",-0.37132581138402,0.83051842769989
"BRD3;TAZ",-0.368075461799586,0.83051842769989
"BRD3;WRN",-0.328330713205555,0.83051842769989
"AKT2;BRD3",-0.513154425137541,0.83051842769989
"BRD3;SRC",-0.335079311674256,0.83051842769989
"BRD3;DNMT3B",-0.499645139364718,0.83051842769989
"APC;BRD3",-0.20578599859155,0.83051842769989
"BRD3;ERBB2",-0.362622928666055,0.83051842769989
"BRD3;YAP1",-0.349428951362443,0.83051842769989
"BRD3;PTPN11",-0.376728307706566,0.83051842769989
"BRD3;CHEK1",-1.76422755393047,0.996820526247479
"BRD3;JAK1",-0.568926841450166,0.83051842769989
"AKT1;TAF1",-0.60468516056566,0.83051842769989
"BRD4;TAF1",-0.428885500204121,0.83051842769989
"MYC;TAF1",-1.41506889736733,0.996820526247479
"MAP2K1;TAF1",-0.646067333125854,0.83051842769989
"MAPK1;TAF1",-0.612288564647921,0.83051842769989
"TAF1;WEE1",-0.807400659237116,0.858087473581107
"ARID1A;TAF1",-0.394857929023839,0.83051842769989
"PRMT1;TAF1",-0.849204014688257,0.862595116583155
"PARP1;TAF1",-1.05458959684728,0.916003267076462
"PORCN;TAF1",-0.393846725414057,0.83051842769989
"MDM2;TAF1",-0.483060151568683,0.83051842769989
"EGFR;TAF1",-0.571654330941184,0.83051842769989
"SMAD4;TAF1",-0.461955443347453,0.83051842769989
"DNMT1;TAF1",-0.467187025494208,0.83051842769989
"RAF1;TAF1",-0.551571944226334,0.83051842769989
"CDK6;TAF1",-0.679999938884718,0.834226888167053
"ATR;TAF1",-0.949269224788675,0.88916684845737
"MCL1;TAF1",-0.65818678830214,0.83051842769989
"BCL2;TAF1",-0.446859172313594,0.83051842769989
"PRMT5;TAF1",-0.634715982068777,0.83051842769989
"ATM;TAF1",-0.544174964875088,0.83051842769989
"BCL2L1;TAF1",-0.618431473579609,0.83051842769989
"KRAS;TAF1",-0.612594697652549,0.83051842769989
"CDK4;TAF1",-0.422318914071725,0.83051842769989
"CTNNB1;TAF1",-0.886372660182579,0.870879626597529
"BRAF;TAF1",-0.62533137755254,0.83051842769989
"MAP2K2;TAF1",-0.493644587412968,0.83051842769989
"PIK3CA;TAF1",-0.558397058976345,0.83051842769989
"IGF1R;TAF1",-0.48717987676295,0.83051842769989
"TAF1;TAZ",-0.586759274642012,0.83051842769989
"TAF1;WRN",-0.619694195843651,0.83051842769989
"AKT2;TAF1",-0.32438307059389,0.83051842769989
"SRC;TAF1",-0.610769818673438,0.83051842769989
"DNMT3B;TAF1",-0.62814176604327,0.83051842769989
"APC;TAF1",-0.653378179409429,0.83051842769989
"ERBB2;TAF1",-0.486405332232042,0.83051842769989
"TAF1;YAP1",-0.63081162593314,0.83051842769989
"PTPN11;TAF1",-0.626540846259191,0.83051842769989
"CHEK1;TAF1",-1.64170670854075,0.996820526247479
"JAK1;TAF1",-0.493819703855853,0.83051842769989
"AKT1;NUP62",-0.350188276962763,0.83051842769989
"BRD4;NUP62",-0.208596998720314,0.83051842769989
"MYC;NUP62",-1.43474988841716,0.996820526247479
"MAP2K1;NUP62",-0.064784528163012,0.83051842769989
"MAPK1;NUP62",-0.228542984221912,0.83051842769989
"NUP62;WEE1",-0.663860227456029,0.83051842769989
"ARID1A;NUP62",-0.47627933474903,0.83051842769989
"NUP62;PRMT1",-1.368718078952,0.996820526247479
"NUP62;PARP1",-1.10925449002548,0.924073925414799
"NUP62;PORCN",-0.350543409990379,0.83051842769989
"MDM2;NUP62",-0.489921716204325,0.83051842769989
"EGFR;NUP62",-0.473830907041755,0.83051842769989
"NUP62;SMAD4",-0.311394887504083,0.83051842769989
"DNMT1;NUP62",-0.481685673601579,0.83051842769989
"NUP62;RAF1",-0.275637459483452,0.83051842769989
"CDK6;NUP62",-0.691828640909084,0.83704328326344
"ATR;NUP62",-0.88922022447552,0.872130473169589
"MCL1;NUP62",-0.128016634912798,0.83051842769989
"BCL2;NUP62",-0.543547703535372,0.83051842769989
"NUP62;PRMT5",-0.814360746681873,0.858150763100959
"ATM;NUP62",-0.342473536697731,0.83051842769989
"BCL2L1;NUP62",-0.30475636416122,0.83051842769989
"KRAS;NUP62",-0.452890942248675,0.83051842769989
"CDK4;NUP62",-0.0968844744360857,0.83051842769989
"CTNNB1;NUP62",-0.994118415830182,0.90294929591295
"BRAF;NUP62",-0.000827519000100252,0.83051842769989
"MAP2K2;NUP62",-0.0780092650190257,0.83051842769989
"NUP62;PIK3CA",-0.522208893313052,0.83051842769989
"IGF1R;NUP62",-0.242787901303025,0.83051842769989
"NUP62;TAZ",-0.154910355312834,0.83051842769989
"NUP62;WRN",-0.324583791395062,0.83051842769989
"AKT2;NUP62",-0.44918455088865,0.83051842769989
"NUP62;SRC",-0.155145150952356,0.83051842769989
"DNMT3B;NUP62",-0.547180430446936,0.83051842769989
"APC;NUP62",-0.197260081005356,0.83051842769989
"ERBB2;NUP62",-0.0582038314227858,0.83051842769989
"NUP62;YAP1",-0.295136191856458,0.83051842769989
"NUP62;PTPN11",-0.105096376570802,0.83051842769989
"CHEK1;NUP62",-1.78781643006005,0.996820526247479
"JAK1;NUP62",-0.608584242865133,0.83051842769989
"AKT1;NUAK2",-0.377283332905585,0.83051842769989
"BRD4;NUAK2",-0.370146974460138,0.83051842769989
"MYC;NUAK2",-1.50247539453636,0.996820526247479
"MAP2K1;NUAK2",-0.297106380436412,0.83051842769989
"MAPK1;NUAK2",-0.282398555017192,0.83051842769989
"NUAK2;WEE1",-0.888494501629692,0.871864103453001
"ARID1A;NUAK2",-0.45026858675923,0.83051842769989
"NUAK2;PRMT1",-1.30121872795308,0.987807679226278
"NUAK2;PARP1",-1.08050274290478,0.921466202808487
"NUAK2;PORCN",-0.244043408037921,0.83051842769989
"MDM2;NUAK2",-0.552379129908034,0.83051842769989
"EGFR;NUAK2",-0.518776794496401,0.83051842769989
"NUAK2;SMAD4",-0.340442106012142,0.83051842769989
"DNMT1;NUAK2",-0.626416300692471,0.83051842769989
"NUAK2;RAF1",-0.297317877098431,0.83051842769989
"CDK6;NUAK2",-0.655811458446254,0.83051842769989
"ATR;NUAK2",-1.02910419815621,0.911432555016277
"MCL1;NUAK2",-0.317036506908757,0.83051842769989
"BCL2;NUAK2",-0.629967668810572,0.83051842769989
"NUAK2;PRMT5",-0.853097757258613,0.863220419071441
"ATM;NUAK2",-0.403582960943192,0.83051842769989
"BCL2L1;NUAK2",-0.375763926560715,0.83051842769989
"KRAS;NUAK2",-0.457833449429169,0.83051842769989
"CDK4;NUAK2",-0.263350501348969,0.83051842769989
"CTNNB1;NUAK2",-0.974777148906698,0.897044163188902
"BRAF;NUAK2",-0.269798406309901,0.83051842769989
"MAP2K2;NUAK2",-0.351487711243388,0.83051842769989
"NUAK2;PIK3CA",-0.518317765542858,0.83051842769989
"IGF1R;NUAK2",-0.317629773433241,0.83051842769989
"NUAK2;TAZ",-0.340769401737632,0.83051842769989
"NUAK2;WRN",-0.379439127669151,0.83051842769989
"AKT2;NUAK2",-0.514020872904191,0.83051842769989
"NUAK2;SRC",-0.331776029586037,0.83051842769989
"DNMT3B;NUAK2",-0.50297782403971,0.83051842769989
"APC;NUAK2",-0.298978100055267,0.83051842769989
"ERBB2;NUAK2",-0.277540749521299,0.83051842769989
"NUAK2;YAP1",-0.37998822339191,0.83051842769989
"NUAK2;PTPN11",-0.337674015291497,0.83051842769989
"CHEK1;NUAK2",-1.70552467310951,0.996820526247479
"JAK1;NUAK2",-0.566081409965981,0.83051842769989
"AKT1;PRKCI",-0.36580191384635,0.83051842769989
"BRD4;PRKCI",-0.378142437695982,0.83051842769989
"MYC;PRKCI",-1.51983051368425,0.996820526247479
"MAP2K1;PRKCI",-0.315688464067892,0.83051842769989
"MAPK1;PRKCI",-0.250066397133523,0.83051842769989
"PRKCI;WEE1",-0.886990155924095,0.871136245775193
"ARID1A;PRKCI",-0.443312483270429,0.83051842769989
"PRKCI;PRMT1",-1.35361382953803,0.99627433411809
"PARP1;PRKCI",-1.03169698190769,0.912097305003391
"PORCN;PRKCI",-0.374084773611414,0.83051842769989
"MDM2;PRKCI",-0.589829370184539,0.83051842769989
"EGFR;PRKCI",-0.491310199425419,0.83051842769989
"PRKCI;SMAD4",-0.306870263766404,0.83051842769989
"DNMT1;PRKCI",-0.584166466808825,0.83051842769989
"PRKCI;RAF1",-0.350419050996695,0.83051842769989
"CDK6;PRKCI",-0.816331207931701,0.858150763100959
"ATR;PRKCI",-1.0881510350869,0.922001026393481
"MCL1;PRKCI",-0.382480498822934,0.83051842769989
"BCL2;PRKCI",-0.61412795386141,0.83051842769989
"PRKCI;PRMT5",-0.853130020026342,0.863220419071441
"ATM;PRKCI",-0.34518544651748,0.83051842769989
"BCL2L1;PRKCI",-0.370950239711159,0.83051842769989
"KRAS;PRKCI",-0.340431351501279,0.83051842769989
"CDK4;PRKCI",-0.368156740348548,0.83051842769989
"CTNNB1;PRKCI",-0.826468167339408,0.858367750999105
"BRAF;PRKCI",-0.359581732851119,0.83051842769989
"MAP2K2;PRKCI",-0.34019535130594,0.83051842769989
"PIK3CA;PRKCI",-0.480042799837212,0.83051842769989
"IGF1R;PRKCI",-0.37143612889144,0.83051842769989
"PRKCI;TAZ",-0.345121054070442,0.83051842769989
"PRKCI;WRN",-0.357996401240005,0.83051842769989
"AKT2;PRKCI",-0.559715759902468,0.83051842769989
"PRKCI;SRC",-0.326566849560094,0.83051842769989
"DNMT3B;PRKCI",-0.523195239497376,0.83051842769989
"APC;PRKCI",-0.314570858549126,0.83051842769989
"ERBB2;PRKCI",-0.363159321540587,0.83051842769989
"PRKCI;YAP1",-0.331192190306937,0.83051842769989
"PRKCI;PTPN11",-0.335093371068265,0.83051842769989
"CHEK1;PRKCI",-1.70665836335393,0.996820526247479
"JAK1;PRKCI",-0.594050669838772,0.83051842769989
"AKT1;DCTN2",-0.319250857173555,0.83051842769989
"BRD4;DCTN2",-0.199654829303318,0.83051842769989
"DCTN2;MYC",-1.48386165177388,0.996820526247479
"DCTN2;MAP2K1",-0.0919356001338467,0.83051842769989
"DCTN2;MAPK1",-0.17403907537403,0.83051842769989
"DCTN2;WEE1",-0.750892243128304,0.851147158300069
"ARID1A;DCTN2",-0.445608281843639,0.83051842769989
"DCTN2;PRMT1",-1.19907816967722,0.957217686876856
"DCTN2;PARP1",-1.02825885429395,0.911251543949215
"DCTN2;PORCN",-0.282447252731223,0.83051842769989
"DCTN2;MDM2",-0.556629955739183,0.83051842769989
"DCTN2;EGFR",-0.49472405462428,0.83051842769989
"DCTN2;SMAD4",-0.220267534991142,0.83051842769989
"DCTN2;DNMT1",-0.451230647505978,0.83051842769989
"DCTN2;RAF1",-0.206855623109687,0.83051842769989
"CDK6;DCTN2",-0.788827257209688,0.856024639264969
"ATR;DCTN2",-1.10286977503294,0.923680804859314
"DCTN2;MCL1",-0.224917654594071,0.83051842769989
"BCL2;DCTN2",-0.531142756627239,0.83051842769989
"DCTN2;PRMT5",-0.771526171562087,0.854333222750557
"ATM;DCTN2",-0.319123607445646,0.83051842769989
"BCL2L1;DCTN2",-0.235744734798822,0.83051842769989
"DCTN2;KRAS",-0.444901239553768,0.83051842769989
"CDK4;DCTN2",-0.164283948584805,0.83051842769989
"CTNNB1;DCTN2",-1.04660877418941,0.913937683631205
"BRAF;DCTN2",-0.232039950355314,0.83051842769989
"DCTN2;MAP2K2",-0.119220945302289,0.83051842769989
"DCTN2;PIK3CA",-0.394804400730198,0.83051842769989
"DCTN2;IGF1R",-0.333061653455479,0.83051842769989
"DCTN2;TAZ",-0.189186626981623,0.83051842769989
"DCTN2;WRN",-0.148343933104609,0.83051842769989
"AKT2;DCTN2",-0.416231533035461,0.83051842769989
"DCTN2;SRC",-0.136206113402636,0.83051842769989
"DCTN2;DNMT3B",-0.508050164667277,0.83051842769989
"APC;DCTN2",-0.249274869559998,0.83051842769989
"DCTN2;ERBB2",-0.151384383246972,0.83051842769989
"DCTN2;YAP1",-0.307666834068816,0.83051842769989
"DCTN2;PTPN11",0.0214915011369024,0.83051842769989
"CHEK1;DCTN2",-1.72656924287489,0.996820526247479
"DCTN2;JAK1",-0.526377190697748,0.83051842769989
"AKT1;MARCHF5",-0.318831873176717,0.83051842769989
"BRD4;MARCHF5",-0.153856504989362,0.83051842769989
"MARCHF5;MYC",-1.47869492975049,0.996820526247479
"MAP2K1;MARCHF5",0.288530230096163,0.83051842769989
"MAPK1;MARCHF5",-0.160228045507382,0.83051842769989
"MARCHF5;WEE1",-0.925902050415304,0.882968608689344
"ARID1A;MARCHF5",-0.344991117419198,0.83051842769989
"MARCHF5;PRMT1",-1.37412958039208,0.996820526247479
"MARCHF5;PARP1",-1.0997379697888,0.923452397685076
"MARCHF5;PORCN",-0.23091341754675,0.83051842769989
"MARCHF5;MDM2",-0.594509974085206,0.83051842769989
"EGFR;MARCHF5",-0.409213879084724,0.83051842769989
"MARCHF5;SMAD4",-0.370448905904498,0.83051842769989
"DNMT1;MARCHF5",-0.604394233804814,0.83051842769989
"MARCHF5;RAF1",-0.297377311683503,0.83051842769989
"CDK6;MARCHF5",-0.745523857216137,0.850157620474264
"ATR;MARCHF5",-0.996501584330012,0.903467052793968
"MARCHF5;MCL1",-0.0469966741746972,0.83051842769989
"BCL2;MARCHF5",-0.654529834606178,0.83051842769989
"MARCHF5;PRMT5",-0.763080264831769,0.853329897622711
"ATM;MARCHF5",-0.39036223153918,0.83051842769989
"BCL2L1;MARCHF5",-0.117088944751582,0.83051842769989
"KRAS;MARCHF5",-0.466215844119093,0.83051842769989
"CDK4;MARCHF5",-0.163569274327639,0.83051842769989
"CTNNB1;MARCHF5",-1.01022807060517,0.907078303192916
"BRAF;MARCHF5",-0.0311645315815796,0.83051842769989
"MAP2K2;MARCHF5",-0.0343442441375764,0.83051842769989
"MARCHF5;PIK3CA",-0.419834600042603,0.83051842769989
"IGF1R;MARCHF5",-0.328658408949942,0.83051842769989
"MARCHF5;TAZ",-0.166031954137555,0.83051842769989
"MARCHF5;WRN",-0.249709170496777,0.83051842769989
"AKT2;MARCHF5",-0.542374223678695,0.83051842769989
"MARCHF5;SRC",-0.146056995786056,0.83051842769989
"DNMT3B;MARCHF5",-0.538447161791775,0.83051842769989
"APC;MARCHF5",-0.225028764307738,0.83051842769989
"ERBB2;MARCHF5",0.0116970317054331,0.83051842769989
"MARCHF5;YAP1",-0.181895391011992,0.83051842769989
"MARCHF5;PTPN11",-0.155205894394347,0.83051842769989
"CHEK1;MARCHF5",-1.72345664409482,0.996820526247479
"JAK1;MARCHF5",-0.594942170129824,0.83051842769989
"AKT1;PPM1D",-0.340716465024191,0.83051842769989
"BRD4;PPM1D",-0.210762975485757,0.83051842769989
"MYC;PPM1D",-1.53309793738267,0.996820526247479
"MAP2K1;PPM1D",-0.152664553427703,0.83051842769989
"MAPK1;PPM1D",-0.263971522953565,0.83051842769989
"PPM1D;WEE1",-0.924467913579339,0.882549652411534
"ARID1A;PPM1D",-0.344974935002293,0.83051842769989
"PPM1D;PRMT1",-1.23969476882479,0.971248240523994
"PARP1;PPM1D",-1.11821651849825,0.924916103508183
"PORCN;PPM1D",-0.283651262190367,0.83051842769989
"MDM2;PPM1D",-0.573758755444046,0.83051842769989
"EGFR;PPM1D",-0.44780335445991,0.83051842769989
"PPM1D;SMAD4",-0.332913028344392,0.83051842769989
"DNMT1;PPM1D",-0.561999524768678,0.83051842769989
"PPM1D;RAF1",-0.29841231817539,0.83051842769989
"CDK6;PPM1D",-0.747572589850592,0.850506615113902
"ATR;PPM1D",-1.06524577751285,0.918282616296707
"MCL1;PPM1D",-0.26788448351389,0.83051842769989
"BCL2;PPM1D",-0.659110320983982,0.83051842769989
"PPM1D;PRMT5",-0.826310881227649,0.858367750999105
"ATM;PPM1D",-0.351884077635785,0.83051842769989
"BCL2L1;PPM1D",-0.211473633887938,0.83051842769989
"KRAS;PPM1D",-0.453222563525737,0.83051842769989
"CDK4;PPM1D",-0.221124027277226,0.83051842769989
"CTNNB1;PPM1D",-1.00532139689689,0.905354135829759
"BRAF;PPM1D",-0.12279529920324,0.83051842769989
"MAP2K2;PPM1D",-0.193834718788436,0.83051842769989
"PIK3CA;PPM1D",-0.370680020217049,0.83051842769989
"IGF1R;PPM1D",-0.291396129912824,0.83051842769989
"PPM1D;TAZ",-0.240527909194708,0.83051842769989
"PPM1D;WRN",-0.294215191477097,0.83051842769989
"AKT2;PPM1D",-0.537912333460187,0.83051842769989
"PPM1D;SRC",-0.244250809867135,0.83051842769989
"DNMT3B;PPM1D",-0.374498983338713,0.83051842769989
"APC;PPM1D",-0.2347281078011,0.83051842769989
"ERBB2;PPM1D",-0.235612026260257,0.83051842769989
"PPM1D;YAP1",-0.296286500302415,0.83051842769989
"PPM1D;PTPN11",-0.238450871077074,0.83051842769989
"CHEK1;PPM1D",-1.69438315970644,0.996820526247479
"JAK1;PPM1D",-0.546539529350624,0.83051842769989
"AKT1;TERF1",-0.287129940953441,0.83051842769989
"BRD4;TERF1",-0.255342320780971,0.83051842769989
"MYC;TERF1",-1.64462755527358,0.996820526247479
"MAP2K1;TERF1",-0.0310466246271223,0.83051842769989
"MAPK1;TERF1",-0.15026102587902,0.83051842769989
"TERF1;WEE1",-0.861660610976497,0.864680931476723
"ARID1A;TERF1",-0.444368458616152,0.83051842769989
"PRMT1;TERF1",-1.28644350464031,0.984693671591713
"PARP1;TERF1",-1.06922657042574,0.91931536589972
"PORCN;TERF1",-0.295896653484961,0.83051842769989
"MDM2;TERF1",-0.538478065908549,0.83051842769989
"EGFR;TERF1",-0.50147037558163,0.83051842769989
"SMAD4;TERF1",-0.345918278547673,0.83051842769989
"DNMT1;TERF1",-0.53344080603519,0.83051842769989
"RAF1;TERF1",-0.144571404082323,0.83051842769989
"CDK6;TERF1",-0.758750720296614,0.852970058083968
"ATR;TERF1",-1.11768179388642,0.924916103508183
"MCL1;TERF1",-0.0546947606769044,0.83051842769989
"BCL2;TERF1",-0.603956323047202,0.83051842769989
"PRMT5;TERF1",-0.861283032879591,0.864680931476723
"ATM;TERF1",-0.320394403667247,0.83051842769989
"BCL2L1;TERF1",-0.321286970711104,0.83051842769989
"KRAS;TERF1",-0.39782267397639,0.83051842769989
"CDK4;TERF1",-0.156016532670049,0.83051842769989
"CTNNB1;TERF1",-1.0110648074319,0.907229168984423
"BRAF;TERF1",-0.0780516214103696,0.83051842769989
"MAP2K2;TERF1",-0.150966771172103,0.83051842769989
"PIK3CA;TERF1",-0.47973665586178,0.83051842769989
"IGF1R;TERF1",-0.294123764484172,0.83051842769989
"TAZ;TERF1",-0.0252924701849095,0.83051842769989
"TERF1;WRN",-0.298021649188484,0.83051842769989
"AKT2;TERF1",-0.467820798661233,0.83051842769989
"SRC;TERF1",-0.0554118715311154,0.83051842769989
"DNMT3B;TERF1",-0.507747532605991,0.83051842769989
"APC;TERF1",-0.208686116926904,0.83051842769989
"ERBB2;TERF1",-0.0190389521899367,0.83051842769989
"TERF1;YAP1",-0.209051795374837,0.83051842769989
"PTPN11;TERF1",-0.137816538419987,0.83051842769989
"CHEK1;TERF1",-1.76379393408245,0.996820526247479
"JAK1;TERF1",-0.597823037536485,0.83051842769989
"AKT1;HMGB1",-0.275686898906618,0.83051842769989
"BRD4;HMGB1",-0.249738348608885,0.83051842769989
"HMGB1;MYC",-1.51352999736263,0.996820526247479
"HMGB1;MAP2K1",-0.0853854008643231,0.83051842769989
"HMGB1;MAPK1",-0.210483128035643,0.83051842769989
"HMGB1;WEE1",-0.61681781678196,0.83051842769989
"ARID1A;HMGB1",-0.465200428868131,0.83051842769989
"HMGB1;PRMT1",-1.31847721619181,0.990803269857148
"HMGB1;PARP1",-1.07570499817544,0.920476754109352
"HMGB1;PORCN",-0.339003411213171,0.83051842769989
"HMGB1;MDM2",-0.498371779946651,0.83051842769989
"EGFR;HMGB1",-0.435266474074301,0.83051842769989
"HMGB1;SMAD4",-0.314472144175001,0.83051842769989
"DNMT1;HMGB1",-0.579492684363972,0.83051842769989
"HMGB1;RAF1",-0.190318286948864,0.83051842769989
"CDK6;HMGB1",-0.772244449413076,0.854500473461976
"ATR;HMGB1",-1.09590493045895,0.92317363085918
"HMGB1;MCL1",-0.0869317584058444,0.83051842769989
"BCL2;HMGB1",-0.661274106928267,0.83051842769989
"HMGB1;PRMT5",-0.815219235932098,0.858150763100959
"ATM;HMGB1",-0.352930460785776,0.83051842769989
"BCL2L1;HMGB1",-0.303203602144281,0.83051842769989
"HMGB1;KRAS",-0.448913929846969,0.83051842769989
"CDK4;HMGB1",-0.145018401530966,0.83051842769989
"CTNNB1;HMGB1",-1.04599309837794,0.913937683631205
"BRAF;HMGB1",-0.101307851483377,0.83051842769989
"HMGB1;MAP2K2",-0.0604387184514883,0.83051842769989
"HMGB1;PIK3CA",-0.5456487315247,0.83051842769989
"HMGB1;IGF1R",-0.347785866224535,0.83051842769989
"HMGB1;TAZ",-0.179394700055024,0.83051842769989
"HMGB1;WRN",-0.326558872011519,0.83051842769989
"AKT2;HMGB1",-0.53047061892519,0.83051842769989
"HMGB1;SRC",-0.1653057680155,0.83051842769989
"DNMT3B;HMGB1",-0.406696759631656,0.83051842769989
"APC;HMGB1",-0.128773058414281,0.83051842769989
"ERBB2;HMGB1",-0.108880066558177,0.83051842769989
"HMGB1;YAP1",-0.300963623479505,0.83051842769989
"HMGB1;PTPN11",-0.0639347855794542,0.83051842769989
"CHEK1;HMGB1",-1.67284664064574,0.996820526247479
"HMGB1;JAK1",-0.51800608116615,0.83051842769989
"AKT1;SGK1",-0.3106878342883,0.83051842769989
"BRD4;SGK1",-0.301755259214574,0.83051842769989
"MYC;SGK1",-1.4214656763374,0.996820526247479
"MAP2K1;SGK1",-0.299786984033351,0.83051842769989
"MAPK1;SGK1",-0.328897491424163,0.83051842769989
"SGK1;WEE1",-0.905762003967126,0.87687344879912
"ARID1A;SGK1",-0.446531027920363,0.83051842769989
"PRMT1;SGK1",-1.28948373224189,0.98520926133711
"PARP1;SGK1",-1.09085909469433,0.922413808186972
"PORCN;SGK1",-0.305740991556307,0.83051842769989
"MDM2;SGK1",-0.589824876327382,0.83051842769989
"EGFR;SGK1",-0.497833113192108,0.83051842769989
"SGK1;SMAD4",-0.310864435261582,0.83051842769989
"DNMT1;SGK1",-0.610440655022273,0.83051842769989
"RAF1;SGK1",-0.311840848818945,0.83051842769989
"CDK6;SGK1",-0.779115629811928,0.855392982465961
"ATR;SGK1",-1.08975959949971,0.922339331586344
"MCL1;SGK1",-0.317081069568159,0.83051842769989
"BCL2;SGK1",-0.625340860876097,0.83051842769989
"PRMT5;SGK1",-0.86407840012915,0.864875045592771
"ATM;SGK1",-0.368127013633522,0.83051842769989
"BCL2L1;SGK1",-0.160453522250659,0.83051842769989
"KRAS;SGK1",-0.401037175821181,0.83051842769989
"CDK4;SGK1",-0.318602607772877,0.83051842769989
"CTNNB1;SGK1",-0.977344553594082,0.89768213210521
"BRAF;SGK1",-0.334724408087385,0.83051842769989
"MAP2K2;SGK1",-0.251379662930454,0.83051842769989
"PIK3CA;SGK1",-0.471122403205304,0.83051842769989
"IGF1R;SGK1",-0.300342989360766,0.83051842769989
"SGK1;TAZ",-0.286649118534762,0.83051842769989
"SGK1;WRN",-0.303101425717607,0.83051842769989
"AKT2;SGK1",-0.565637219725157,0.83051842769989
"SGK1;SRC",-0.313395500792944,0.83051842769989
"DNMT3B;SGK1",-0.528484423376985,0.83051842769989
"APC;SGK1",-0.320508485721966,0.83051842769989
"ERBB2;SGK1",-0.295868040557831,0.83051842769989
"SGK1;YAP1",-0.272512890664123,0.83051842769989
"PTPN11;SGK1",-0.303389422227083,0.83051842769989
"CHEK1;SGK1",-1.57557761939009,0.996820526247479
"JAK1;SGK1",-0.557657453594186,0.83051842769989
"AKT1;PIK3CB",-0.368582282114465,0.83051842769989
"BRD4;PIK3CB",-0.118306110858837,0.83051842769989
"MYC;PIK3CB",-1.59407306954401,0.996820526247479
"MAP2K1;PIK3CB",-2.62053206930013e-05,0.83051842769989
"MAPK1;PIK3CB",-0.132551839558664,0.83051842769989
"PIK3CB;WEE1",-0.634725286474763,0.83051842769989
"ARID1A;PIK3CB",-0.479674331982962,0.83051842769989
"PIK3CB;PRMT1",-1.26959356035161,0.980125494159251
"PARP1;PIK3CB",-1.08565199386972,0.922001026393481
"PIK3CB;PORCN",-0.353077636265391,0.83051842769989
"MDM2;PIK3CB",-0.595993655322829,0.83051842769989
"EGFR;PIK3CB",-0.47449214509223,0.83051842769989
"PIK3CB;SMAD4",-0.298424392181607,0.83051842769989
"DNMT1;PIK3CB",-0.620028722694021,0.83051842769989
"PIK3CB;RAF1",-0.237398780029776,0.83051842769989
"CDK6;PIK3CB",-0.763069919398564,0.853329897622711
"ATR;PIK3CB",-1.08170158779978,0.921488432930172
"MCL1;PIK3CB",-0.0174132268983854,0.83051842769989
"BCL2;PIK3CB",-0.639711212588856,0.83051842769989
"PIK3CB;PRMT5",-0.785889627599118,0.855597618930893
"ATM;PIK3CB",-0.361401282109123,0.83051842769989
"BCL2L1;PIK3CB",-0.346023925230286,0.83051842769989
"KRAS;PIK3CB",-0.417753569172946,0.83051842769989
"CDK4;PIK3CB",-0.0504903710745948,0.83051842769989
"CTNNB1;PIK3CB",-1.00510363387281,0.905353110343871
"BRAF;PIK3CB",-0.0531431772438951,0.83051842769989
"MAP2K2;PIK3CB",-0.011002462596905,0.83051842769989
"PIK3CA;PIK3CB",-0.315783859253503,0.83051842769989
"IGF1R;PIK3CB",-0.309565337029979,0.83051842769989
"PIK3CB;TAZ",-0.192083917334862,0.83051842769989
"PIK3CB;WRN",-0.313218760343197,0.83051842769989
"AKT2;PIK3CB",-0.532391665181514,0.83051842769989
"PIK3CB;SRC",-0.168556072362008,0.83051842769989
"DNMT3B;PIK3CB",-0.529836176707676,0.83051842769989
"APC;PIK3CB",-0.14035384605793,0.83051842769989
"ERBB2;PIK3CB",-0.117447558261566,0.83051842769989
"PIK3CB;YAP1",-0.311527172381969,0.83051842769989
"PIK3CB;PTPN11",-0.106513661074657,0.83051842769989
"CHEK1;PIK3CB",-1.72581613355083,0.996820526247479
"JAK1;PIK3CB",-0.505093090714093,0.83051842769989
"AKT1;BRDT",-0.362258571503612,0.83051842769989
"BRD4;BRDT",-0.3087292456263,0.83051842769989
"BRDT;MYC",-1.60381626946973,0.996820526247479
"BRDT;MAP2K1",-0.343416741602497,0.83051842769989
"BRDT;MAPK1",-0.307778207085318,0.83051842769989
"BRDT;WEE1",-0.831088549043297,0.858667905495995
"ARID1A;BRDT",-0.460363620010238,0.83051842769989
"BRDT;PRMT1",-1.38380747169178,0.996820526247479
"BRDT;PARP1",-1.03877591284227,0.913419946253691
"BRDT;PORCN",-0.224972683334403,0.83051842769989
"BRDT;MDM2",-0.448504558816047,0.83051842769989
"BRDT;EGFR",-0.498321352278746,0.83051842769989
"BRDT;SMAD4",-0.302283109275005,0.83051842769989
"BRDT;DNMT1",-0.624821365276213,0.83051842769989
"BRDT;RAF1",-0.305652179230574,0.83051842769989
"BRDT;CDK6",-0.685726070171045,0.835333570076776
"ATR;BRDT",-0.953344360228815,0.88992719643538
"BRDT;MCL1",-0.350409183004923,0.83051842769989
"BCL2;BRDT",-0.648834410062557,0.83051842769989
"BRDT;PRMT5",-0.852651384788718,0.863220419071441
"ATM;BRDT",-0.345574336234838,0.83051842769989
"BCL2L1;BRDT",-0.348073533257308,0.83051842769989
"BRDT;KRAS",-0.444870848454426,0.83051842769989
"BRDT;CDK4",-0.35023162092215,0.83051842769989
"BRDT;CTNNB1",-0.914329735530591,0.879380027155368
"BRAF;BRDT",-0.328913380977388,0.83051842769989
"BRDT;MAP2K2",-0.302167874193575,0.83051842769989
"BRDT;PIK3CA",-0.493731888226904,0.83051842769989
"BRDT;IGF1R",-0.29309438985291,0.83051842769989
"BRDT;TAZ",-0.332512585202815,0.83051842769989
"BRDT;WRN",-0.316083664011198,0.83051842769989
"AKT2;BRDT",-0.520126031812209,0.83051842769989
"BRDT;SRC",-0.287905542979837,0.83051842769989
"BRDT;DNMT3B",-0.507289108568409,0.83051842769989
"APC;BRDT",-0.324003949648622,0.83051842769989
"BRDT;ERBB2",-0.346151342600557,0.83051842769989
"BRDT;YAP1",-0.298776119575142,0.83051842769989
"BRDT;PTPN11",-0.283090664510938,0.83051842769989
"BRDT;CHEK1",-1.74604006203108,0.996820526247479
"BRDT;JAK1",-0.547230968392531,0.83051842769989
"AKT1;TACC3",-0.50574854902845,0.83051842769989
"BRD4;TACC3",-0.464590835024009,0.83051842769989
"MYC;TACC3",-1.39193353659717,0.996820526247479
"MAP2K1;TACC3",-0.497694413828545,0.83051842769989
"MAPK1;TACC3",-0.481345789205715,0.83051842769989
"TACC3;WEE1",-0.826038605017143,0.858367750999105
"ARID1A;TACC3",-0.525712362252214,0.83051842769989
"PRMT1;TACC3",-1.36044894951507,0.996820526247479
"PARP1;TACC3",-1.09996780961715,0.923452397685076
"PORCN;TACC3",-0.506020433622205,0.83051842769989
"MDM2;TACC3",-0.587110574968277,0.83051842769989
"EGFR;TACC3",-0.379962216162837,0.83051842769989
"SMAD4;TACC3",-0.452125661728721,0.83051842769989
"DNMT1;TACC3",-0.588815590083913,0.83051842769989
"RAF1;TACC3",-0.505282318913698,0.83051842769989
"CDK6;TACC3",-0.789653340885447,0.856227885389518
"ATR;TACC3",-1.0751709885965,0.920438060131278
"MCL1;TACC3",-0.461457033722985,0.83051842769989
"BCL2;TACC3",-0.638221916395167,0.83051842769989
"PRMT5;TACC3",-0.826750318074543,0.858367750999105
"ATM;TACC3",-0.505484251742897,0.83051842769989
"BCL2L1;TACC3",-0.520890705270684,0.83051842769989
"KRAS;TACC3",-0.487787997013404,0.83051842769989
"CDK4;TACC3",-0.472259322972654,0.83051842769989
"CTNNB1;TACC3",-0.944695893731202,0.887878207912766
"BRAF;TACC3",-0.484239517925215,0.83051842769989
"MAP2K2;TACC3",-0.492675808237225,0.83051842769989
"PIK3CA;TACC3",-0.506955020566531,0.83051842769989
"IGF1R;TACC3",-0.498852266709136,0.83051842769989
"TACC3;TAZ",-0.48888653580749,0.83051842769989
"TACC3;WRN",-0.505142966627435,0.83051842769989
"AKT2;TACC3",-0.47526863345811,0.83051842769989
"SRC;TACC3",-0.487505525202421,0.83051842769989
"DNMT3B;TACC3",-0.533136571225661,0.83051842769989
"APC;TACC3",-0.488164886981125,0.83051842769989
"ERBB2;TACC3",-0.480550039665705,0.83051842769989
"TACC3;YAP1",-0.345379022716008,0.83051842769989
"PTPN11;TACC3",-0.414757082493654,0.83051842769989
"CHEK1;TACC3",-1.61325993309871,0.996820526247479
"JAK1;TACC3",-0.591429409891055,0.83051842769989
"AKT1;PIK3R1",-0.337890189218115,0.83051842769989
"BRD4;PIK3R1",-0.386820324050867,0.83051842769989
"MYC;PIK3R1",-1.57542932400489,0.996820526247479
"MAP2K1;PIK3R1",-0.401886191521987,0.83051842769989
"MAPK1;PIK3R1",-0.182284663503555,0.83051842769989
"PIK3R1;WEE1",-0.807284950286519,0.858087473581107
"ARID1A;PIK3R1",-0.457826614853014,0.83051842769989
"PIK3R1;PRMT1",-1.37685008510748,0.996820526247479
"PARP1;PIK3R1",-1.11453081728745,0.924717238549349
"PIK3R1;PORCN",-0.3810277113365,0.83051842769989
"MDM2;PIK3R1",-0.573557357138474,0.83051842769989
"EGFR;PIK3R1",-0.441158281208521,0.83051842769989
"PIK3R1;SMAD4",-0.377832151318054,0.83051842769989
"DNMT1;PIK3R1",-0.591278732269762,0.83051842769989
"PIK3R1;RAF1",-0.35252049450698,0.83051842769989
"CDK6;PIK3R1",-0.739211972851679,0.848547748720631
"ATR;PIK3R1",-1.0680077913827,0.918959192273985
"MCL1;PIK3R1",-0.398318943626823,0.83051842769989
"BCL2;PIK3R1",-0.645097776164107,0.83051842769989
"PIK3R1;PRMT5",-0.785333070852751,0.855597618930893
"ATM;PIK3R1",-0.215658101477081,0.83051842769989
"BCL2L1;PIK3R1",-0.204503008784303,0.83051842769989
"KRAS;PIK3R1",-0.413540247609295,0.83051842769989
"CDK4;PIK3R1",-0.268448707360975,0.83051842769989
"CTNNB1;PIK3R1",-0.980428489204389,0.898358785445461
"BRAF;PIK3R1",-0.233309810837596,0.83051842769989
"MAP2K2;PIK3R1",-0.344858129891079,0.83051842769989
"PIK3CA;PIK3R1",-0.535518518665528,0.83051842769989
"IGF1R;PIK3R1",-0.294160607282397,0.83051842769989
"PIK3R1;TAZ",-0.390988766215144,0.83051842769989
"PIK3R1;WRN",-0.356457267628146,0.83051842769989
"AKT2;PIK3R1",-0.573622583185004,0.83051842769989
"PIK3R1;SRC",-0.36186716671444,0.83051842769989
"DNMT3B;PIK3R1",-0.54842457551808,0.83051842769989
"APC;PIK3R1",-0.253410561613216,0.83051842769989
"ERBB2;PIK3R1",-0.311675937714242,0.83051842769989
"PIK3R1;YAP1",-0.344608799742138,0.83051842769989
"PIK3R1;PTPN11",-0.380368614337826,0.83051842769989
"CHEK1;PIK3R1",-1.66949739122271,0.996820526247479
"JAK1;PIK3R1",-0.560367948516256,0.83051842769989
"AKT1;NME2",-0.351373364036899,0.83051842769989
"BRD4;NME2",-0.286911634842938,0.83051842769989
"MYC;NME2",-1.62589397373131,0.996820526247479
"MAP2K1;NME2",-0.28052230868998,0.83051842769989
"MAPK1;NME2",-0.0786575090326215,0.83051842769989
"NME2;WEE1",-0.943879648170481,0.887782901395961
"ARID1A;NME2",-0.471864631352863,0.83051842769989
"NME2;PRMT1",-1.31872259216001,0.990803269857148
"NME2;PARP1",-1.09822454224801,0.923367080805801
"NME2;PORCN",-0.264389034896912,0.83051842769989
"MDM2;NME2",-0.579528788155075,0.83051842769989
"EGFR;NME2",-0.4923614018017,0.83051842769989
"NME2;SMAD4",-0.328483094298507,0.83051842769989
"DNMT1;NME2",-0.55425917720292,0.83051842769989
"NME2;RAF1",-0.297806230136634,0.83051842769989
"CDK6;NME2",-0.815928114874446,0.858150763100959
"ATR;NME2",-1.10341520741474,0.923693465737953
"MCL1;NME2",-0.289766700269558,0.83051842769989
"BCL2;NME2",-0.626577165641521,0.83051842769989
"NME2;PRMT5",-0.865879893364089,0.865049125002658
"ATM;NME2",-0.357010882583162,0.83051842769989
"BCL2L1;NME2",-0.308196817818862,0.83051842769989
"KRAS;NME2",-0.451285545204216,0.83051842769989
"CDK4;NME2",-0.289804426797716,0.83051842769989
"CTNNB1;NME2",-1.036215207158,0.913394991889077
"BRAF;NME2",-0.242705056716261,0.83051842769989
"MAP2K2;NME2",-0.228974028862581,0.83051842769989
"NME2;PIK3CA",-0.512618845229308,0.83051842769989
"IGF1R;NME2",-0.354003882812242,0.83051842769989
"NME2;TAZ",-0.20218422735388,0.83051842769989
"NME2;WRN",-0.285427301541439,0.83051842769989
"AKT2;NME2",-0.564003012262156,0.83051842769989
"NME2;SRC",-0.289861322052468,0.83051842769989
"DNMT3B;NME2",-0.48512712239153,0.83051842769989
"APC;NME2",-0.227318269567468,0.83051842769989
"ERBB2;NME2",-0.277460077719971,0.83051842769989
"NME2;YAP1",-0.287572928879469,0.83051842769989
"NME2;PTPN11",-0.288909412189981,0.83051842769989
"CHEK1;NME2",-1.65724954005978,0.996820526247479
"JAK1;NME2",-0.547836890313656,0.83051842769989
"AKT1;HDAC1",-0.337334856978242,0.83051842769989
"BRD4;HDAC1",-0.19142170702283,0.83051842769989
"HDAC1;MYC",-1.65085113813306,0.996820526247479
"HDAC1;MAP2K1",-0.105809981196616,0.83051842769989
"HDAC1;MAPK1",-0.140187331814577,0.83051842769989
"HDAC1;WEE1",-0.650691119554968,0.83051842769989
"ARID1A;HDAC1",-0.473132262707166,0.83051842769989
"HDAC1;PRMT1",-1.34982713845924,0.995927289447518
"HDAC1;PARP1",-1.11903301515341,0.924916103508183
"HDAC1;PORCN",-0.293189623650336,0.83051842769989
"HDAC1;MDM2",-0.565413005497853,0.83051842769989
"EGFR;HDAC1",-0.512986658049156,0.83051842769989
"HDAC1;SMAD4",-0.344424226247655,0.83051842769989
"DNMT1;HDAC1",-0.62972407666234,0.83051842769989
"HDAC1;RAF1",-0.302613636054052,0.83051842769989
"CDK6;HDAC1",-0.657389740428681,0.83051842769989
"ATR;HDAC1",-1.11642011723433,0.924896231395191
"HDAC1;MCL1",0.210595993279414,0.83051842769989
"BCL2;HDAC1",-0.629030986148992,0.83051842769989
"HDAC1;PRMT5",-0.862176241629588,0.864680931476723
"ATM;HDAC1",-0.39125211948015,0.83051842769989
"BCL2L1;HDAC1",-0.336145320221681,0.83051842769989
"HDAC1;KRAS",-0.430175541184229,0.83051842769989
"CDK4;HDAC1",-0.158846977203603,0.83051842769989
"CTNNB1;HDAC1",-0.895134110825007,0.873781267551765
"BRAF;HDAC1",-0.0396659682272028,0.83051842769989
"HDAC1;MAP2K2",-0.159094165866272,0.83051842769989
"HDAC1;PIK3CA",-0.492336172628261,0.83051842769989
"HDAC1;IGF1R",-0.360714411201255,0.83051842769989
"HDAC1;TAZ",-0.192993404320928,0.83051842769989
"HDAC1;WRN",-0.324094266782544,0.83051842769989
"AKT2;HDAC1",-0.55570001869877,0.83051842769989
"HDAC1;SRC",-0.166516710431686,0.83051842769989
"DNMT3B;HDAC1",-0.524101986764092,0.83051842769989
"APC;HDAC1",-0.233401810298636,0.83051842769989
"ERBB2;HDAC1",-0.0979708331932279,0.83051842769989
"HDAC1;YAP1",-0.262462546287871,0.83051842769989
"HDAC1;PTPN11",-0.080400840977967,0.83051842769989
"CHEK1;HDAC1",-1.51424072801126,0.996820526247479
"HDAC1;JAK1",-0.557539962436378,0.83051842769989
"AKT1;JAG2",-0.395113212686423,0.83051842769989
"BRD4;JAG2",-0.406493855683992,0.83051842769989
"JAG2;MYC",-1.58098404619759,0.996820526247479
"JAG2;MAP2K1",-0.381966586794877,0.83051842769989
"JAG2;MAPK1",-0.392235360544589,0.83051842769989
"JAG2;WEE1",-0.841962692214983,0.860658710032528
"ARID1A;JAG2",-0.377936301320249,0.83051842769989
"JAG2;PRMT1",-1.3447867775864,0.99515854876185
"JAG2;PARP1",-1.02277782432688,0.909831728902891
"JAG2;PORCN",-0.407222251689365,0.83051842769989
"JAG2;MDM2",-0.588933523906641,0.83051842769989
"EGFR;JAG2",-0.501692413658146,0.83051842769989
"JAG2;SMAD4",-0.389465252979556,0.83051842769989
"DNMT1;JAG2",-0.566912247230518,0.83051842769989
"JAG2;RAF1",-0.406425880557083,0.83051842769989
"CDK6;JAG2",-0.786314491206596,0.855633034625726
"ATR;JAG2",-0.998471167659436,0.903981450441053
"JAG2;MCL1",-0.338094145488433,0.83051842769989
"BCL2;JAG2",-0.646890611292517,0.83051842769989
"JAG2;PRMT5",-0.858037530257554,0.864190203056916
"ATM;JAG2",-0.301767153534681,0.83051842769989
"BCL2L1;JAG2",-0.362568308272366,0.83051842769989
"JAG2;KRAS",-0.390423863585785,0.83051842769989
"CDK4;JAG2",-0.387052647002825,0.83051842769989
"CTNNB1;JAG2",-0.976833449003866,0.897553188838632
"BRAF;JAG2",-0.322623865597897,0.83051842769989
"JAG2;MAP2K2",-0.330019697426494,0.83051842769989
"JAG2;PIK3CA",-0.466331532163712,0.83051842769989
"IGF1R;JAG2",-0.338897714750936,0.83051842769989
"JAG2;TAZ",-0.369580130560368,0.83051842769989
"JAG2;WRN",-0.397785467501654,0.83051842769989
"AKT2;JAG2",-0.474388903697857,0.83051842769989
"JAG2;SRC",-0.327155751188549,0.83051842769989
"DNMT3B;JAG2",-0.520025422591759,0.83051842769989
"APC;JAG2",-0.385450315642439,0.83051842769989
"ERBB2;JAG2",-0.40873947644519,0.83051842769989
"JAG2;YAP1",-0.331061783824893,0.83051842769989
"JAG2;PTPN11",-0.378165094774348,0.83051842769989
"CHEK1;JAG2",-1.79016925265328,0.996820526247479
"JAG2;JAK1",-0.603650640371853,0.83051842769989
"AKT1;IKBKB",-0.381917697427224,0.83051842769989
"BRD4;IKBKB",-0.343865807350472,0.83051842769989
"IKBKB;MYC",-1.60441435781227,0.996820526247479
"IKBKB;MAP2K1",-0.291733059181143,0.83051842769989
"IKBKB;MAPK1",-0.422612990960003,0.83051842769989
"IKBKB;WEE1",-0.892404530706221,0.873019629195943
"ARID1A;IKBKB",-0.428803050952664,0.83051842769989
"IKBKB;PRMT1",-1.25939954409143,0.976929979767185
"IKBKB;PARP1",-1.05533619396738,0.916105491692665
"IKBKB;PORCN",-0.416076476122741,0.83051842769989
"IKBKB;MDM2",-0.595163402400584,0.83051842769989
"EGFR;IKBKB",-0.511520421772884,0.83051842769989
"IKBKB;SMAD4",-0.326925678283875,0.83051842769989
"DNMT1;IKBKB",-0.551843974190449,0.83051842769989
"IKBKB;RAF1",-0.37112379802447,0.83051842769989
"CDK6;IKBKB",-0.671763985166545,0.83173992559053
"ATR;IKBKB",-0.962660325337821,0.892855866847682
"IKBKB;MCL1",-0.423856959370494,0.83051842769989
"BCL2;IKBKB",-0.538285871728075,0.83051842769989
"IKBKB;PRMT5",-0.859411445662819,0.864478037269155
"ATM;IKBKB",-0.399416588135652,0.83051842769989
"BCL2L1;IKBKB",-0.324906371372551,0.83051842769989
"IKBKB;KRAS",-0.467057681324269,0.83051842769989
"CDK4;IKBKB",-0.388838126086697,0.83051842769989
"CTNNB1;IKBKB",-0.97260440124779,0.896301050023024
"BRAF;IKBKB",-0.361972075976185,0.83051842769989
"IKBKB;MAP2K2",-0.399927845966489,0.83051842769989
"IKBKB;PIK3CA",-0.521839525333152,0.83051842769989
"IGF1R;IKBKB",-0.374218165844412,0.83051842769989
"IKBKB;TAZ",-0.398394909638015,0.83051842769989
"IKBKB;WRN",-0.417333632030785,0.83051842769989
"AKT2;IKBKB",-0.517473607605205,0.83051842769989
"IKBKB;SRC",-0.425606899303368,0.83051842769989
"DNMT3B;IKBKB",-0.472064731074198,0.83051842769989
"APC;IKBKB",-0.397458055356034,0.83051842769989
"ERBB2;IKBKB",-0.374573749709281,0.83051842769989
"IKBKB;YAP1",-0.412805661428159,0.83051842769989
"IKBKB;PTPN11",-0.413577802480394,0.83051842769989
"CHEK1;IKBKB",-1.59522520919513,0.996820526247479
"IKBKB;JAK1",-0.617578668238524,0.83051842769989
"AKT1;LCK",-0.345384038239641,0.83051842769989
"BRD4;LCK",-0.259647000367846,0.83051842769989
"LCK;MYC",-1.44868626169332,0.996820526247479
"LCK;MAP2K1",-0.321911236559978,0.83051842769989
"LCK;MAPK1",-0.299479178651658,0.83051842769989
"LCK;WEE1",-0.870223044697833,0.865664242138467
"ARID1A;LCK",-0.384230029205502,0.83051842769989
"LCK;PRMT1",-1.27622123194122,0.981823570642004
"LCK;PARP1",-1.06243612600646,0.917784228262597
"LCK;PORCN",-0.330071539263627,0.83051842769989
"LCK;MDM2",-0.542726687919495,0.83051842769989
"EGFR;LCK",-0.401047876764481,0.83051842769989
"LCK;SMAD4",-0.338013008046239,0.83051842769989
"DNMT1;LCK",-0.584982469447183,0.83051842769989
"LCK;RAF1",-0.254751546193789,0.83051842769989
"CDK6;LCK",-0.760765918283431,0.853095895163736
"ATR;LCK",-0.914379736655637,0.879380027155368
"LCK;MCL1",-0.268932058340351,0.83051842769989
"BCL2;LCK",-0.52643272118292,0.83051842769989
"LCK;PRMT5",-0.702646789061747,0.840306675803289
"ATM;LCK",-0.381510650416869,0.83051842769989
"BCL2L1;LCK",-0.229247551527517,0.83051842769989
"KRAS;LCK",-0.467532535897139,0.83051842769989
"CDK4;LCK",-0.25378498080589,0.83051842769989
"CTNNB1;LCK",-0.933462371436219,0.884742580438376
"BRAF;LCK",-0.27454856919928,0.83051842769989
"LCK;MAP2K2",-0.267600360809646,0.83051842769989
"LCK;PIK3CA",-0.495786049572984,0.83051842769989
"IGF1R;LCK",-0.341744455389201,0.83051842769989
"LCK;TAZ",-0.25860316175845,0.83051842769989
"LCK;WRN",-0.246682864311508,0.83051842769989
"AKT2;LCK",-0.473532284446372,0.83051842769989
"LCK;SRC",-0.275474204038318,0.83051842769989
"DNMT3B;LCK",-0.535411969239905,0.83051842769989
"APC;LCK",-0.261893075938898,0.83051842769989
"ERBB2;LCK",-0.297095708243668,0.83051842769989
"LCK;YAP1",-0.282817744766888,0.83051842769989
"LCK;PTPN11",-0.259279243801431,0.83051842769989
"CHEK1;LCK",-1.77092330346805,0.996820526247479
"JAK1;LCK",-0.446732772597744,0.83051842769989
"AKT1;PRKRA",-0.335233133423939,0.83051842769989
"BRD4;PRKRA",-0.0770466337511175,0.83051842769989
"MYC;PRKRA",-1.64240482848263,0.996820526247479
"MAP2K1;PRKRA",-0.0888238097588131,0.83051842769989
"MAPK1;PRKRA",-0.208543265602874,0.83051842769989
"PRKRA;WEE1",-0.903200238681317,0.876333658185476
"ARID1A;PRKRA",-0.480794300433746,0.83051842769989
"PRKRA;PRMT1",-1.30364532847967,0.988310155108431
"PARP1;PRKRA",-1.06524947978848,0.918282616296707
"PORCN;PRKRA",-0.343434870274716,0.83051842769989
"MDM2;PRKRA",-0.593301606433537,0.83051842769989
"EGFR;PRKRA",-0.51487641007667,0.83051842769989
"PRKRA;SMAD4",-0.349074256769233,0.83051842769989
"DNMT1;PRKRA",-0.53156557769766,0.83051842769989
"PRKRA;RAF1",-0.171649751837759,0.83051842769989
"CDK6;PRKRA",-0.752524309710426,0.851450545270786
"ATR;PRKRA",-0.838856505014917,0.860372130595238
"MCL1;PRKRA",-0.00683830663204038,0.83051842769989
"BCL2;PRKRA",-0.668198460308652,0.830724467396923
"PRKRA;PRMT5",-0.74640725665988,0.850442736171389
"ATM;PRKRA",-0.318829698869509,0.83051842769989
"BCL2L1;PRKRA",-0.225369863207089,0.83051842769989
"KRAS;PRKRA",-0.402779417501094,0.83051842769989
"CDK4;PRKRA",-0.151189002112023,0.83051842769989
"CTNNB1;PRKRA",-1.0309692661134,0.911916821148243
"BRAF;PRKRA",0.0263506768450963,0.83051842769989
"MAP2K2;PRKRA",-0.114500145565215,0.83051842769989
"PIK3CA;PRKRA",-0.53609132025417,0.83051842769989
"IGF1R;PRKRA",-0.271757817984166,0.83051842769989
"PRKRA;TAZ",-0.107334759582006,0.83051842769989
"PRKRA;WRN",-0.172997570782367,0.83051842769989
"AKT2;PRKRA",-0.567297351487127,0.83051842769989
"PRKRA;SRC",-0.168891025513844,0.83051842769989
"DNMT3B;PRKRA",-0.474400227627973,0.83051842769989
"APC;PRKRA",-0.190415346808307,0.83051842769989
"ERBB2;PRKRA",-0.0931875956491367,0.83051842769989
"PRKRA;YAP1",-0.253041277334247,0.83051842769989
"PRKRA;PTPN11",-0.0763124268174946,0.83051842769989
"CHEK1;PRKRA",-1.63073166316408,0.996820526247479
"JAK1;PRKRA",-0.557269682967989,0.83051842769989
"AKT1;USP11",-0.360995977643721,0.83051842769989
"BRD4;USP11",-0.198751446801194,0.83051842769989
"MYC;USP11",-1.44350118631964,0.996820526247479
"MAP2K1;USP11",-0.279963571937699,0.83051842769989
"MAPK1;USP11",-0.307603018211816,0.83051842769989
"USP11;WEE1",-0.82715471909254,0.858367750999105
"ARID1A;USP11",-0.455794958136331,0.83051842769989
"PRMT1;USP11",-1.38109067610584,0.996820526247479
"PARP1;USP11",-1.09504710521405,0.923145026835478
"PORCN;USP11",-0.351900664425249,0.83051842769989
"MDM2;USP11",-0.581641476814923,0.83051842769989
"EGFR;USP11",-0.518006543316187,0.83051842769989
"SMAD4;USP11",-0.323023137129351,0.83051842769989
"DNMT1;USP11",-0.62768242394834,0.83051842769989
"RAF1;USP11",-0.292693306469683,0.83051842769989
"CDK6;USP11",-0.823028643308045,0.85826452060764
"ATR;USP11",-0.86079262829161,0.864680931476723
"MCL1;USP11",-0.269724693771169,0.83051842769989
"BCL2;USP11",-0.653651057113676,0.83051842769989
"PRMT5;USP11",-0.67664460290615,0.833420011806052
"ATM;USP11",-0.377720477605811,0.83051842769989
"BCL2L1;USP11",-0.346122980987161,0.83051842769989
"KRAS;USP11",-0.333152791708593,0.83051842769989
"CDK4;USP11",-0.306792828784999,0.83051842769989
"CTNNB1;USP11",-1.03733394981616,0.913419946253691
"BRAF;USP11",-0.304943878720387,0.83051842769989
"MAP2K2;USP11",-0.289626887186281,0.83051842769989
"PIK3CA;USP11",-0.505668753736912,0.83051842769989
"IGF1R;USP11",-0.324198277086197,0.83051842769989
"TAZ;USP11",-0.207927131773499,0.83051842769989
"USP11;WRN",-0.309987439711436,0.83051842769989
"AKT2;USP11",-0.536768516194493,0.83051842769989
"SRC;USP11",-0.247795078824013,0.83051842769989
"DNMT3B;USP11",-0.539742890659549,0.83051842769989
"APC;USP11",-0.245095904606425,0.83051842769989
"ERBB2;USP11",-0.227492732078675,0.83051842769989
"USP11;YAP1",-0.192679402020402,0.83051842769989
"PTPN11;USP11",-0.309228926476648,0.83051842769989
"CHEK1;USP11",-1.54723206797434,0.996820526247479
"JAK1;USP11",-0.6168918290502,0.83051842769989
"AKT1;REM2",-0.274785090760675,0.83051842769989
"BRD4;REM2",-0.254927636302685,0.83051842769989
"MYC;REM2",-1.58790929564603,0.996820526247479
"MAP2K1;REM2",-0.116322016846532,0.83051842769989
"MAPK1;REM2",-0.207629657787416,0.83051842769989
"REM2;WEE1",-0.822163803820572,0.85826452060764
"ARID1A;REM2",-0.453980014225668,0.83051842769989
"PRMT1;REM2",-1.3092683777086,0.98937615153971
"PARP1;REM2",-1.09861503700996,0.923386522220011
"PORCN;REM2",-0.340202883468321,0.83051842769989
"MDM2;REM2",-0.573790583738154,0.83051842769989
"EGFR;REM2",-0.47965684716536,0.83051842769989
"REM2;SMAD4",-0.304906976039227,0.83051842769989
"DNMT1;REM2",-0.629302866716563,0.83051842769989
"RAF1;REM2",-0.207190983746459,0.83051842769989
"CDK6;REM2",-0.81504648943396,0.858150763100959
"ATR;REM2",-1.1263026828683,0.925390170372791
"MCL1;REM2",-0.00104342220130818,0.83051842769989
"BCL2;REM2",-0.579033683063881,0.83051842769989
"PRMT5;REM2",-0.835694716251603,0.859835470553926
"ATM;REM2",-0.31615690163511,0.83051842769989
"BCL2L1;REM2",-0.279912264558089,0.83051842769989
"KRAS;REM2",-0.365983193616981,0.83051842769989
"CDK4;REM2",-0.139976133008201,0.83051842769989
"CTNNB1;REM2",-1.04471689168183,0.913701590084969
"BRAF;REM2",-0.00965938756998752,0.83051842769989
"MAP2K2;REM2",-0.0917256649228594,0.83051842769989
"PIK3CA;REM2",-0.499920675800572,0.83051842769989
"IGF1R;REM2",-0.336685658494007,0.83051842769989
"REM2;TAZ",-0.19908266122162,0.83051842769989
"REM2;WRN",-0.23765511233788,0.83051842769989
"AKT2;REM2",-0.501008736878257,0.83051842769989
"REM2;SRC",-0.162190302122906,0.83051842769989
"DNMT3B;REM2",-0.504225791976992,0.83051842769989
"APC;REM2",-0.254044064612364,0.83051842769989
"ERBB2;REM2",-0.0956482331482311,0.83051842769989
"REM2;YAP1",-0.307006361200724,0.83051842769989
"PTPN11;REM2",-0.115040391467819,0.83051842769989
"CHEK1;REM2",-1.76680397670085,0.996820526247479
"JAK1;REM2",-0.579571154964491,0.83051842769989
"AKT1;SYVN1",-0.293124228038721,0.83051842769989
"BRD4;SYVN1",-0.251573974033755,0.83051842769989
"MYC;SYVN1",-1.45574798122058,0.996820526247479
"MAP2K1;SYVN1",-0.172736924398685,0.83051842769989
"MAPK1;SYVN1",-0.223583076862283,0.83051842769989
"SYVN1;WEE1",-0.657530674851353,0.83051842769989
"ARID1A;SYVN1",-0.457237216745185,0.83051842769989
"PRMT1;SYVN1",-1.31599572704001,0.990408016205592
"PARP1;SYVN1",-1.12473946560421,0.924916103508183
"PORCN;SYVN1",-0.247629134024785,0.83051842769989
"MDM2;SYVN1",-0.536629183669663,0.83051842769989
"EGFR;SYVN1",-0.488763456942422,0.83051842769989
"SMAD4;SYVN1",-0.261650752915802,0.83051842769989
"DNMT1;SYVN1",-0.596905974033466,0.83051842769989
"RAF1;SYVN1",-0.222396031924301,0.83051842769989
"CDK6;SYVN1",-0.825276852578075,0.858367750999105
"ATR;SYVN1",-1.07946267110256,0.921431989741481
"MCL1;SYVN1",-0.125896585880166,0.83051842769989
"BCL2;SYVN1",-0.578689359290713,0.83051842769989
"PRMT5;SYVN1",-0.770747389033305,0.854290408947958
"ATM;SYVN1",-0.141173957321595,0.83051842769989
"BCL2L1;SYVN1",-0.129707495799459,0.83051842769989
"KRAS;SYVN1",-0.333578399234058,0.83051842769989
"CDK4;SYVN1",-0.168272229685066,0.83051842769989
"CTNNB1;SYVN1",-0.997091774136454,0.903628782028812
"BRAF;SYVN1",-0.133298349441166,0.83051842769989
"MAP2K2;SYVN1",-0.0648933486407642,0.83051842769989
"PIK3CA;SYVN1",-0.547361180692298,0.83051842769989
"IGF1R;SYVN1",-0.144201064727672,0.83051842769989
"SYVN1;TAZ",-0.144903350969547,0.83051842769989
"SYVN1;WRN",-0.313020761330497,0.83051842769989
"AKT2;SYVN1",-0.507505063041266,0.83051842769989
"SRC;SYVN1",-0.115629963615289,0.83051842769989
"DNMT3B;SYVN1",-0.481977385345781,0.83051842769989
"APC;SYVN1",-0.226585378969694,0.83051842769989
"ERBB2;SYVN1",-0.124223159905327,0.83051842769989
"SYVN1;YAP1",-0.287096291482564,0.83051842769989
"PTPN11;SYVN1",-0.0543293625929941,0.83051842769989
"CHEK1;SYVN1",-1.66548134292357,0.996820526247479
"JAK1;SYVN1",-0.595304774525391,0.83051842769989
"AKT1;DSN1",-0.375122089951043,0.83051842769989
"BRD4;DSN1",-0.24347592811601,0.83051842769989
"DSN1;MYC",-1.62104120176752,0.996820526247479
"DSN1;MAP2K1",-0.0688085804941126,0.83051842769989
"DSN1;MAPK1",-0.209641941981541,0.83051842769989
"DSN1;WEE1",-0.539443619637833,0.83051842769989
"ARID1A;DSN1",-0.394823731706934,0.83051842769989
"DSN1;PRMT1",-1.0725743789141,0.919963971753561
"DSN1;PARP1",-1.01602327106068,0.908637160991967
"DSN1;PORCN",-0.343471071065396,0.83051842769989
"DSN1;MDM2",-0.540154826805077,0.83051842769989
"DSN1;EGFR",-0.491578888279984,0.83051842769989
"DSN1;SMAD4",-0.305817234434277,0.83051842769989
"DNMT1;DSN1",-0.612354322737366,0.83051842769989
"DSN1;RAF1",-0.264826669094021,0.83051842769989
"CDK6;DSN1",-0.727115121156457,0.845738990547818
"ATR;DSN1",-1.08171778061545,0.921488432930172
"DSN1;MCL1",-0.0800685569877743,0.83051842769989
"BCL2;DSN1",-0.639938343112147,0.83051842769989
"DSN1;PRMT5",-0.709971509772075,0.841953357183135
"ATM;DSN1",-0.22202165891261,0.83051842769989
"BCL2L1;DSN1",-0.283046251144834,0.83051842769989
"DSN1;KRAS",-0.440613186482318,0.83051842769989
"CDK4;DSN1",-0.11086289758148,0.83051842769989
"CTNNB1;DSN1",-0.776423740523881,0.855392982465961
"BRAF;DSN1",-0.118797598530764,0.83051842769989
"DSN1;MAP2K2",-0.175941541545238,0.83051842769989
"DSN1;PIK3CA",-0.407400005865972,0.83051842769989
"DSN1;IGF1R",-0.330893121729476,0.83051842769989
"DSN1;TAZ",-0.0870577367218828,0.83051842769989
"DSN1;WRN",-0.228086501630355,0.83051842769989
"AKT2;DSN1",-0.573207441408963,0.83051842769989
"DSN1;SRC",-0.160985561632544,0.83051842769989
"DNMT3B;DSN1",-0.543157276669773,0.83051842769989
"APC;DSN1",-0.205490291075385,0.83051842769989
"DSN1;ERBB2",-0.119511539754898,0.83051842769989
"DSN1;YAP1",-0.31092361117971,0.83051842769989
"DSN1;PTPN11",-0.0371836030246872,0.83051842769989
"CHEK1;DSN1",-1.26966862947335,0.980125494159251
"DSN1;JAK1",-0.545576014700844,0.83051842769989
"AKT1;DAPK3",-0.351495401541986,0.83051842769989
"BRD4;DAPK3",-0.25061002142308,0.83051842769989
"DAPK3;MYC",-1.62544068274224,0.996820526247479
"DAPK3;MAP2K1",-0.090735947638708,0.83051842769989
"DAPK3;MAPK1",-0.242227518993493,0.83051842769989
"DAPK3;WEE1",-0.941965605067155,0.887343877263922
"ARID1A;DAPK3",-0.420268084873348,0.83051842769989
"DAPK3;PRMT1",-1.35666615793787,0.996592679322723
"DAPK3;PARP1",-1.08808306211436,0.922001026393481
"DAPK3;PORCN",-0.34758203076843,0.83051842769989
"DAPK3;MDM2",-0.503030972864056,0.83051842769989
"DAPK3;EGFR",-0.475650878962916,0.83051842769989
"DAPK3;SMAD4",-0.311559240376665,0.83051842769989
"DAPK3;DNMT1",-0.474923839439619,0.83051842769989
"DAPK3;RAF1",-0.246682898677907,0.83051842769989
"CDK6;DAPK3",-0.707933304789551,0.841649278518658
"ATR;DAPK3",-0.849713751286732,0.862818643261156
"DAPK3;MCL1",-0.0492899781426748,0.83051842769989
"BCL2;DAPK3",-0.573336056033099,0.83051842769989
"DAPK3;PRMT5",-0.863536579353473,0.864875045592771
"ATM;DAPK3",-0.337424219795693,0.83051842769989
"BCL2L1;DAPK3",-0.254380824843574,0.83051842769989
"DAPK3;KRAS",-0.466239578504901,0.83051842769989
"CDK4;DAPK3",-0.0877641629827985,0.83051842769989
"CTNNB1;DAPK3",-0.89048394345432,0.872442647887631
"BRAF;DAPK3",-0.0335342117421566,0.83051842769989
"DAPK3;MAP2K2",-0.135787391338801,0.83051842769989
"DAPK3;PIK3CA",-0.349702375245203,0.83051842769989
"DAPK3;IGF1R",-0.265444009938887,0.83051842769989
"DAPK3;TAZ",-0.189846627708645,0.83051842769989
"DAPK3;WRN",-0.345621037902294,0.83051842769989
"AKT2;DAPK3",-0.543402684302908,0.83051842769989
"DAPK3;SRC",-0.0689678756386456,0.83051842769989
"DAPK3;DNMT3B",-0.359764556501233,0.83051842769989
"APC;DAPK3",-0.221384381248841,0.83051842769989
"DAPK3;ERBB2",-0.0812056804275418,0.83051842769989
"DAPK3;YAP1",-0.306671920842367,0.83051842769989
"DAPK3;PTPN11",-0.0237378117867764,0.83051842769989
"CHEK1;DAPK3",-1.52140102988594,0.996820526247479
"DAPK3;JAK1",-0.566941506537973,0.83051842769989
"AKT1;MAPK6",-0.322355014026437,0.83051842769989
"BRD4;MAPK6",-0.23990304275182,0.83051842769989
"MAPK6;MYC",-1.54882543018041,0.996820526247479
"MAP2K1;MAPK6",-0.149562406854151,0.83051842769989
"MAPK1;MAPK6",-0.220671638751128,0.83051842769989
"MAPK6;WEE1",-0.732669618217939,0.846861348599385
"ARID1A;MAPK6",-0.480057449380471,0.83051842769989
"MAPK6;PRMT1",-1.37162535725896,0.996820526247479
"MAPK6;PARP1",-1.08213493529189,0.921610114833867
"MAPK6;PORCN",-0.32396688104046,0.83051842769989
"MAPK6;MDM2",-0.572965392681067,0.83051842769989
"EGFR;MAPK6",-0.502479878214779,0.83051842769989
"MAPK6;SMAD4",-0.355667762878294,0.83051842769989
"DNMT1;MAPK6",-0.601407934264922,0.83051842769989
"MAPK6;RAF1",-0.284546674025833,0.83051842769989
"CDK6;MAPK6",-0.820810271119872,0.85826452060764
"ATR;MAPK6",-1.12437684966916,0.924916103508183
"MAPK6;MCL1",-0.13101942112764,0.83051842769989
"BCL2;MAPK6",-0.541882489789038,0.83051842769989
"MAPK6;PRMT5",-0.783789198011984,0.855443174457673
"ATM;MAPK6",-0.337700563086034,0.83051842769989
"BCL2L1;MAPK6",-0.31523481362849,0.83051842769989
"KRAS;MAPK6",-0.411111100847721,0.83051842769989
"CDK4;MAPK6",0.0784284414258514,0.83051842769989
"CTNNB1;MAPK6",-1.04111155183119,0.913419946253691
"BRAF;MAPK6",-0.0676276731332932,0.83051842769989
"MAP2K2;MAPK6",0.00979210139398443,0.83051842769989
"MAPK6;PIK3CA",-0.509729975222278,0.83051842769989
"IGF1R;MAPK6",-0.314616312301099,0.83051842769989
"MAPK6;TAZ",-0.189231826031779,0.83051842769989
"MAPK6;WRN",-0.336179618584469,0.83051842769989
"AKT2;MAPK6",-0.540799919559987,0.83051842769989
"MAPK6;SRC",-0.155350349801017,0.83051842769989
"DNMT3B;MAPK6",-0.531894923640917,0.83051842769989
"APC;MAPK6",-0.0846227161014188,0.83051842769989
"ERBB2;MAPK6",-0.140861271608789,0.83051842769989
"MAPK6;YAP1",-0.269515123777106,0.83051842769989
"MAPK6;PTPN11",-0.159797434702647,0.83051842769989
"CHEK1;MAPK6",-1.70099694991984,0.996820526247479
"JAK1;MAPK6",-0.571169497585082,0.83051842769989
"AKT1;TYK2",-0.348854137913982,0.83051842769989
"BRD4;TYK2",-0.211762226971781,0.83051842769989
"MYC;TYK2",-1.58693692245464,0.996820526247479
"MAP2K1;TYK2",-0.17170300285871,0.83051842769989
"MAPK1;TYK2",-0.223839125180828,0.83051842769989
"TYK2;WEE1",-0.913737575162223,0.879233837218679
"ARID1A;TYK2",-0.464667201460845,0.83051842769989
"PRMT1;TYK2",-1.29263612022896,0.985758504102609
"PARP1;TYK2",-1.06748723972744,0.918877335897772
"PORCN;TYK2",-0.34046321282739,0.83051842769989
"MDM2;TYK2",-0.514497622432179,0.83051842769989
"EGFR;TYK2",-0.407613902133233,0.83051842769989
"SMAD4;TYK2",-0.345984146987893,0.83051842769989
"DNMT1;TYK2",-0.599252736140117,0.83051842769989
"RAF1;TYK2",-0.215550528447828,0.83051842769989
"CDK6;TYK2",-0.765622003229363,0.853541548318434
"ATR;TYK2",-1.0652370163935,0.918282616296707
"MCL1;TYK2",-0.196405258596168,0.83051842769989
"BCL2;TYK2",-0.638221683505749,0.83051842769989
"PRMT5;TYK2",-0.837891951915053,0.860357002319739
"ATM;TYK2",-0.380027002383494,0.83051842769989
"BCL2L1;TYK2",-0.340666647445156,0.83051842769989
"KRAS;TYK2",-0.405435922541877,0.83051842769989
"CDK4;TYK2",-0.150698351556609,0.83051842769989
"CTNNB1;TYK2",-1.00112903337008,0.904649075364505
"BRAF;TYK2",-0.205714160829917,0.83051842769989
"MAP2K2;TYK2",-0.196526706807872,0.83051842769989
"PIK3CA;TYK2",-0.550382714989812,0.83051842769989
"IGF1R;TYK2",-0.284884543166398,0.83051842769989
"TAZ;TYK2",-0.179145321848851,0.83051842769989
"TYK2;WRN",-0.32000628830245,0.83051842769989
"AKT2;TYK2",-0.476276173342893,0.83051842769989
"SRC;TYK2",-0.173341268833537,0.83051842769989
"DNMT3B;TYK2",-0.456033679678938,0.83051842769989
"APC;TYK2",-0.204488114058897,0.83051842769989
"ERBB2;TYK2",-0.100945081202457,0.83051842769989
"TYK2;YAP1",-0.294378088072371,0.83051842769989
"PTPN11;TYK2",-0.164396200285634,0.83051842769989
"CHEK1;TYK2",-1.67008006347382,0.996820526247479
"JAK1;TYK2",-0.623423643621191,0.83051842769989
"AKT1;PIK3CD",-0.3289027631353,0.83051842769989
"BRD4;PIK3CD",-0.255532291281817,0.83051842769989
"MYC;PIK3CD",-1.62610693289265,0.996820526247479
"MAP2K1;PIK3CD",-0.31149157088325,0.83051842769989
"MAPK1;PIK3CD",-0.268966319782087,0.83051842769989
"PIK3CD;WEE1",-0.93615975658307,0.88577539106553
"ARID1A;PIK3CD",-0.397903698604192,0.83051842769989
"PIK3CD;PRMT1",-1.27653914373797,0.981831156087935
"PARP1;PIK3CD",-1.045124115991,0.913701590084969
"PIK3CD;PORCN",-0.35305630537508,0.83051842769989
"MDM2;PIK3CD",-0.574753743570335,0.83051842769989
"EGFR;PIK3CD",-0.47093124598089,0.83051842769989
"PIK3CD;SMAD4",-0.28771167325863,0.83051842769989
"DNMT1;PIK3CD",-0.612397638162501,0.83051842769989
"PIK3CD;RAF1",-0.301843093863164,0.83051842769989
"CDK6;PIK3CD",-0.614467056060605,0.83051842769989
"ATR;PIK3CD",-0.894388486154538,0.873594626518744
"MCL1;PIK3CD",-0.255209808592144,0.83051842769989
"BCL2;PIK3CD",-0.662453794678476,0.83051842769989
"PIK3CD;PRMT5",-0.841784754860073,0.860658710032528
"ATM;PIK3CD",-0.236951468995704,0.83051842769989
"BCL2L1;PIK3CD",-0.28648596371749,0.83051842769989
"KRAS;PIK3CD",-0.399593240657684,0.83051842769989
"CDK4;PIK3CD",-0.299015878268496,0.83051842769989
"CTNNB1;PIK3CD",-0.968098854204365,0.895100170649092
"BRAF;PIK3CD",-0.257134361586466,0.83051842769989
"MAP2K2;PIK3CD",-0.217819811024094,0.83051842769989
"PIK3CA;PIK3CD",-0.553004857463429,0.83051842769989
"IGF1R;PIK3CD",-0.329341054111358,0.83051842769989
"PIK3CD;TAZ",-0.0955101782375753,0.83051842769989
"PIK3CD;WRN",-0.317516604563885,0.83051842769989
"AKT2;PIK3CD",-0.556645707401689,0.83051842769989
"PIK3CD;SRC",-0.274894649548627,0.83051842769989
"DNMT3B;PIK3CD",-0.529822347805357,0.83051842769989
"APC;PIK3CD",-0.194683045711478,0.83051842769989
"ERBB2;PIK3CD",-0.203238414046339,0.83051842769989
"PIK3CD;YAP1",-0.282113486921749,0.83051842769989
"PIK3CD;PTPN11",-0.208851817543495,0.83051842769989
"CHEK1;PIK3CD",-1.78186737244908,0.996820526247479
"JAK1;PIK3CD",-0.546330262391465,0.83051842769989
"AKT1;PLK2",-0.206830655431488,0.83051842769989
"BRD4;PLK2",-0.182623509737419,0.83051842769989
"MYC;PLK2",-1.51756484815962,0.996820526247479
"MAP2K1;PLK2",-0.114984155026137,0.83051842769989
"MAPK1;PLK2",-0.231473975113205,0.83051842769989
"PLK2;WEE1",-0.945699822156474,0.888231399331582
"ARID1A;PLK2",-0.454438532820234,0.83051842769989
"PLK2;PRMT1",-1.36063067716959,0.996820526247479
"PARP1;PLK2",-1.00522663703442,0.905353110343871
"PLK2;PORCN",-0.30919563692116,0.83051842769989
"MDM2;PLK2",-0.585855762258093,0.83051842769989
"EGFR;PLK2",-0.507677594402592,0.83051842769989
"PLK2;SMAD4",-0.367369215844737,0.83051842769989
"DNMT1;PLK2",-0.482905242585385,0.83051842769989
"PLK2;RAF1",-0.297311626344399,0.83051842769989
"CDK6;PLK2",-0.816349821412353,0.858150763100959
"ATR;PLK2",-1.0258344069179,0.91088444602324
"MCL1;PLK2",0.15018782119495,0.83051842769989
"BCL2;PLK2",-0.630039854140048,0.83051842769989
"PLK2;PRMT5",-0.747754653478062,0.850506615113902
"ATM;PLK2",-0.333157736059809,0.83051842769989
"BCL2L1;PLK2",-0.293427071395435,0.83051842769989
"KRAS;PLK2",-0.300162823027207,0.83051842769989
"CDK4;PLK2",-0.00209119264192517,0.83051842769989
"CTNNB1;PLK2",-0.689264225503048,0.836553028488806
"BRAF;PLK2",0.0120068686296076,0.83051842769989
"MAP2K2;PLK2",-0.125915145109402,0.83051842769989
"PIK3CA;PLK2",-0.535175536178201,0.83051842769989
"IGF1R;PLK2",-0.361258786735103,0.83051842769989
"PLK2;TAZ",-0.180338015166562,0.83051842769989
"PLK2;WRN",-0.307390723689938,0.83051842769989
"AKT2;PLK2",-0.539888153214493,0.83051842769989
"PLK2;SRC",-0.159137171783129,0.83051842769989
"DNMT3B;PLK2",-0.515478217998788,0.83051842769989
"APC;PLK2",-0.177499031805094,0.83051842769989
"ERBB2;PLK2",-0.11894555380685,0.83051842769989
"PLK2;YAP1",-0.298835013612554,0.83051842769989
"PLK2;PTPN11",-0.170532849367375,0.83051842769989
"CHEK1;PLK2",-1.6929481147766,0.996820526247479
"JAK1;PLK2",-0.584394560863159,0.83051842769989
"AKT1;BCCIP",-0.428774387387257,0.83051842769989
"BCCIP;BRD4",-0.354397441531184,0.83051842769989
"BCCIP;MYC",-1.6172427439642,0.996820526247479
"BCCIP;MAP2K1",-0.436889682142723,0.83051842769989
"BCCIP;MAPK1",-0.388014825133319,0.83051842769989
"BCCIP;WEE1",-0.765899837367186,0.853545663641316
"ARID1A;BCCIP",-0.4798647891587,0.83051842769989
"BCCIP;PRMT1",-1.2632529778782,0.978137587395279
"BCCIP;PARP1",-1.05636246623906,0.916202155949529
"BCCIP;PORCN",-0.343714377265688,0.83051842769989
"BCCIP;MDM2",-0.512060468047415,0.83051842769989
"BCCIP;EGFR",-0.49977790818342,0.83051842769989
"BCCIP;SMAD4",-0.379014921751492,0.83051842769989
"BCCIP;DNMT1",-0.556964138084812,0.83051842769989
"BCCIP;RAF1",-0.436715820913633,0.83051842769989
"BCCIP;CDK6",-0.654735040215763,0.83051842769989
"ATR;BCCIP",-1.10812636396795,0.923895399117375
"BCCIP;MCL1",-0.414008820125306,0.83051842769989
"BCCIP;BCL2",-0.592949878672869,0.83051842769989
"BCCIP;PRMT5",-0.785827310497936,0.855597618930893
"ATM;BCCIP",-0.412247273211412,0.83051842769989
"BCCIP;BCL2L1",-0.434625252030019,0.83051842769989
"BCCIP;KRAS",-0.390536326075539,0.83051842769989
"BCCIP;CDK4",-0.432100326736231,0.83051842769989
"BCCIP;CTNNB1",-1.017816532988,0.90916831415797
"BCCIP;BRAF",-0.420082197407526,0.83051842769989
"BCCIP;MAP2K2",-0.368107134952572,0.83051842769989
"BCCIP;PIK3CA",-0.478375446104735,0.83051842769989
"BCCIP;IGF1R",-0.391739299613805,0.83051842769989
"BCCIP;TAZ",-0.313916653475896,0.83051842769989
"BCCIP;WRN",-0.333254347412486,0.83051842769989
"AKT2;BCCIP",-0.502783266737211,0.83051842769989
"BCCIP;SRC",-0.430457558303589,0.83051842769989
"BCCIP;DNMT3B",-0.513687962268018,0.83051842769989
"APC;BCCIP",-0.407015202607511,0.83051842769989
"BCCIP;ERBB2",-0.365673134946802,0.83051842769989
"BCCIP;YAP1",-0.392856171195893,0.83051842769989
"BCCIP;PTPN11",-0.350812324186434,0.83051842769989
"BCCIP;CHEK1",-1.71622028118519,0.996820526247479
"BCCIP;JAK1",-0.504421122274206,0.83051842769989
"AKT1;MYCN",-0.353875117006295,0.83051842769989
"BRD4;MYCN",-0.210448783722624,0.83051842769989
"MYC;MYCN",-1.47703720019212,0.996820526247479
"MAP2K1;MYCN",-0.366568416008613,0.83051842769989
"MAPK1;MYCN",-0.347760990850539,0.83051842769989
"MYCN;WEE1",-0.873691493565886,0.866712263603399
"ARID1A;MYCN",-0.452634152806658,0.83051842769989
"MYCN;PRMT1",-1.3682591519828,0.996820526247479
"MYCN;PARP1",-1.10618961486134,0.923850009252945
"MYCN;PORCN",-0.352930964852851,0.83051842769989
"MDM2;MYCN",-0.513412295111749,0.83051842769989
"EGFR;MYCN",-0.511985462680969,0.83051842769989
"MYCN;SMAD4",-0.356578119303873,0.83051842769989
"DNMT1;MYCN",-0.599738256242832,0.83051842769989
"MYCN;RAF1",-0.370011336439038,0.83051842769989
"CDK6;MYCN",-0.762567846211605,0.853329897622711
"ATR;MYCN",-0.868497035671978,0.865507228575333
"MCL1;MYCN",-0.373933260578387,0.83051842769989
"BCL2;MYCN",-0.639089431154316,0.83051842769989
"MYCN;PRMT5",-0.822081053809027,0.85826452060764
"ATM;MYCN",-0.324566993135024,0.83051842769989
"BCL2L1;MYCN",-0.334784164422889,0.83051842769989
"KRAS;MYCN",-0.370651602083214,0.83051842769989
"CDK4;MYCN",-0.343582663476746,0.83051842769989
"CTNNB1;MYCN",-0.983550084624393,0.899511461055348
"BRAF;MYCN",-0.26568576772843,0.83051842769989
"MAP2K2;MYCN",-0.369533489133398,0.83051842769989
"MYCN;PIK3CA",-0.512932439283683,0.83051842769989
"IGF1R;MYCN",-0.322802150996114,0.83051842769989
"MYCN;TAZ",-0.369211578985278,0.83051842769989
"MYCN;WRN",-0.37161282349741,0.83051842769989
"AKT2;MYCN",-0.534170904751815,0.83051842769989
"MYCN;SRC",-0.170425609740599,0.83051842769989
"DNMT3B;MYCN",-0.535598602094115,0.83051842769989
"APC;MYCN",-0.328671213803191,0.83051842769989
"ERBB2;MYCN",-0.32555242630632,0.83051842769989
"MYCN;YAP1",-0.244679204105337,0.83051842769989
"MYCN;PTPN11",-0.339990748591242,0.83051842769989
"CHEK1;MYCN",-1.78473307669369,0.996820526247479
"JAK1;MYCN",-0.621468664590962,0.83051842769989
"AKT1;PELP1",-0.598487252563547,0.83051842769989
"BRD4;PELP1",-0.454465550784476,0.83051842769989
"MYC;PELP1",-1.30047912123815,0.98769055437039
"MAP2K1;PELP1",-0.47513602432969,0.83051842769989
"MAPK1;PELP1",-0.572066002173729,0.83051842769989
"PELP1;WEE1",-0.843412063411349,0.861122645910705
"ARID1A;PELP1",-0.350390118937696,0.83051842769989
"PELP1;PRMT1",-1.02128750223716,0.909544528705761
"PARP1;PELP1",-1.02594680795326,0.910895111707866
"PELP1;PORCN",-0.341443003109983,0.83051842769989
"MDM2;PELP1",-0.51304108341662,0.83051842769989
"EGFR;PELP1",-0.514592296881738,0.83051842769989
"PELP1;SMAD4",-0.464093735871021,0.83051842769989
"DNMT1;PELP1",-0.385835383725921,0.83051842769989
"PELP1;RAF1",-0.518694895777936,0.83051842769989
"CDK6;PELP1",-0.768538950100009,0.853849484059617
"ATR;PELP1",-0.587784609011255,0.83051842769989
"MCL1;PELP1",-0.49094990174016,0.83051842769989
"BCL2;PELP1",-0.485390421975286,0.83051842769989
"PELP1;PRMT5",-0.408871594267691,0.83051842769989
"ATM;PELP1",-0.454980115209694,0.83051842769989
"BCL2L1;PELP1",-0.522836174414782,0.83051842769989
"KRAS;PELP1",-0.354236636014823,0.83051842769989
"CDK4;PELP1",-0.567225133788276,0.83051842769989
"CTNNB1;PELP1",-0.772139604542897,0.854497018662672
"BRAF;PELP1",-0.589162407843736,0.83051842769989
"MAP2K2;PELP1",-0.562649253258626,0.83051842769989
"PELP1;PIK3CA",-0.327208556076505,0.83051842769989
"IGF1R;PELP1",-0.434389837013548,0.83051842769989
"PELP1;TAZ",-0.596381514897537,0.83051842769989
"PELP1;WRN",-0.441930578056751,0.83051842769989
"AKT2;PELP1",-0.460837872586895,0.83051842769989
"PELP1;SRC",-0.532192277478003,0.83051842769989
"DNMT3B;PELP1",-0.500989699927793,0.83051842769989
"APC;PELP1",-0.392968724847588,0.83051842769989
"ERBB2;PELP1",-0.542808869306591,0.83051842769989
"PELP1;YAP1",-0.570495363256645,0.83051842769989
"PELP1;PTPN11",-0.524038385748667,0.83051842769989
"CHEK1;PELP1",-1.66689752049519,0.996820526247479
"JAK1;PELP1",-0.477340875606302,0.83051842769989
"AKT1;PIN1",-0.347567395068825,0.83051842769989
"BRD4;PIN1",-0.21596994712801,0.83051842769989
"MYC;PIN1",-1.49171972264364,0.996820526247479
"MAP2K1;PIN1",-0.293390304750698,0.83051842769989
"MAPK1;PIN1",-0.29710357711136,0.83051842769989
"PIN1;WEE1",-0.68131269920764,0.834443664660813
"ARID1A;PIN1",-0.4107971097589,0.83051842769989
"PIN1;PRMT1",-1.30328966549653,0.988310155108431
"PARP1;PIN1",-1.06627101804724,0.918626608251993
"PIN1;PORCN",-0.317382866175028,0.83051842769989
"MDM2;PIN1",-0.580960639930509,0.83051842769989
"EGFR;PIN1",-0.484756722957376,0.83051842769989
"PIN1;SMAD4",-0.32740625966127,0.83051842769989
"DNMT1;PIN1",-0.577618673471675,0.83051842769989
"PIN1;RAF1",-0.236400025280281,0.83051842769989
"CDK6;PIN1",-0.757978120112079,0.852756414270213
"ATR;PIN1",-1.01422040903152,0.908052525585309
"MCL1;PIN1",-0.292407950461711,0.83051842769989
"BCL2;PIN1",-0.665865661884521,0.83051842769989
"PIN1;PRMT5",-0.868481076481913,0.865507228575333
"ATM;PIN1",-0.386757280038887,0.83051842769989
"BCL2L1;PIN1",-0.279886452914921,0.83051842769989
"KRAS;PIN1",-0.439670473849807,0.83051842769989
"CDK4;PIN1",-0.216462185106485,0.83051842769989
"CTNNB1;PIN1",-1.008902605623,0.906634397043353
"BRAF;PIN1",-0.210025044480458,0.83051842769989
"MAP2K2;PIN1",-0.254843616898838,0.83051842769989
"PIK3CA;PIN1",-0.511397832059799,0.83051842769989
"IGF1R;PIN1",-0.245154974492203,0.83051842769989
"PIN1;TAZ",-0.2930901756351,0.83051842769989
"PIN1;WRN",-0.326919111433801,0.83051842769989
"AKT2;PIN1",-0.569183150572079,0.83051842769989
"PIN1;SRC",-0.209145180838371,0.83051842769989
"DNMT3B;PIN1",-0.448532016543735,0.83051842769989
"APC;PIN1",-0.254267172409417,0.83051842769989
"ERBB2;PIN1",-0.214102712212685,0.83051842769989
"PIN1;YAP1",-0.270767136232896,0.83051842769989
"PIN1;PTPN11",-0.30242790793494,0.83051842769989
"CHEK1;PIN1",-1.69479755275814,0.996820526247479
"JAK1;PIN1",-0.580439286774855,0.83051842769989
"AKT1;E2F1",-0.26651372869553,0.83051842769989
"BRD4;E2F1",-0.1537813780246,0.83051842769989
"E2F1;MYC",-1.58708982355381,0.996820526247479
"E2F1;MAP2K1",-0.199089313293808,0.83051842769989
"E2F1;MAPK1",-0.192007191391183,0.83051842769989
"E2F1;WEE1",-0.819260026860433,0.85826452060764
"ARID1A;E2F1",-0.392185267264626,0.83051842769989
"E2F1;PRMT1",-1.12580457792507,0.925279176379424
"E2F1;PARP1",-1.05474416147203,0.916003267076462
"E2F1;PORCN",-0.290515648320082,0.83051842769989
"E2F1;MDM2",-0.525755731172073,0.83051842769989
"E2F1;EGFR",-0.50285723359209,0.83051842769989
"E2F1;SMAD4",-0.256355046576568,0.83051842769989
"DNMT1;E2F1",-0.443776195731466,0.83051842769989
"E2F1;RAF1",-0.27529909629161,0.83051842769989
"CDK6;E2F1",-0.582737299161952,0.83051842769989
"ATR;E2F1",-0.761402962084912,0.853289623613676
"E2F1;MCL1",-0.243558914541735,0.83051842769989
"BCL2;E2F1",-0.614030705830023,0.83051842769989
"E2F1;PRMT5",-0.690013108074533,0.836614459316848
"ATM;E2F1",-0.352986273348993,0.83051842769989
"BCL2L1;E2F1",-0.281191240517649,0.83051842769989
"E2F1;KRAS",-0.460308639894909,0.83051842769989
"CDK4;E2F1",-0.251848934448437,0.83051842769989
"CTNNB1;E2F1",-0.884001038734489,0.870387220411506
"BRAF;E2F1",-0.105058362610304,0.83051842769989
"E2F1;MAP2K2",-0.224706544575552,0.83051842769989
"E2F1;PIK3CA",-0.545064062547214,0.83051842769989
"E2F1;IGF1R",-0.319087459639899,0.83051842769989
"E2F1;TAZ",-0.233753166127782,0.83051842769989
"E2F1;WRN",-0.285396838663861,0.83051842769989
"AKT2;E2F1",-0.502320518675853,0.83051842769989
"E2F1;SRC",-0.169285678392418,0.83051842769989
"DNMT3B;E2F1",-0.503193448132449,0.83051842769989
"APC;E2F1",-0.231110482145852,0.83051842769989
"E2F1;ERBB2",-0.1490598366002,0.83051842769989
"E2F1;YAP1",-0.140276823665832,0.83051842769989
"E2F1;PTPN11",-0.159599368184702,0.83051842769989
"CHEK1;E2F1",-1.40884269904558,0.996820526247479
"E2F1;JAK1",-0.596192521902711,0.83051842769989
"AKT1;MAP2K5",-0.410161334384546,0.83051842769989
"BRD4;MAP2K5",-0.466870728342629,0.83051842769989
"MAP2K5;MYC",-1.61592702271873,0.996820526247479
"MAP2K1;MAP2K5",-0.39750723318166,0.83051842769989
"MAP2K5;MAPK1",-0.492289412230964,0.83051842769989
"MAP2K5;WEE1",-0.828106164664158,0.858496184975014
"ARID1A;MAP2K5",-0.421305282325633,0.83051842769989
"MAP2K5;PRMT1",-1.21714576993964,0.963689538686919
"MAP2K5;PARP1",-1.09345699720375,0.92268351704861
"MAP2K5;PORCN",-0.468522542197554,0.83051842769989
"MAP2K5;MDM2",-0.548508636817973,0.83051842769989
"EGFR;MAP2K5",-0.503952557855614,0.83051842769989
"MAP2K5;SMAD4",-0.423518285361411,0.83051842769989
"DNMT1;MAP2K5",-0.47291102661159,0.83051842769989
"MAP2K5;RAF1",-0.446727715060241,0.83051842769989
"CDK6;MAP2K5",-0.760509283737362,0.853063081294386
"ATR;MAP2K5",-1.05426580876747,0.916003267076462
"MAP2K5;MCL1",-0.473655018864541,0.83051842769989
"BCL2;MAP2K5",-0.643794152640712,0.83051842769989
"MAP2K5;PRMT5",-0.837176050947135,0.860280182295315
"ATM;MAP2K5",-0.491256133945911,0.83051842769989
"BCL2L1;MAP2K5",-0.480423135785886,0.83051842769989
"KRAS;MAP2K5",-0.467946814563569,0.83051842769989
"CDK4;MAP2K5",-0.476708583629803,0.83051842769989
"CTNNB1;MAP2K5",-0.841148112459015,0.860658710032528
"BRAF;MAP2K5",-0.486031559219288,0.83051842769989
"MAP2K2;MAP2K5",-0.49129780056714,0.83051842769989
"MAP2K5;PIK3CA",-0.553656055956978,0.83051842769989
"IGF1R;MAP2K5",-0.474945557338741,0.83051842769989
"MAP2K5;TAZ",-0.453393721743735,0.83051842769989
"MAP2K5;WRN",-0.335247255733836,0.83051842769989
"AKT2;MAP2K5",-0.532104154109076,0.83051842769989
"MAP2K5;SRC",-0.443274225167023,0.83051842769989
"DNMT3B;MAP2K5",-0.466010610842548,0.83051842769989
"APC;MAP2K5",-0.460288261044388,0.83051842769989
"ERBB2;MAP2K5",-0.460265614014682,0.83051842769989
"MAP2K5;YAP1",-0.465277138741284,0.83051842769989
"MAP2K5;PTPN11",-0.464261791017737,0.83051842769989
"CHEK1;MAP2K5",-1.77089009034495,0.996820526247479
"JAK1;MAP2K5",-0.587776319378683,0.83051842769989
"AKT1;DYRK1A",-0.362800931152163,0.83051842769989
"BRD4;DYRK1A",-0.295402277835257,0.83051842769989
"DYRK1A;MYC",-1.61917654617088,0.996820526247479
"DYRK1A;MAP2K1",-0.347555518630958,0.83051842769989
"DYRK1A;MAPK1",-0.282785923527584,0.83051842769989
"DYRK1A;WEE1",-0.877296765924454,0.868121654494612
"ARID1A;DYRK1A",-0.425744653464086,0.83051842769989
"DYRK1A;PRMT1",-1.36614314129922,0.996820526247479
"DYRK1A;PARP1",-1.0719162057395,0.919895501552237
"DYRK1A;PORCN",-0.322887411881108,0.83051842769989
"DYRK1A;MDM2",-0.597612792782521,0.83051842769989
"DYRK1A;EGFR",-0.511878499272118,0.83051842769989
"DYRK1A;SMAD4",-0.346135754413437,0.83051842769989
"DNMT1;DYRK1A",-0.573878142702554,0.83051842769989
"DYRK1A;RAF1",-0.328463344544094,0.83051842769989
"CDK6;DYRK1A",-0.80985214291514,0.858150763100959
"ATR;DYRK1A",-1.094497199855,0.923032203643923
"DYRK1A;MCL1",-0.354458349431259,0.83051842769989
"BCL2;DYRK1A",-0.611524276630074,0.83051842769989
"DYRK1A;PRMT5",-0.82034234189317,0.85826452060764
"ATM;DYRK1A",-0.311163774571697,0.83051842769989
"BCL2L1;DYRK1A",-0.173512957173428,0.83051842769989
"DYRK1A;KRAS",-0.413412889080456,0.83051842769989
"CDK4;DYRK1A",-0.296358673930979,0.83051842769989
"CTNNB1;DYRK1A",-0.952415547409829,0.889777333530342
"BRAF;DYRK1A",-0.317277308232961,0.83051842769989
"DYRK1A;MAP2K2",-0.272451407109658,0.83051842769989
"DYRK1A;PIK3CA",-0.474095534651693,0.83051842769989
"DYRK1A;IGF1R",-0.298798913879691,0.83051842769989
"DYRK1A;TAZ",-0.246726680139609,0.83051842769989
"DYRK1A;WRN",-0.292893539574085,0.83051842769989
"AKT2;DYRK1A",-0.523041729177785,0.83051842769989
"DYRK1A;SRC",-0.309832621846776,0.83051842769989
"DNMT3B;DYRK1A",-0.448337133163125,0.83051842769989
"APC;DYRK1A",-0.350871696370905,0.83051842769989
"DYRK1A;ERBB2",-0.324814134349798,0.83051842769989
"DYRK1A;YAP1",-0.321042615460724,0.83051842769989
"DYRK1A;PTPN11",-0.369961360547084,0.83051842769989
"CHEK1;DYRK1A",-1.57414719828802,0.996820526247479
"DYRK1A;JAK1",-0.512624453495661,0.83051842769989
"AKT1;SGK2",-0.343441400574387,0.83051842769989
"BRD4;SGK2",-0.336529556086419,0.83051842769989
"MYC;SGK2",-1.52691803573648,0.996820526247479
"MAP2K1;SGK2",-0.353217225523545,0.83051842769989
"MAPK1;SGK2",-0.307777003979753,0.83051842769989
"SGK2;WEE1",-0.880461726593009,0.869128681510209
"ARID1A;SGK2",-0.424782368679622,0.83051842769989
"PRMT1;SGK2",-1.18129596808036,0.950036813920731
"PARP1;SGK2",-1.12400701996376,0.924916103508183
"PORCN;SGK2",-0.277939243269419,0.83051842769989
"MDM2;SGK2",-0.560080788137789,0.83051842769989
"EGFR;SGK2",-0.488140477106729,0.83051842769989
"SGK2;SMAD4",-0.3698768804412,0.83051842769989
"DNMT1;SGK2",-0.501744069482265,0.83051842769989
"RAF1;SGK2",-0.311790683822495,0.83051842769989
"CDK6;SGK2",-0.805686951148003,0.858016621107286
"ATR;SGK2",-1.10939950057914,0.924073925414799
"MCL1;SGK2",-0.356648023657165,0.83051842769989
"BCL2;SGK2",-0.659413071901184,0.83051842769989
"PRMT5;SGK2",-0.802099001220525,0.857445669988327
"ATM;SGK2",-0.375839702836987,0.83051842769989
"BCL2L1;SGK2",-0.203033181796636,0.83051842769989
"KRAS;SGK2",-0.432093833217822,0.83051842769989
"CDK4;SGK2",-0.319590789415853,0.83051842769989
"CTNNB1;SGK2",-0.908317678509321,0.877628999839286
"BRAF;SGK2",-0.348853797206931,0.83051842769989
"MAP2K2;SGK2",-0.354317536781398,0.83051842769989
"PIK3CA;SGK2",-0.532084236274054,0.83051842769989
"IGF1R;SGK2",-0.258995521491539,0.83051842769989
"SGK2;TAZ",-0.265334434112747,0.83051842769989
"SGK2;WRN",-0.247649570931776,0.83051842769989
"AKT2;SGK2",-0.565972652256923,0.83051842769989
"SGK2;SRC",-0.332644515680786,0.83051842769989
"DNMT3B;SGK2",-0.506619509413266,0.83051842769989
"APC;SGK2",-0.273624392642582,0.83051842769989
"ERBB2;SGK2",-0.279024109498867,0.83051842769989
"SGK2;YAP1",-0.31663505441233,0.83051842769989
"PTPN11;SGK2",-0.212787639138323,0.83051842769989
"CHEK1;SGK2",-1.75680758412397,0.996820526247479
"JAK1;SGK2",-0.568331909342165,0.83051842769989
"AKT1;TAOK2",-0.393944565828061,0.83051842769989
"BRD4;TAOK2",-0.351202071634602,0.83051842769989
"MYC;TAOK2",-1.59694642980668,0.996820526247479
"MAP2K1;TAOK2",-0.42704086170879,0.83051842769989
"MAPK1;TAOK2",-0.368316009803874,0.83051842769989
"TAOK2;WEE1",-0.809758167383726,0.858150763100959
"ARID1A;TAOK2",-0.44656295695516,0.83051842769989
"PRMT1;TAOK2",-1.23466987247165,0.969832967682367
"PARP1;TAOK2",-1.08077228246263,0.921488432930172
"PORCN;TAOK2",-0.408358349034663,0.83051842769989
"MDM2;TAOK2",-0.56432942171064,0.83051842769989
"EGFR;TAOK2",-0.504698111492829,0.83051842769989
"SMAD4;TAOK2",-0.431487428450711,0.83051842769989
"DNMT1;TAOK2",-0.585829830480294,0.83051842769989
"RAF1;TAOK2",-0.417793202627064,0.83051842769989
"CDK6;TAOK2",-0.823145621995733,0.85826452060764
"ATR;TAOK2",-1.04112638832935,0.913419946253691
"MCL1;TAOK2",-0.433445381357562,0.83051842769989
"BCL2;TAOK2",-0.603394916209715,0.83051842769989
"PRMT5;TAOK2",-0.781311595720466,0.855443174457673
"ATM;TAOK2",-0.322640521981129,0.83051842769989
"BCL2L1;TAOK2",-0.414317855319357,0.83051842769989
"KRAS;TAOK2",-0.370213567613076,0.83051842769989
"CDK4;TAOK2",-0.431243814332097,0.83051842769989
"CTNNB1;TAOK2",-0.947467324092485,0.888556850510899
"BRAF;TAOK2",-0.415568694584851,0.83051842769989
"MAP2K2;TAOK2",-0.433310360752751,0.83051842769989
"PIK3CA;TAOK2",-0.442087468788234,0.83051842769989
"IGF1R;TAOK2",-0.33078739222907,0.83051842769989
"TAOK2;TAZ",-0.42858619110898,0.83051842769989
"TAOK2;WRN",-0.362443821969598,0.83051842769989
"AKT2;TAOK2",-0.552578457247113,0.83051842769989
"SRC;TAOK2",-0.427820420721291,0.83051842769989
"DNMT3B;TAOK2",-0.498631678236013,0.83051842769989
"APC;TAOK2",-0.432134266399429,0.83051842769989
"ERBB2;TAOK2",-0.432806291712701,0.83051842769989
"TAOK2;YAP1",-0.424931955522382,0.83051842769989
"PTPN11;TAOK2",-0.386397883142622,0.83051842769989
"CHEK1;TAOK2",-1.6873625803698,0.996820526247479
"JAK1;TAOK2",-0.577186420575563,0.83051842769989
"AKT1;PRCC",-0.331486049399947,0.83051842769989
"BRD4;PRCC",-0.236164100314508,0.83051842769989
"MYC;PRCC",-1.32357798236506,0.991850100167108
"MAP2K1;PRCC",-0.266614360296788,0.83051842769989
"MAPK1;PRCC",-0.332783023139866,0.83051842769989
"PRCC;WEE1",-0.778082069127735,0.855392982465961
"ARID1A;PRCC",-0.282968300988291,0.83051842769989
"PRCC;PRMT1",-1.250449451117,0.974592876995792
"PARP1;PRCC",-1.1110180316304,0.924121252169155
"PORCN;PRCC",-0.272527227012127,0.83051842769989
"MDM2;PRCC",-0.544671613765064,0.83051842769989
"EGFR;PRCC",-0.452684399779717,0.83051842769989
"PRCC;SMAD4",-0.364413607543697,0.83051842769989
"DNMT1;PRCC",-0.586328592213612,0.83051842769989
"PRCC;RAF1",-0.30392024399934,0.83051842769989
"CDK6;PRCC",-0.722321323985428,0.844607210076008
"ATR;PRCC",-1.02717303944367,0.911081572852605
"MCL1;PRCC",-0.31140520460408,0.83051842769989
"BCL2;PRCC",-0.593892610029852,0.83051842769989
"PRCC;PRMT5",-0.85090676970617,0.863082816599217
"ATM;PRCC",-0.293175961807368,0.83051842769989
"BCL2L1;PRCC",-0.225512198214937,0.83051842769989
"KRAS;PRCC",-0.389443621598488,0.83051842769989
"CDK4;PRCC",-0.342998543601494,0.83051842769989
"CTNNB1;PRCC",-0.873463342320266,0.866686817039418
"BRAF;PRCC",-0.344253991199068,0.83051842769989
"MAP2K2;PRCC",-0.207349807325274,0.83051842769989
"PIK3CA;PRCC",-0.492394931211975,0.83051842769989
"IGF1R;PRCC",-0.361275184005783,0.83051842769989
"PRCC;TAZ",-0.339922918314864,0.83051842769989
"PRCC;WRN",-0.267754737546702,0.83051842769989
"AKT2;PRCC",-0.531272488514461,0.83051842769989
"PRCC;SRC",-0.252029794202842,0.83051842769989
"DNMT3B;PRCC",-0.460576991288744,0.83051842769989
"APC;PRCC",-0.306834082836974,0.83051842769989
"ERBB2;PRCC",-0.298584717602353,0.83051842769989
"PRCC;YAP1",-0.334953429468068,0.83051842769989
"PRCC;PTPN11",-0.335306598755004,0.83051842769989
"CHEK1;PRCC",-1.78033964014824,0.996820526247479
"JAK1;PRCC",-0.569997374498991,0.83051842769989
"AKT1;METAP2",-0.260007794764853,0.83051842769989
"BRD4;METAP2",-0.0983115065221909,0.83051842769989
"METAP2;MYC",-1.56402783316968,0.996820526247479
"MAP2K1;METAP2",-0.0625247038921827,0.83051842769989
"MAPK1;METAP2",-0.199122155663696,0.83051842769989
"METAP2;WEE1",-0.954435318746251,0.8900318682095
"ARID1A;METAP2",-0.480105140331045,0.83051842769989
"METAP2;PRMT1",-1.38601769574802,0.996820526247479
"METAP2;PARP1",-1.11993697209449,0.924916103508183
"METAP2;PORCN",-0.341240828580018,0.83051842769989
"MDM2;METAP2",-0.493316895266675,0.83051842769989
"EGFR;METAP2",-0.487434775234575,0.83051842769989
"METAP2;SMAD4",-0.31435507529485,0.83051842769989
"DNMT1;METAP2",-0.603810496909275,0.83051842769989
"METAP2;RAF1",-0.294551999853528,0.83051842769989
"CDK6;METAP2",-0.560080665033339,0.83051842769989
"ATR;METAP2",-0.991615548438694,0.902421369673738
"MCL1;METAP2",-0.0385539744243815,0.83051842769989
"BCL2;METAP2",-0.596833759762098,0.83051842769989
"METAP2;PRMT5",-0.689706994462453,0.836598700753595
"ATM;METAP2",-0.32163914194563,0.83051842769989
"BCL2L1;METAP2",-0.32469141603569,0.83051842769989
"KRAS;METAP2",-0.348833143809248,0.83051842769989
"CDK4;METAP2",-0.160904353121791,0.83051842769989
"CTNNB1;METAP2",-1.01078438530421,0.907190098528419
"BRAF;METAP2",-0.0445775321863019,0.83051842769989
"MAP2K2;METAP2",-0.0191972554819235,0.83051842769989
"METAP2;PIK3CA",-0.533134341183209,0.83051842769989
"IGF1R;METAP2",-0.116866331651646,0.83051842769989
"METAP2;TAZ",-0.171834036392697,0.83051842769989
"METAP2;WRN",-0.220512765994619,0.83051842769989
"AKT2;METAP2",-0.547060515318219,0.83051842769989
"METAP2;SRC",-0.150136498681833,0.83051842769989
"DNMT3B;METAP2",-0.498123451188649,0.83051842769989
"APC;METAP2",-0.180468423361508,0.83051842769989
"ERBB2;METAP2",-0.127085870540363,0.83051842769989
"METAP2;YAP1",-0.212132023532271,0.83051842769989
"METAP2;PTPN11",-0.158183192164662,0.83051842769989
"CHEK1;METAP2",-1.7160149570194,0.996820526247479
"JAK1;METAP2",-0.497295005078944,0.83051842769989
"AKT1;UBA3",-0.389077342663457,0.83051842769989
"BRD4;UBA3",-0.402791469431724,0.83051842769989
"MYC;UBA3",-1.48323037028964,0.996820526247479
"MAP2K1;UBA3",-0.495521701144535,0.83051842769989
"MAPK1;UBA3",-0.450754635559902,0.83051842769989
"UBA3;WEE1",-0.574809434087639,0.83051842769989
"ARID1A;UBA3",-0.429727223788153,0.83051842769989
"PRMT1;UBA3",-0.634355559099839,0.83051842769989
"PARP1;UBA3",-1.06748146320146,0.918877335897772
"PORCN;UBA3",-0.368494078213168,0.83051842769989
"MDM2;UBA3",-0.413101764726574,0.83051842769989
"EGFR;UBA3",-0.48642846068568,0.83051842769989
"SMAD4;UBA3",-0.303717379128048,0.83051842769989
"DNMT1;UBA3",-0.600250169880291,0.83051842769989
"RAF1;UBA3",-0.432519892131018,0.83051842769989
"CDK6;UBA3",-0.69585325455509,0.838190164702783
"ATR;UBA3",-0.762722305258043,0.853329897622711
"MCL1;UBA3",-0.476635498538699,0.83051842769989
"BCL2;UBA3",-0.574488496237699,0.83051842769989
"PRMT5;UBA3",-0.848990159874936,0.862579524140995
"ATM;UBA3",-0.352785586581107,0.83051842769989
"BCL2L1;UBA3",-0.475126756266309,0.83051842769989
"KRAS;UBA3",-0.376930419205771,0.83051842769989
"CDK4;UBA3",-0.461827976162017,0.83051842769989
"CTNNB1;UBA3",-0.891576564411205,0.87276876397307
"BRAF;UBA3",-0.347108539324925,0.83051842769989
"MAP2K2;UBA3",-0.350071408827414,0.83051842769989
"PIK3CA;UBA3",-0.562032614789064,0.83051842769989
"IGF1R;UBA3",-0.224598979104376,0.83051842769989
"TAZ;UBA3",-0.474656659797577,0.83051842769989
"UBA3;WRN",-0.484466432528482,0.83051842769989
"AKT2;UBA3",-0.481862808246363,0.83051842769989
"SRC;UBA3",-0.482270812735349,0.83051842769989
"DNMT3B;UBA3",-0.483683191669692,0.83051842769989
"APC;UBA3",-0.451750671579667,0.83051842769989
"ERBB2;UBA3",-0.443151757848654,0.83051842769989
"UBA3;YAP1",-0.347711452713345,0.83051842769989
"PTPN11;UBA3",-0.484682840081004,0.83051842769989
"CHEK1;UBA3",-1.39047296105797,0.996820526247479
"JAK1;UBA3",-0.611650155523049,0.83051842769989
"AKT1;HIPK2",-0.357132779467819,0.83051842769989
"BRD4;HIPK2",-0.256224909036781,0.83051842769989
"HIPK2;MYC",-1.54323842396499,0.996820526247479
"HIPK2;MAP2K1",-0.169459597858141,0.83051842769989
"HIPK2;MAPK1",-0.20264646119881,0.83051842769989
"HIPK2;WEE1",-0.82760252914155,0.858367750999105
"ARID1A;HIPK2",-0.383239598521421,0.83051842769989
"HIPK2;PRMT1",-1.36224499001611,0.996820526247479
"HIPK2;PARP1",-1.10626143706012,0.923850009252945
"HIPK2;PORCN",-0.331611522054898,0.83051842769989
"HIPK2;MDM2",-0.5950270570175,0.83051842769989
"EGFR;HIPK2",-0.48347134765489,0.83051842769989
"HIPK2;SMAD4",-0.344875307607939,0.83051842769989
"DNMT1;HIPK2",-0.429488812763692,0.83051842769989
"HIPK2;RAF1",-0.299278365779582,0.83051842769989
"CDK6;HIPK2",-0.774736721061514,0.855139102411059
"ATR;HIPK2",-1.04947819858221,0.914405966759037
"HIPK2;MCL1",-0.145196712501936,0.83051842769989
"BCL2;HIPK2",-0.62403520090442,0.83051842769989
"HIPK2;PRMT5",-0.855934592656648,0.863913566523911
"ATM;HIPK2",-0.311567838910337,0.83051842769989
"BCL2L1;HIPK2",-0.318428562540265,0.83051842769989
"HIPK2;KRAS",-0.366417187803505,0.83051842769989
"CDK4;HIPK2",-0.1606043888106,0.83051842769989
"CTNNB1;HIPK2",-0.98945131984429,0.901580376608096
"BRAF;HIPK2",-0.183068530226947,0.83051842769989
"HIPK2;MAP2K2",-0.164165951725959,0.83051842769989
"HIPK2;PIK3CA",-0.500226541944711,0.83051842769989
"HIPK2;IGF1R",-0.331086642683744,0.83051842769989
"HIPK2;TAZ",-0.164442926354957,0.83051842769989
"HIPK2;WRN",-0.232183323957641,0.83051842769989
"AKT2;HIPK2",-0.51330546352451,0.83051842769989
"HIPK2;SRC",-0.156475279104341,0.83051842769989
"DNMT3B;HIPK2",-0.525051827977345,0.83051842769989
"APC;HIPK2",-0.230055360745503,0.83051842769989
"ERBB2;HIPK2",-0.149879739743918,0.83051842769989
"HIPK2;YAP1",-0.315332754226509,0.83051842769989
"HIPK2;PTPN11",-0.174481721481597,0.83051842769989
"CHEK1;HIPK2",-1.7480461888267,0.996820526247479
"HIPK2;JAK1",-0.606552243943924,0.83051842769989
"AKT1;YES1",-0.282584611079779,0.83051842769989
"BRD4;YES1",-0.165919574888923,0.83051842769989
"MYC;YES1",-1.53916869652383,0.996820526247479
"MAP2K1;YES1",-0.107552864532134,0.83051842769989
"MAPK1;YES1",-0.203984645726106,0.83051842769989
"WEE1;YES1",-0.850801941617157,0.863082816599217
"ARID1A;YES1",-0.315895272905089,0.83051842769989
"PRMT1;YES1",-1.37373098987627,0.996820526247479
"PARP1;YES1",-1.10039933892166,0.923452397685076
"PORCN;YES1",-0.254906620679753,0.83051842769989
"MDM2;YES1",-0.54750458007244,0.83051842769989
"EGFR;YES1",-0.494949768676074,0.83051842769989
"SMAD4;YES1",-0.275395518616085,0.83051842769989
"DNMT1;YES1",-0.577959189986735,0.83051842769989
"RAF1;YES1",-0.259680539880633,0.83051842769989
"CDK6;YES1",-0.752292869523621,0.851450545270786
"ATR;YES1",-1.05350485860611,0.915668196396057
"MCL1;YES1",-0.0547428788771541,0.83051842769989
"BCL2;YES1",-0.6300122518979,0.83051842769989
"PRMT5;YES1",-0.868023440177084,0.865499659518306
"ATM;YES1",-0.401943036820982,0.83051842769989
"BCL2L1;YES1",-0.31785230854682,0.83051842769989
"KRAS;YES1",-0.433054906708223,0.83051842769989
"CDK4;YES1",-0.187259099954368,0.83051842769989
"CTNNB1;YES1",-0.933269559771079,0.884742580438376
"BRAF;YES1",-0.187787444905028,0.83051842769989
"MAP2K2;YES1",-0.122122537706786,0.83051842769989
"PIK3CA;YES1",-0.387467637159034,0.83051842769989
"IGF1R;YES1",-0.348634570208317,0.83051842769989
"TAZ;YES1",-0.187262499273643,0.83051842769989
"WRN;YES1",-0.342572305030986,0.83051842769989
"AKT2;YES1",-0.572722320355173,0.83051842769989
"SRC;YES1",0.0682717667241718,0.83051842769989
"DNMT3B;YES1",-0.472666397948123,0.83051842769989
"APC;YES1",-0.240542089144142,0.83051842769989
"ERBB2;YES1",-0.19459445850188,0.83051842769989
"YAP1;YES1",-0.229943827735801,0.83051842769989
"PTPN11;YES1",-0.146826073224566,0.83051842769989
"CHEK1;YES1",-1.50754688268356,0.996820526247479
"JAK1;YES1",-0.519845116499359,0.83051842769989
"AKT1;FNTB",-0.45543710190568,0.83051842769989
"BRD4;FNTB",-0.43798134673128,0.83051842769989
"FNTB;MYC",-1.45568439557088,0.996820526247479
"FNTB;MAP2K1",-0.475637138219006,0.83051842769989
"FNTB;MAPK1",-0.486801817211939,0.83051842769989
"FNTB;WEE1",-0.944532437123126,0.887867768485882
"ARID1A;FNTB",-0.4046308708786,0.83051842769989
"FNTB;PRMT1",-0.929857993223354,0.883895272446356
"FNTB;PARP1",-1.00639077445561,0.905765099374959
"FNTB;PORCN",-0.43598502042817,0.83051842769989
"FNTB;MDM2",-0.420301432305329,0.83051842769989
"EGFR;FNTB",-0.380314876290347,0.83051842769989
"FNTB;SMAD4",-0.451387717260536,0.83051842769989
"DNMT1;FNTB",-0.618465037864158,0.83051842769989
"FNTB;RAF1",-0.451249023298699,0.83051842769989
"CDK6;FNTB",-0.8143607456021,0.858150763100959
"ATR;FNTB",-1.01363678467302,0.907878362908625
"FNTB;MCL1",-0.426159716406911,0.83051842769989
"BCL2;FNTB",-0.553516568792473,0.83051842769989
"FNTB;PRMT5",-0.727940025851054,0.845738990547818
"ATM;FNTB",-0.485380343387935,0.83051842769989
"BCL2L1;FNTB",-0.330864378446061,0.83051842769989
"FNTB;KRAS",-0.480620216127716,0.83051842769989
"CDK4;FNTB",-0.271463136585379,0.83051842769989
"CTNNB1;FNTB",-0.9579833931395,0.891215343781133
"BRAF;FNTB",-0.490024217649358,0.83051842769989
"FNTB;MAP2K2",-0.469179160690118,0.83051842769989
"FNTB;PIK3CA",-0.536659009099305,0.83051842769989
"FNTB;IGF1R",-0.484797635360322,0.83051842769989
"FNTB;TAZ",-0.363953901570353,0.83051842769989
"FNTB;WRN",-0.44319218997794,0.83051842769989
"AKT2;FNTB",-0.550965842797495,0.83051842769989
"FNTB;SRC",-0.347256410705716,0.83051842769989
"DNMT3B;FNTB",-0.51430943685759,0.83051842769989
"APC;FNTB",-0.427768009881182,0.83051842769989
"ERBB2;FNTB",-0.447418832440744,0.83051842769989
"FNTB;YAP1",-0.459898028433169,0.83051842769989
"FNTB;PTPN11",-0.407956856201184,0.83051842769989
"CHEK1;FNTB",-1.63535955132704,0.996820526247479
"FNTB;JAK1",-0.32586683064398,0.83051842769989
"AKT1;KIF14",-0.376452351770951,0.83051842769989
"BRD4;KIF14",-0.140576391888973,0.83051842769989
"KIF14;MYC",-1.51598513007951,0.996820526247479
"KIF14;MAP2K1",-0.236013128792268,0.83051842769989
"KIF14;MAPK1",-0.179758557816466,0.83051842769989
"KIF14;WEE1",-0.686228728427672,0.835552345903388
"ARID1A;KIF14",-0.327549904647331,0.83051842769989
"KIF14;PRMT1",-1.15018104551615,0.93625595220805
"KIF14;PARP1",-1.07749502475628,0.920992518509512
"KIF14;PORCN",-0.3422955637246,0.83051842769989
"KIF14;MDM2",-0.530884242464927,0.83051842769989
"EGFR;KIF14",-0.487197969103443,0.83051842769989
"KIF14;SMAD4",-0.31359233894161,0.83051842769989
"DNMT1;KIF14",-0.611851251338703,0.83051842769989
"KIF14;RAF1",-0.290523373782666,0.83051842769989
"CDK6;KIF14",-0.714881336100423,0.843221488866569
"ATR;KIF14",-0.910648755477593,0.878415414811944
"KIF14;MCL1",-0.110450693575067,0.83051842769989
"BCL2;KIF14",-0.38854255413929,0.83051842769989
"KIF14;PRMT5",-0.861176988356161,0.864680931476723
"ATM;KIF14",-0.323627234140817,0.83051842769989
"BCL2L1;KIF14",-0.222159438383152,0.83051842769989
"KIF14;KRAS",-0.357980633606386,0.83051842769989
"CDK4;KIF14",-0.213375354765062,0.83051842769989
"CTNNB1;KIF14",-1.0166562873709,0.908873837509189
"BRAF;KIF14",-0.109257108090251,0.83051842769989
"KIF14;MAP2K2",-0.211181940207639,0.83051842769989
"KIF14;PIK3CA",-0.528898672705796,0.83051842769989
"IGF1R;KIF14",-0.139109626522027,0.83051842769989
"KIF14;TAZ",-0.243940958055937,0.83051842769989
"KIF14;WRN",-0.294560017856001,0.83051842769989
"AKT2;KIF14",-0.477063160139458,0.83051842769989
"KIF14;SRC",-0.238432444826654,0.83051842769989
"DNMT3B;KIF14",-0.499373416596413,0.83051842769989
"APC;KIF14",-0.134076624439214,0.83051842769989
"ERBB2;KIF14",-0.241449414089447,0.83051842769989
"KIF14;YAP1",-0.292804207495282,0.83051842769989
"KIF14;PTPN11",-0.229678853618512,0.83051842769989
"CHEK1;KIF14",-1.66587803910057,0.996820526247479
"JAK1;KIF14",-0.597138118746049,0.83051842769989
"AKT1;TEC",-0.302022581187533,0.83051842769989
"BRD4;TEC",-0.267425584708849,0.83051842769989
"MYC;TEC",-1.55810921781348,0.996820526247479
"MAP2K1;TEC",-0.116185728922131,0.83051842769989
"MAPK1;TEC",-0.186754251683393,0.83051842769989
"TEC;WEE1",-0.922785909777481,0.882183904360788
"ARID1A;TEC",-0.418998542887025,0.83051842769989
"PRMT1;TEC",-1.38603462183579,0.996820526247479
"PARP1;TEC",-1.09822484459014,0.923367080805801
"PORCN;TEC",-0.262028596271206,0.83051842769989
"MDM2;TEC",-0.525542816505269,0.83051842769989
"EGFR;TEC",-0.469309186077215,0.83051842769989
"SMAD4;TEC",-0.283107311227503,0.83051842769989
"DNMT1;TEC",-0.579050287813661,0.83051842769989
"RAF1;TEC",-0.295058911365381,0.83051842769989
"CDK6;TEC",-0.659641270415508,0.83051842769989
"ATR;TEC",-1.01023697913275,0.907078303192916
"MCL1;TEC",-0.00096711412980087,0.83051842769989
"BCL2;TEC",-0.653035350134727,0.83051842769989
"PRMT5;TEC",-0.800447743685356,0.857292527748453
"ATM;TEC",-0.368251949779704,0.83051842769989
"BCL2L1;TEC",-0.339979479442324,0.83051842769989
"KRAS;TEC",-0.443921526509241,0.83051842769989
"CDK4;TEC",-0.0740443620981792,0.83051842769989
"CTNNB1;TEC",-1.04333034641638,0.913515079259661
"BRAF;TEC",0.148558831489759,0.83051842769989
"MAP2K2;TEC",-0.0959794461530295,0.83051842769989
"PIK3CA;TEC",-0.548655748318322,0.83051842769989
"IGF1R;TEC",-0.274974051972494,0.83051842769989
"TAZ;TEC",-0.190899836684566,0.83051842769989
"TEC;WRN",-0.336564912659379,0.83051842769989
"AKT2;TEC",-0.554339029865744,0.83051842769989
"SRC;TEC",-0.119076665923463,0.83051842769989
"DNMT3B;TEC",-0.507588055614464,0.83051842769989
"APC;TEC",-0.124752604456809,0.83051842769989
"ERBB2;TEC",-0.131096116485798,0.83051842769989
"TEC;YAP1",-0.247406123415471,0.83051842769989
"PTPN11;TEC",-0.100683171272397,0.83051842769989
"CHEK1;TEC",-1.774862798921,0.996820526247479
"JAK1;TEC",-0.617253379874752,0.83051842769989
"AKT1;MAP3K7",-0.381097614057019,0.83051842769989
"BRD4;MAP3K7",-0.24396032504185,0.83051842769989
"MAP3K7;MYC",-1.6452320093137,0.996820526247479
"MAP2K1;MAP3K7",0.0271004693761602,0.83051842769989
"MAP3K7;MAPK1",-0.152027461272557,0.83051842769989
"MAP3K7;WEE1",-0.844112563284257,0.861368139236204
"ARID1A;MAP3K7",-0.469607907792376,0.83051842769989
"MAP3K7;PRMT1",-1.38770596835378,0.996820526247479
"MAP3K7;PARP1",-1.04719828558209,0.913965240315988
"MAP3K7;PORCN",-0.343059440324511,0.83051842769989
"MAP3K7;MDM2",-0.576415166286685,0.83051842769989
"EGFR;MAP3K7",-0.484505370204527,0.83051842769989
"MAP3K7;SMAD4",-0.318693580813316,0.83051842769989
"DNMT1;MAP3K7",-0.494825880779616,0.83051842769989
"MAP3K7;RAF1",-0.293706249540422,0.83051842769989
"CDK6;MAP3K7",-0.813303424143424,0.858150763100959
"ATR;MAP3K7",-0.974700751438798,0.897044163188902
"MAP3K7;MCL1",-0.0845599404538814,0.83051842769989
"BCL2;MAP3K7",-0.600798442386169,0.83051842769989
"MAP3K7;PRMT5",-0.837729714158604,0.860357002319739
"ATM;MAP3K7",-0.395468160655266,0.83051842769989
"BCL2L1;MAP3K7",-0.296321968756455,0.83051842769989
"KRAS;MAP3K7",-0.447346258363951,0.83051842769989
"CDK4;MAP3K7",-0.0761443127080875,0.83051842769989
"CTNNB1;MAP3K7",-0.89538967660986,0.873823687585778
"BRAF;MAP3K7",-0.015899143040641,0.83051842769989
"MAP2K2;MAP3K7",-0.123102006660432,0.83051842769989
"MAP3K7;PIK3CA",-0.44190598423142,0.83051842769989
"IGF1R;MAP3K7",-0.278669116469362,0.83051842769989
"MAP3K7;TAZ",-0.200093985614846,0.83051842769989
"MAP3K7;WRN",-0.337006312844249,0.83051842769989
"AKT2;MAP3K7",-0.504799253130735,0.83051842769989
"MAP3K7;SRC",-0.139839383375679,0.83051842769989
"DNMT3B;MAP3K7",-0.543568140180259,0.83051842769989
"APC;MAP3K7",-0.229039359656012,0.83051842769989
"ERBB2;MAP3K7",-0.0208844668960601,0.83051842769989
"MAP3K7;YAP1",-0.2694166456489,0.83051842769989
"MAP3K7;PTPN11",-0.127681156211896,0.83051842769989
"CHEK1;MAP3K7",-1.70022353697149,0.996820526247479
"JAK1;MAP3K7",-0.552354940513706,0.83051842769989
"AKT1;JUP",-0.343757965730962,0.83051842769989
"BRD4;JUP",-0.204838762695607,0.83051842769989
"JUP;MYC",-1.65164295340659,0.996820526247479
"JUP;MAP2K1",-0.098866332549396,0.83051842769989
"JUP;MAPK1",-0.237148277132806,0.83051842769989
"JUP;WEE1",-0.809674713047147,0.858150763100959
"ARID1A;JUP",-0.233499607071983,0.83051842769989
"JUP;PRMT1",-1.34735671917779,0.995617279313016
"JUP;PARP1",-1.12044621590609,0.924916103508183
"JUP;PORCN",-0.307535638208796,0.83051842769989
"JUP;MDM2",-0.500319610580223,0.83051842769989
"EGFR;JUP",-0.514963717489171,0.83051842769989
"JUP;SMAD4",-0.310849214800387,0.83051842769989
"DNMT1;JUP",-0.513266291113905,0.83051842769989
"JUP;RAF1",-0.250040010670627,0.83051842769989
"CDK6;JUP",-0.674051819314452,0.832565648578959
"ATR;JUP",-0.884976930399773,0.870478512386197
"JUP;MCL1",-0.0456338382023563,0.83051842769989
"BCL2;JUP",-0.666931392195596,0.83051842769989
"JUP;PRMT5",-0.762423606313007,0.853329897622711
"ATM;JUP",-0.283109705259608,0.83051842769989
"BCL2L1;JUP",-0.231664813758404,0.83051842769989
"JUP;KRAS",-0.378920861218547,0.83051842769989
"CDK4;JUP",-0.0574714347932875,0.83051842769989
"CTNNB1;JUP",-0.465918328107646,0.83051842769989
"BRAF;JUP",-0.0617996680209483,0.83051842769989
"JUP;MAP2K2",-0.145778527636191,0.83051842769989
"JUP;PIK3CA",-0.423381991338506,0.83051842769989
"IGF1R;JUP",-0.186395046244166,0.83051842769989
"JUP;TAZ",-0.0811482774945584,0.83051842769989
"JUP;WRN",-0.330035519034052,0.83051842769989
"AKT2;JUP",-0.514073171100507,0.83051842769989
"JUP;SRC",-0.164808707003947,0.83051842769989
"DNMT3B;JUP",-0.492241740487968,0.83051842769989
"APC;JUP",-0.229439067186519,0.83051842769989
"ERBB2;JUP",-0.108259885085786,0.83051842769989
"JUP;YAP1",-0.225292961677241,0.83051842769989
"JUP;PTPN11",-0.0464746214266264,0.83051842769989
"CHEK1;JUP",-1.67817768431875,0.996820526247479
"JAK1;JUP",-0.457830506396028,0.83051842769989
"AKT1;NEK4",-0.39605326156287,0.83051842769989
"BRD4;NEK4",-0.334790181581341,0.83051842769989
"MYC;NEK4",-1.48216538268591,0.996820526247479
"MAP2K1;NEK4",-0.306583060790155,0.83051842769989
"MAPK1;NEK4",-0.39389419606639,0.83051842769989
"NEK4;WEE1",-0.886094208562092,0.8708239406581
"ARID1A;NEK4",-0.474805177461146,0.83051842769989
"NEK4;PRMT1",-1.23588521947452,0.970240708176334
"NEK4;PARP1",-1.03749592092158,0.913419946253691
"NEK4;PORCN",-0.280635826120936,0.83051842769989
"MDM2;NEK4",-0.595250834774384,0.83051842769989
"EGFR;NEK4",-0.511968105453111,0.83051842769989
"NEK4;SMAD4",-0.376033922288837,0.83051842769989
"DNMT1;NEK4",-0.617010928936058,0.83051842769989
"NEK4;RAF1",-0.334958210843675,0.83051842769989
"CDK6;NEK4",-0.694113246336263,0.837740511341831
"ATR;NEK4",-0.803052085412927,0.857625223174046
"MCL1;NEK4",-0.334659358769795,0.83051842769989
"BCL2;NEK4",-0.566198411639578,0.83051842769989
"NEK4;PRMT5",-0.839483984908399,0.860418450565195
"ATM;NEK4",-0.323913384921361,0.83051842769989
"BCL2L1;NEK4",-0.298123253218776,0.83051842769989
"KRAS;NEK4",-0.458467207339887,0.83051842769989
"CDK4;NEK4",-0.338785013208022,0.83051842769989
"CTNNB1;NEK4",-0.93722733323315,0.885894597158508
"BRAF;NEK4",-0.35762620151817,0.83051842769989
"MAP2K2;NEK4",-0.381565644076037,0.83051842769989
"NEK4;PIK3CA",-0.51114963471764,0.83051842769989
"IGF1R;NEK4",-0.397665073831772,0.83051842769989
"NEK4;TAZ",-0.358036430635992,0.83051842769989
"NEK4;WRN",-0.34919352701631,0.83051842769989
"AKT2;NEK4",-0.57665622164827,0.83051842769989
"NEK4;SRC",-0.38618939767316,0.83051842769989
"DNMT3B;NEK4",-0.512646622381726,0.83051842769989
"APC;NEK4",-0.392844110613051,0.83051842769989
"ERBB2;NEK4",-0.353018990353513,0.83051842769989
"NEK4;YAP1",-0.344685602608153,0.83051842769989
"NEK4;PTPN11",-0.3586858042646,0.83051842769989
"CHEK1;NEK4",-1.61175024091266,0.996820526247479
"JAK1;NEK4",-0.612411898682244,0.83051842769989
"AKT1;MARK1",-0.359206500118577,0.83051842769989
"BRD4;MARK1",-0.251141683648364,0.83051842769989
"MARK1;MYC",-1.52026704461065,0.996820526247479
"MAP2K1;MARK1",-0.0548126351626346,0.83051842769989
"MAPK1;MARK1",-0.164561031318206,0.83051842769989
"MARK1;WEE1",-0.84179173744292,0.860658710032528
"ARID1A;MARK1",-0.42345310849627,0.83051842769989
"MARK1;PRMT1",-1.2915777036521,0.985481185948125
"MARK1;PARP1",-1.11086425853897,0.924121252169155
"MARK1;PORCN",-0.285651483024475,0.83051842769989
"MARK1;MDM2",-0.556284848626567,0.83051842769989
"EGFR;MARK1",-0.511351387209548,0.83051842769989
"MARK1;SMAD4",-0.371843444694298,0.83051842769989
"DNMT1;MARK1",-0.463546533062295,0.83051842769989
"MARK1;RAF1",-0.292066640281617,0.83051842769989
"CDK6;MARK1",-0.737082938881139,0.847911240371218
"ATR;MARK1",-1.06011649755962,0.917446472506166
"MARK1;MCL1",0.00778489694568335,0.83051842769989
"BCL2;MARK1",-0.59346619897076,0.83051842769989
"MARK1;PRMT5",-0.732723398541513,0.846861348599385
"ATM;MARK1",-0.403099273306005,0.83051842769989
"BCL2L1;MARK1",-0.328631187854921,0.83051842769989
"KRAS;MARK1",-0.449592151469745,0.83051842769989
"CDK4;MARK1",-0.114763372809397,0.83051842769989
"CTNNB1;MARK1",-0.944015037107047,0.887782901395961
"BRAF;MARK1",-0.145967108144716,0.83051842769989
"MAP2K2;MARK1",-0.120811343442427,0.83051842769989
"MARK1;PIK3CA",-0.451714908414219,0.83051842769989
"IGF1R;MARK1",-0.343644712901207,0.83051842769989
"MARK1;TAZ",-0.146752743101626,0.83051842769989
"MARK1;WRN",-0.326170858341276,0.83051842769989
"AKT2;MARK1",-0.537751955598446,0.83051842769989
"MARK1;SRC",-0.118413163206178,0.83051842769989
"DNMT3B;MARK1",-0.542351044287033,0.83051842769989
"APC;MARK1",-0.235893342924805,0.83051842769989
"ERBB2;MARK1",-0.108938289732519,0.83051842769989
"MARK1;YAP1",-0.323604672814536,0.83051842769989
"MARK1;PTPN11",-0.140660455926715,0.83051842769989
"CHEK1;MARK1",-1.70490519092708,0.996820526247479
"JAK1;MARK1",-0.575953777560719,0.83051842769989
"AKT1;PAK1",-0.37519624607641,0.83051842769989
"BRD4;PAK1",-0.342442313075512,0.83051842769989
"MYC;PAK1",-1.56461262454886,0.996820526247479
"MAP2K1;PAK1",-0.328861635321354,0.83051842769989
"MAPK1;PAK1",-0.254944585018265,0.83051842769989
"PAK1;WEE1",-0.706368009566455,0.841318653390918
"ARID1A;PAK1",-0.447596925181192,0.83051842769989
"PAK1;PRMT1",-1.38174841248122,0.996820526247479
"PAK1;PARP1",-1.01931575361103,0.90935463268898
"PAK1;PORCN",-0.274699746240757,0.83051842769989
"MDM2;PAK1",-0.582322124108529,0.83051842769989
"EGFR;PAK1",-0.401002113622011,0.83051842769989
"PAK1;SMAD4",-0.362185442569203,0.83051842769989
"DNMT1;PAK1",-0.621106518539784,0.83051842769989
"PAK1;RAF1",-0.320116174879748,0.83051842769989
"CDK6;PAK1",-0.735236187324697,0.847480667578457
"ATR;PAK1",-0.989260467014856,0.901524252272762
"MCL1;PAK1",-0.296869245079448,0.83051842769989
"BCL2;PAK1",-0.646842456096126,0.83051842769989
"PAK1;PRMT5",-0.836548490873795,0.860241480708258
"ATM;PAK1",-0.383569742452918,0.83051842769989
"BCL2L1;PAK1",-0.184047726972023,0.83051842769989
"KRAS;PAK1",-0.463707085170618,0.83051842769989
"CDK4;PAK1",-0.339287178288258,0.83051842769989
"CTNNB1;PAK1",-0.95754421203958,0.891008696947099
"BRAF;PAK1",-0.300048580268617,0.83051842769989
"MAP2K2;PAK1",-0.340291525053114,0.83051842769989
"PAK1;PIK3CA",-0.535897202018393,0.83051842769989
"IGF1R;PAK1",-0.338650445028801,0.83051842769989
"PAK1;TAZ",-0.323380475639283,0.83051842769989
"PAK1;WRN",-0.356550547342393,0.83051842769989
"AKT2;PAK1",-0.576085442086391,0.83051842769989
"PAK1;SRC",-0.305924096386979,0.83051842769989
"DNMT3B;PAK1",-0.479217060263789,0.83051842769989
"APC;PAK1",-0.313722052830067,0.83051842769989
"ERBB2;PAK1",-0.290904268313022,0.83051842769989
"PAK1;YAP1",-0.285737357361785,0.83051842769989
"PAK1;PTPN11",-0.288591366572969,0.83051842769989
"CHEK1;PAK1",-1.78901233558723,0.996820526247479
"JAK1;PAK1",-0.591965592159508,0.83051842769989
"AKT1;CDKL5",-0.345884093460103,0.83051842769989
"BRD4;CDKL5",-0.323311120321321,0.83051842769989
"CDKL5;MYC",-1.41787574272112,0.996820526247479
"CDKL5;MAP2K1",-0.289006710993233,0.83051842769989
"CDKL5;MAPK1",-0.28886712927561,0.83051842769989
"CDKL5;WEE1",-0.945848397692468,0.888231399331582
"ARID1A;CDKL5",-0.463102568871032,0.83051842769989
"CDKL5;PRMT1",-1.1213727357357,0.924916103508183
"CDKL5;PARP1",-1.10203784674889,0.923452397685076
"CDKL5;PORCN",-0.336062385535827,0.83051842769989
"CDKL5;MDM2",-0.500638340241375,0.83051842769989
"CDKL5;EGFR",-0.447865516635008,0.83051842769989
"CDKL5;SMAD4",-0.317440457898331,0.83051842769989
"CDKL5;DNMT1",-0.590996827173428,0.83051842769989
"CDKL5;RAF1",-0.331596166454579,0.83051842769989
"CDK6;CDKL5",-0.739599157571435,0.848578191909355
"ATR;CDKL5",-0.98186571571557,0.898787593607277
"CDKL5;MCL1",-0.296409554710451,0.83051842769989
"BCL2;CDKL5",-0.620634202102631,0.83051842769989
"CDKL5;PRMT5",-0.794600553092824,0.857092806306478
"ATM;CDKL5",-0.352983068452394,0.83051842769989
"BCL2L1;CDKL5",-0.315244913007783,0.83051842769989
"CDKL5;KRAS",-0.450053427225068,0.83051842769989
"CDK4;CDKL5",-0.284826121432434,0.83051842769989
"CDKL5;CTNNB1",-1.0019946564836,0.904820133102315
"BRAF;CDKL5",-0.26770184406453,0.83051842769989
"CDKL5;MAP2K2",-0.342103879428631,0.83051842769989
"CDKL5;PIK3CA",-0.473361675481038,0.83051842769989
"CDKL5;IGF1R",-0.2842798309764,0.83051842769989
"CDKL5;TAZ",-0.283157666918946,0.83051842769989
"CDKL5;WRN",-0.339284411093324,0.83051842769989
"AKT2;CDKL5",-0.53463935731054,0.83051842769989
"CDKL5;SRC",-0.328591905292599,0.83051842769989
"CDKL5;DNMT3B",-0.51720574720031,0.83051842769989
"APC;CDKL5",-0.312367810284371,0.83051842769989
"CDKL5;ERBB2",-0.243770027252042,0.83051842769989
"CDKL5;YAP1",-0.318893245332858,0.83051842769989
"CDKL5;PTPN11",-0.297209355900018,0.83051842769989
"CDKL5;CHEK1",-1.74076441074878,0.996820526247479
"CDKL5;JAK1",-0.56435336948773,0.83051842769989
"AKT1;BRD2",-0.446820588495298,0.83051842769989
"BRD2;BRD4",-0.515322633792097,0.83051842769989
"BRD2;MYC",-1.55557180869149,0.996820526247479
"BRD2;MAP2K1",-0.454020687717379,0.83051842769989
"BRD2;MAPK1",-0.505154402689796,0.83051842769989
"BRD2;WEE1",-0.577007201434965,0.83051842769989
"ARID1A;BRD2",-0.475491229648255,0.83051842769989
"BRD2;PRMT1",-1.17705724295029,0.948121837986381
"BRD2;PARP1",-1.07142817563986,0.919859804089257
"BRD2;PORCN",-0.476728920785629,0.83051842769989
"BRD2;MDM2",-0.582323800181075,0.83051842769989
"BRD2;EGFR",-0.465511593197357,0.83051842769989
"BRD2;SMAD4",-0.482332149677526,0.83051842769989
"BRD2;DNMT1",-0.44943396963152,0.83051842769989
"BRD2;RAF1",-0.501904612031365,0.83051842769989
"BRD2;CDK6",-0.709537888969488,0.841953357183135
"ATR;BRD2",-1.11882039508962,0.924916103508183
"BRD2;MCL1",-0.371669611474231,0.83051842769989
"BCL2;BRD2",-0.657492026282701,0.83051842769989
"BRD2;PRMT5",-0.858739508249852,0.86443615298251
"ATM;BRD2",-0.448687878212405,0.83051842769989
"BCL2L1;BRD2",-0.406100565146956,0.83051842769989
"BRD2;KRAS",-0.478563071503375,0.83051842769989
"BRD2;CDK4",-0.494282675259264,0.83051842769989
"BRD2;CTNNB1",-1.01031350534354,0.907078303192916
"BRAF;BRD2",-0.512160520468233,0.83051842769989
"BRD2;MAP2K2",-0.480177712317408,0.83051842769989
"BRD2;PIK3CA",-0.521402113039063,0.83051842769989
"BRD2;IGF1R",-0.465966745133171,0.83051842769989
"BRD2;TAZ",-0.44554144606747,0.83051842769989
"BRD2;WRN",-0.508595872517037,0.83051842769989
"AKT2;BRD2",-0.570639345105025,0.83051842769989
"BRD2;SRC",-0.44551715844896,0.83051842769989
"BRD2;DNMT3B",-0.527919841501449,0.83051842769989
"APC;BRD2",-0.443080836240189,0.83051842769989
"BRD2;ERBB2",-0.479427258231982,0.83051842769989
"BRD2;YAP1",-0.365118068458966,0.83051842769989
"BRD2;PTPN11",-0.469635570559171,0.83051842769989
"BRD2;CHEK1",-1.51447190962595,0.996820526247479
"BRD2;JAK1",-0.581418832743021,0.83051842769989
"AKT1;RIPK3",-0.286834382296556,0.83051842769989
"BRD4;RIPK3",-0.168112665690421,0.83051842769989
"MYC;RIPK3",-1.58690628346625,0.996820526247479
"MAP2K1;RIPK3",-0.0570024710860744,0.83051842769989
"MAPK1;RIPK3",-0.222574275296979,0.83051842769989
"RIPK3;WEE1",-0.777741827728836,0.855392982465961
"ARID1A;RIPK3",-0.441824385240037,0.83051842769989
"PRMT1;RIPK3",-1.3199538297076,0.991026207298137
"PARP1;RIPK3",-1.11231801060701,0.924309844420724
"PORCN;RIPK3",-0.335274280365513,0.83051842769989
"MDM2;RIPK3",-0.554713049893911,0.83051842769989
"EGFR;RIPK3",-0.504557632516815,0.83051842769989
"RIPK3;SMAD4",-0.360501250521851,0.83051842769989
"DNMT1;RIPK3",-0.597339414462928,0.83051842769989
"RAF1;RIPK3",-0.241569137582323,0.83051842769989
"CDK6;RIPK3",-0.754810857928586,0.852146746278185
"ATR;RIPK3",-1.09108109148332,0.922413808186972
"MCL1;RIPK3",-0.088626526315433,0.83051842769989
"BCL2;RIPK3",-0.571416941649013,0.83051842769989
"PRMT5;RIPK3",-0.86347592254477,0.864875045592771
"ATM;RIPK3",-0.293250119987821,0.83051842769989
"BCL2L1;RIPK3",-0.213960642066237,0.83051842769989
"KRAS;RIPK3",-0.339797624077398,0.83051842769989
"CDK4;RIPK3",-0.0815957150589484,0.83051842769989
"CTNNB1;RIPK3",-0.994970649448919,0.903060996412981
"BRAF;RIPK3",-0.0660534692517837,0.83051842769989
"MAP2K2;RIPK3",-0.0959359661114583,0.83051842769989
"PIK3CA;RIPK3",-0.462852487962991,0.83051842769989
"IGF1R;RIPK3",-0.303451576787303,0.83051842769989
"RIPK3;TAZ",-0.190827421188607,0.83051842769989
"RIPK3;WRN",-0.239625149557976,0.83051842769989
"AKT2;RIPK3",-0.503792693713394,0.83051842769989
"RIPK3;SRC",-0.0922271025041111,0.83051842769989
"DNMT3B;RIPK3",-0.545902061680015,0.83051842769989
"APC;RIPK3",-0.245373995692876,0.83051842769989
"ERBB2;RIPK3",-0.0955285424982987,0.83051842769989
"RIPK3;YAP1",-0.166623487895611,0.83051842769989
"PTPN11;RIPK3",-0.158102955091886,0.83051842769989
"CHEK1;RIPK3",-1.78506038980193,0.996820526247479
"JAK1;RIPK3",-0.563168470897856,0.83051842769989
"AKT1;RPS6KB2",-0.252750448963555,0.83051842769989
"BRD4;RPS6KB2",-0.222037325477658,0.83051842769989
"MYC;RPS6KB2",-1.48882303000349,0.996820526247479
"MAP2K1;RPS6KB2",-0.10046319081334,0.83051842769989
"MAPK1;RPS6KB2",-0.238341460073699,0.83051842769989
"RPS6KB2;WEE1",-0.641980198320879,0.83051842769989
"ARID1A;RPS6KB2",-0.440847615484977,0.83051842769989
"PRMT1;RPS6KB2",-1.20817519272884,0.960548308134566
"PARP1;RPS6KB2",-1.04216544059806,0.913419946253691
"PORCN;RPS6KB2",-0.291058039827987,0.83051842769989
"MDM2;RPS6KB2",-0.583454327714726,0.83051842769989
"EGFR;RPS6KB2",-0.512624867587797,0.83051842769989
"RPS6KB2;SMAD4",-0.328072675433154,0.83051842769989
"DNMT1;RPS6KB2",-0.520291603360554,0.83051842769989
"RAF1;RPS6KB2",-0.290856389763797,0.83051842769989
"CDK6;RPS6KB2",-0.81632361429891,0.858150763100959
"ATR;RPS6KB2",-1.01731281428101,0.909038390020362
"MCL1;RPS6KB2",-0.0408179948826558,0.83051842769989
"BCL2;RPS6KB2",-0.666585415598021,0.83051842769989
"PRMT5;RPS6KB2",-0.767012586344462,0.853610623147136
"ATM;RPS6KB2",-0.348034316770263,0.83051842769989
"BCL2L1;RPS6KB2",-0.346903475296998,0.83051842769989
"KRAS;RPS6KB2",-0.422401100583212,0.83051842769989
"CDK4;RPS6KB2",-0.117342151062962,0.83051842769989
"CTNNB1;RPS6KB2",-0.988933401114732,0.901524252272762
"BRAF;RPS6KB2",-0.097674470846399,0.83051842769989
"MAP2K2;RPS6KB2",-0.0982366951193962,0.83051842769989
"PIK3CA;RPS6KB2",-0.556463054146933,0.83051842769989
"IGF1R;RPS6KB2",-0.25427326151243,0.83051842769989
"RPS6KB2;TAZ",-0.146923850786114,0.83051842769989
"RPS6KB2;WRN",-0.343053893072277,0.83051842769989
"AKT2;RPS6KB2",-0.457550242871686,0.83051842769989
"RPS6KB2;SRC",-0.149749188587165,0.83051842769989
"DNMT3B;RPS6KB2",-0.446830045245173,0.83051842769989
"APC;RPS6KB2",-0.212861182124328,0.83051842769989
"ERBB2;RPS6KB2",-0.113315123217719,0.83051842769989
"RPS6KB2;YAP1",-0.300796105400832,0.83051842769989
"PTPN11;RPS6KB2",-0.129739788153628,0.83051842769989
"CHEK1;RPS6KB2",-1.65106271406302,0.996820526247479
"JAK1;RPS6KB2",-0.554750150229251,0.83051842769989
"AKT1;STK3",-0.253647481221571,0.83051842769989
"BRD4;STK3",-0.0835083537321815,0.83051842769989
"MYC;STK3",-1.49164806677798,0.996820526247479
"MAP2K1;STK3",-0.205181715966695,0.83051842769989
"MAPK1;STK3",-0.178881612939375,0.83051842769989
"STK3;WEE1",-0.804672538658745,0.857781436932022
"ARID1A;STK3",-0.453131386170602,0.83051842769989
"PRMT1;STK3",-1.31414659234246,0.990053617901894
"PARP1;STK3",-1.09741738203103,0.92317363085918
"PORCN;STK3",-0.276181301287377,0.83051842769989
"MDM2;STK3",-0.401371235460619,0.83051842769989
"EGFR;STK3",-0.496505068510897,0.83051842769989
"SMAD4;STK3",-0.344830000495359,0.83051842769989
"DNMT1;STK3",-0.567324272582508,0.83051842769989
"RAF1;STK3",-0.300591264709306,0.83051842769989
"CDK6;STK3",-0.69350530848512,0.837546534860229
"ATR;STK3",-1.07636859485005,0.920531185583463
"MCL1;STK3",0.0271143162997802,0.83051842769989
"BCL2;STK3",-0.546116916112606,0.83051842769989
"PRMT5;STK3",-0.819034628622887,0.85826452060764
"ATM;STK3",-0.35591502325216,0.83051842769989
"BCL2L1;STK3",-0.341484261856041,0.83051842769989
"KRAS;STK3",-0.375677255158558,0.83051842769989
"CDK4;STK3",-0.194793154030265,0.83051842769989
"CTNNB1;STK3",-1.0235197723242,0.910032160104333
"BRAF;STK3",-0.199501682853445,0.83051842769989
"MAP2K2;STK3",-0.11342264523655,0.83051842769989
"PIK3CA;STK3",-0.558201142499063,0.83051842769989
"IGF1R;STK3",-0.329007284850947,0.83051842769989
"STK3;TAZ",-0.201728038884068,0.83051842769989
"STK3;WRN",-0.272578038443757,0.83051842769989
"AKT2;STK3",-0.526420790763419,0.83051842769989
"SRC;STK3",-0.212313460455386,0.83051842769989
"DNMT3B;STK3",-0.516126714227562,0.83051842769989
"APC;STK3",-0.173540849419329,0.83051842769989
"ERBB2;STK3",-0.219707186220434,0.83051842769989
"STK3;YAP1",-0.324883788380237,0.83051842769989
"PTPN11;STK3",-0.22608771906001,0.83051842769989
"CHEK1;STK3",-1.65876325876964,0.996820526247479
"JAK1;STK3",-0.511748226655238,0.83051842769989
"AKT1;TPR",-0.391672751311801,0.83051842769989
"BRD4;TPR",-0.410971063220038,0.83051842769989
"MYC;TPR",-1.30058003423491,0.98769055437039
"MAP2K1;TPR",-0.404727792160123,0.83051842769989
"MAPK1;TPR",-0.266429434745305,0.83051842769989
"TPR;WEE1",-0.884084216667862,0.870387220411506
"ARID1A;TPR",-0.405786820890631,0.83051842769989
"PRMT1;TPR",-1.25926773365462,0.976929979767185
"PARP1;TPR",-1.12458272210224,0.924916103508183
"PORCN;TPR",-0.372829895250614,0.83051842769989
"MDM2;TPR",-0.46675849072563,0.83051842769989
"EGFR;TPR",-0.487470877266437,0.83051842769989
"SMAD4;TPR",-0.34896465034687,0.83051842769989
"DNMT1;TPR",-0.623972107907305,0.83051842769989
"RAF1;TPR",-0.338563075819045,0.83051842769989
"CDK6;TPR",-0.831601785987521,0.858667905495995
"ATR;TPR",-1.11420812139252,0.924717238549349
"MCL1;TPR",-0.286391763945568,0.83051842769989
"BCL2;TPR",-0.605096400898754,0.83051842769989
"PRMT5;TPR",-0.807568056613128,0.858087473581107
"ATM;TPR",-0.27329344492323,0.83051842769989
"BCL2L1;TPR",-0.322571987235938,0.83051842769989
"KRAS;TPR",-0.414852323746803,0.83051842769989
"CDK4;TPR",-0.397054595988691,0.83051842769989
"CTNNB1;TPR",-0.951461749629204,0.889734920840219
"BRAF;TPR",-0.405576046168831,0.83051842769989
"MAP2K2;TPR",-0.364990829186845,0.83051842769989
"PIK3CA;TPR",-0.408831186641687,0.83051842769989
"IGF1R;TPR",-0.414689394195354,0.83051842769989
"TAZ;TPR",-0.409578656746272,0.83051842769989
"TPR;WRN",-0.393167376334095,0.83051842769989
"AKT2;TPR",-0.450709390850723,0.83051842769989
"SRC;TPR",-0.350907813162909,0.83051842769989
"DNMT3B;TPR",-0.275787759463162,0.83051842769989
"APC;TPR",-0.340406129855551,0.83051842769989
"ERBB2;TPR",-0.392197632142467,0.83051842769989
"TPR;YAP1",-0.303372609758892,0.83051842769989
"PTPN11;TPR",-0.260610220054746,0.83051842769989
"CHEK1;TPR",-1.15480884536826,0.938292611268784
"JAK1;TPR",-0.537273224976743,0.83051842769989
"AKT1;CD44",-0.353434543908523,0.83051842769989
"BRD4;CD44",-0.202637913580894,0.83051842769989
"CD44;MYC",-1.49321601761309,0.996820526247479
"CD44;MAP2K1",-0.133738945592599,0.83051842769989
"CD44;MAPK1",-0.161910195784133,0.83051842769989
"CD44;WEE1",-0.950773455288705,0.889594899167677
"ARID1A;CD44",-0.4162025617038,0.83051842769989
"CD44;PRMT1",-1.37856220879207,0.996820526247479
"CD44;PARP1",-1.06570615991456,0.918435266890492
"CD44;PORCN",-0.245024919845425,0.83051842769989
"CD44;MDM2",-0.572179916331398,0.83051842769989
"CD44;EGFR",-0.516140548109119,0.83051842769989
"CD44;SMAD4",-0.356477737120683,0.83051842769989
"CD44;DNMT1",-0.562609294125417,0.83051842769989
"CD44;RAF1",-0.225523456527787,0.83051842769989
"CD44;CDK6",-0.77769231427496,0.855392982465961
"ATR;CD44",-1.0771572867536,0.920913641840342
"CD44;MCL1",-0.0874153361233968,0.83051842769989
"BCL2;CD44",-0.622969742995312,0.83051842769989
"CD44;PRMT5",-0.858176341138718,0.864190203056916
"ATM;CD44",-0.384180831777921,0.83051842769989
"BCL2L1;CD44",-0.309582543917627,0.83051842769989
"CD44;KRAS",-0.435041043125931,0.83051842769989
"CD44;CDK4",-0.179854282428175,0.83051842769989
"CD44;CTNNB1",-0.949675572352901,0.889210782708027
"BRAF;CD44",-0.141933864373186,0.83051842769989
"CD44;MAP2K2",-0.11521611071159,0.83051842769989
"CD44;PIK3CA",-0.488162526103203,0.83051842769989
"CD44;IGF1R",-0.340262030122017,0.83051842769989
"CD44;TAZ",-0.199936962934997,0.83051842769989
"CD44;WRN",-0.273343696046494,0.83051842769989
"AKT2;CD44",-0.553556928237907,0.83051842769989
"CD44;SRC",-0.136336709865777,0.83051842769989
"CD44;DNMT3B",-0.483651317601075,0.83051842769989
"APC;CD44",-0.254179515901248,0.83051842769989
"CD44;ERBB2",-0.21306406962177,0.83051842769989
"CD44;YAP1",-0.317161371638496,0.83051842769989
"CD44;PTPN11",-0.198615382489829,0.83051842769989
"CD44;CHEK1",-1.75364076351246,0.996820526247479
"CD44;JAK1",-0.53895936049025,0.83051842769989
"AKT1;PDS5B",-0.3662772835951,0.83051842769989
"BRD4;PDS5B",-0.23205365483971,0.83051842769989
"MYC;PDS5B",-1.50208351272424,0.996820526247479
"MAP2K1;PDS5B",-0.347068397979747,0.83051842769989
"MAPK1;PDS5B",-0.335856607736083,0.83051842769989
"PDS5B;WEE1",-0.755535105521637,0.852317934867646
"ARID1A;PDS5B",-0.425637163217798,0.83051842769989
"PDS5B;PRMT1",-1.14549563883305,0.934120909728029
"PARP1;PDS5B",-1.04956192844146,0.914405966759037
"PDS5B;PORCN",-0.35348261433747,0.83051842769989
"MDM2;PDS5B",-0.577677061074758,0.83051842769989
"EGFR;PDS5B",-0.508410263145693,0.83051842769989
"PDS5B;SMAD4",-0.372543196747947,0.83051842769989
"DNMT1;PDS5B",-0.488189777155653,0.83051842769989
"PDS5B;RAF1",-0.31314450674223,0.83051842769989
"CDK6;PDS5B",-0.809675655796935,0.858150763100959
"ATR;PDS5B",-1.0877743109182,0.922001026393481
"MCL1;PDS5B",-0.278915824310634,0.83051842769989
"BCL2;PDS5B",-0.647488590062135,0.83051842769989
"PDS5B;PRMT5",-0.793700939072471,0.856933965766506
"ATM;PDS5B",-0.395813424726558,0.83051842769989
"BCL2L1;PDS5B",-0.341972141714644,0.83051842769989
"KRAS;PDS5B",-0.410694900948305,0.83051842769989
"CDK4;PDS5B",-0.322405657415449,0.83051842769989
"CTNNB1;PDS5B",-1.03899667052725,0.913419946253691
"BRAF;PDS5B",-0.339555330157137,0.83051842769989
"MAP2K2;PDS5B",-0.338267145555467,0.83051842769989
"PDS5B;PIK3CA",-0.553028324310142,0.83051842769989
"IGF1R;PDS5B",-0.335123170231316,0.83051842769989
"PDS5B;TAZ",-0.166028356773743,0.83051842769989
"PDS5B;WRN",-0.29709144779319,0.83051842769989
"AKT2;PDS5B",-0.459671084036414,0.83051842769989
"PDS5B;SRC",-0.244134351012783,0.83051842769989
"DNMT3B;PDS5B",-0.477265001412963,0.83051842769989
"APC;PDS5B",-0.294475195327868,0.83051842769989
"ERBB2;PDS5B",-0.3302071694344,0.83051842769989
"PDS5B;YAP1",-0.320073228326798,0.83051842769989
"PDS5B;PTPN11",-0.253423817173689,0.83051842769989
"CHEK1;PDS5B",-1.43254393350089,0.996820526247479
"JAK1;PDS5B",-0.596458373215572,0.83051842769989
"AKT1;PCNT",-0.294243201415581,0.83051842769989
"BRD4;PCNT",-0.241795843990155,0.83051842769989
"MYC;PCNT",-1.5253688050484,0.996820526247479
"MAP2K1;PCNT",-0.299586244803566,0.83051842769989
"MAPK1;PCNT",-0.22515218555404,0.83051842769989
"PCNT;WEE1",-0.862167562675963,0.864680931476723
"ARID1A;PCNT",-0.418218661718459,0.83051842769989
"PCNT;PRMT1",-1.38330485234229,0.996820526247479
"PARP1;PCNT",-1.11059009782398,0.924121252169155
"PCNT;PORCN",-0.328924337688993,0.83051842769989
"MDM2;PCNT",-0.572450881014554,0.83051842769989
"EGFR;PCNT",-0.494495280383525,0.83051842769989
"PCNT;SMAD4",-0.346753383061322,0.83051842769989
"DNMT1;PCNT",-0.500651061715777,0.83051842769989
"PCNT;RAF1",-0.310643522888911,0.83051842769989
"CDK6;PCNT",-0.608745431581795,0.83051842769989
"ATR;PCNT",-1.1065923582633,0.923850009252945
"MCL1;PCNT",-0.187677392643654,0.83051842769989
"BCL2;PCNT",-0.632320391803095,0.83051842769989
"PCNT;PRMT5",-0.867296174066394,0.865377915425553
"ATM;PCNT",-0.377976823034182,0.83051842769989
"BCL2L1;PCNT",-0.0939946311049529,0.83051842769989
"KRAS;PCNT",-0.383117986176748,0.83051842769989
"CDK4;PCNT",-0.258918821778953,0.83051842769989
"CTNNB1;PCNT",-1.03110152124441,0.911916821148243
"BRAF;PCNT",-0.261476036506614,0.83051842769989
"MAP2K2;PCNT",-0.28881526790737,0.83051842769989
"PCNT;PIK3CA",-0.431718427761502,0.83051842769989
"IGF1R;PCNT",-0.261667104863262,0.83051842769989
"PCNT;TAZ",-0.251084394301194,0.83051842769989
"PCNT;WRN",-0.263361259667177,0.83051842769989
"AKT2;PCNT",-0.551170205363111,0.83051842769989
"PCNT;SRC",-0.238658057299157,0.83051842769989
"DNMT3B;PCNT",-0.515369854021318,0.83051842769989
"APC;PCNT",-0.22220321156909,0.83051842769989
"ERBB2;PCNT",-0.297644561820578,0.83051842769989
"PCNT;YAP1",-0.281203071501676,0.83051842769989
"PCNT;PTPN11",-0.280325189866421,0.83051842769989
"CHEK1;PCNT",-1.65847048946321,0.996820526247479
"JAK1;PCNT",-0.541516023385307,0.83051842769989
"AKT1;ROCK1",-0.353605838931315,0.83051842769989
"BRD4;ROCK1",-0.151460472258159,0.83051842769989
"MYC;ROCK1",-1.44988400882201,0.996820526247479
"MAP2K1;ROCK1",-0.262570031989997,0.83051842769989
"MAPK1;ROCK1",-0.198950536734799,0.83051842769989
"ROCK1;WEE1",-0.951727307031622,0.889770464871048
"ARID1A;ROCK1",-0.444136304540982,0.83051842769989
"PRMT1;ROCK1",-1.28065546602808,0.983068544837488
"PARP1;ROCK1",-1.07062542108635,0.9197710821512
"PORCN;ROCK1",-0.322537070823422,0.83051842769989
"MDM2;ROCK1",-0.568687183163728,0.83051842769989
"EGFR;ROCK1",-0.47414537768918,0.83051842769989
"ROCK1;SMAD4",-0.348045207785448,0.83051842769989
"DNMT1;ROCK1",-0.607227832422884,0.83051842769989
"RAF1;ROCK1",-0.266711690966236,0.83051842769989
"CDK6;ROCK1",-0.770476236878913,0.854290408947958
"ATR;ROCK1",-1.08472896774817,0.922001026393481
"MCL1;ROCK1",-0.231088801162435,0.83051842769989
"BCL2;ROCK1",-0.624736731212154,0.83051842769989
"PRMT5;ROCK1",-0.86530965862891,0.865027463644771
"ATM;ROCK1",-0.321091584759834,0.83051842769989
"BCL2L1;ROCK1",-0.262268166853387,0.83051842769989
"KRAS;ROCK1",-0.44377250614166,0.83051842769989
"CDK4;ROCK1",-0.216920515607398,0.83051842769989
"CTNNB1;ROCK1",-1.02958040799148,0.911478157022219
"BRAF;ROCK1",-0.179446380161072,0.83051842769989
"MAP2K2;ROCK1",-0.219853731792852,0.83051842769989
"PIK3CA;ROCK1",-0.530897292124001,0.83051842769989
"IGF1R;ROCK1",-0.26105824637394,0.83051842769989
"ROCK1;TAZ",-0.24340472380511,0.83051842769989
"ROCK1;WRN",-0.309886532605265,0.83051842769989
"AKT2;ROCK1",-0.499474502272032,0.83051842769989
"ROCK1;SRC",-0.212545494764339,0.83051842769989
"DNMT3B;ROCK1",-0.529536740686716,0.83051842769989
"APC;ROCK1",-0.255848581608125,0.83051842769989
"ERBB2;ROCK1",-0.260725947389978,0.83051842769989
"ROCK1;YAP1",-0.238490310270404,0.83051842769989
"PTPN11;ROCK1",-0.245499932578775,0.83051842769989
"CHEK1;ROCK1",-1.70941856325419,0.996820526247479
"JAK1;ROCK1",-0.510194587054543,0.83051842769989
"AKT1;STYK1",-0.276613645594698,0.83051842769989
"BRD4;STYK1",-0.186384515167432,0.83051842769989
"MYC;STYK1",-1.58291515066668,0.996820526247479
"MAP2K1;STYK1",-0.277126218112424,0.83051842769989
"MAPK1;STYK1",-0.296107480640956,0.83051842769989
"STYK1;WEE1",-0.727374824985173,0.845738990547818
"ARID1A;STYK1",-0.465526948021212,0.83051842769989
"PRMT1;STYK1",-1.37168036042623,0.996820526247479
"PARP1;STYK1",-1.09676674915489,0.92317363085918
"PORCN;STYK1",-0.327733924715872,0.83051842769989
"MDM2;STYK1",-0.561995983881358,0.83051842769989
"EGFR;STYK1",-0.512446893074502,0.83051842769989
"SMAD4;STYK1",-0.306185394675526,0.83051842769989
"DNMT1;STYK1",-0.552474187091011,0.83051842769989
"RAF1;STYK1",-0.183630317093225,0.83051842769989
"CDK6;STYK1",-0.808056546443648,0.858126395032604
"ATR;STYK1",-1.07232504017655,0.919960884431956
"MCL1;STYK1",-0.278376489965737,0.83051842769989
"BCL2;STYK1",-0.541796402805615,0.83051842769989
"PRMT5;STYK1",-0.729051469077287,0.845959364164109
"ATM;STYK1",-0.38336396457192,0.83051842769989
"BCL2L1;STYK1",-0.329649424637467,0.83051842769989
"KRAS;STYK1",-0.417876817390621,0.83051842769989
"CDK4;STYK1",-0.285036223279566,0.83051842769989
"CTNNB1;STYK1",-1.02731627565653,0.911081572852605
"BRAF;STYK1",-0.262602372674858,0.83051842769989
"MAP2K2;STYK1",-0.24498677341204,0.83051842769989
"PIK3CA;STYK1",-0.501366439364371,0.83051842769989
"IGF1R;STYK1",-0.323022425349144,0.83051842769989
"STYK1;TAZ",-0.238493403575847,0.83051842769989
"STYK1;WRN",-0.184913815875912,0.83051842769989
"AKT2;STYK1",-0.507562838347049,0.83051842769989
"SRC;STYK1",-0.281509422814375,0.83051842769989
"DNMT3B;STYK1",-0.486847794230861,0.83051842769989
"APC;STYK1",-0.309160194189373,0.83051842769989
"ERBB2;STYK1",-0.294811244133325,0.83051842769989
"STYK1;YAP1",-0.257574177839032,0.83051842769989
"PTPN11;STYK1",-0.13025599807698,0.83051842769989
"CHEK1;STYK1",-1.75352702215016,0.996820526247479
"JAK1;STYK1",-0.612466358942818,0.83051842769989
"AKT1;CHEK2",-0.347658571217259,0.83051842769989
"BRD4;CHEK2",-0.20602709827107,0.83051842769989
"CHEK2;MYC",-1.60362280734349,0.996820526247479
"CHEK2;MAP2K1",-0.100473608105604,0.83051842769989
"CHEK2;MAPK1",-0.20578431294112,0.83051842769989
"CHEK2;WEE1",-0.829299808334156,0.858667905495995
"ARID1A;CHEK2",-0.421196445521647,0.83051842769989
"CHEK2;PRMT1",-1.32279742805459,0.991679678782749
"CHEK2;PARP1",-1.10186049139079,0.923452397685076
"CHEK2;PORCN",-0.340518255272943,0.83051842769989
"CHEK2;MDM2",-0.424535965180827,0.83051842769989
"CHEK2;EGFR",-0.47807516442881,0.83051842769989
"CHEK2;SMAD4",-0.315328665698619,0.83051842769989
"CHEK2;DNMT1",-0.590502844664565,0.83051842769989
"CHEK2;RAF1",-0.276467591765916,0.83051842769989
"CDK6;CHEK2",-0.740314151765352,0.848766792027181
"ATR;CHEK2",-0.819884726551185,0.85826452060764
"CHEK2;MCL1",-0.108122740785863,0.83051842769989
"BCL2;CHEK2",-0.636617481291504,0.83051842769989
"CHEK2;PRMT5",-0.814820756856151,0.858150763100959
"ATM;CHEK2",-0.319059139648912,0.83051842769989
"BCL2L1;CHEK2",-0.25962470726426,0.83051842769989
"CHEK2;KRAS",-0.436460082987317,0.83051842769989
"CDK4;CHEK2",-0.154359750227818,0.83051842769989
"CHEK2;CTNNB1",-0.965640476345112,0.894036854199057
"BRAF;CHEK2",-0.143081303159035,0.83051842769989
"CHEK2;MAP2K2",-0.15106544084725,0.83051842769989
"CHEK2;PIK3CA",-0.553880485721587,0.83051842769989
"CHEK2;IGF1R",-0.323992628848704,0.83051842769989
"CHEK2;TAZ",-0.195912382814076,0.83051842769989
"CHEK2;WRN",-0.237208428647977,0.83051842769989
"AKT2;CHEK2",-0.546302549250744,0.83051842769989
"CHEK2;SRC",-0.108265298657308,0.83051842769989
"CHEK2;DNMT3B",-0.526618189595001,0.83051842769989
"APC;CHEK2",-0.207279947100886,0.83051842769989
"CHEK2;ERBB2",-0.124870714978397,0.83051842769989
"CHEK2;YAP1",-0.315517927298721,0.83051842769989
"CHEK2;PTPN11",-0.135837483999067,0.83051842769989
"CHEK1;CHEK2",-1.73395474632502,0.996820526247479
"CHEK2;JAK1",-0.599806211614066,0.83051842769989
"AKT1;ARID3C",-0.372348023854112,0.83051842769989
"ARID3C;BRD4",-0.318938932468217,0.83051842769989
"ARID3C;MYC",-1.52801724287865,0.996820526247479
"ARID3C;MAP2K1",-0.338204086065269,0.83051842769989
"ARID3C;MAPK1",-0.398317676034622,0.83051842769989
"ARID3C;WEE1",-0.855670506144278,0.863868029229131
"ARID1A;ARID3C",-0.457795930266273,0.83051842769989
"ARID3C;PRMT1",-1.16003118456346,0.940659470395714
"ARID3C;PARP1",-1.0285375952048,0.911251543949215
"ARID3C;PORCN",-0.362154023989107,0.83051842769989
"ARID3C;MDM2",-0.515369423411842,0.83051842769989
"ARID3C;EGFR",-0.437983527462916,0.83051842769989
"ARID3C;SMAD4",-0.381545750364782,0.83051842769989
"ARID3C;DNMT1",-0.389807563044737,0.83051842769989
"ARID3C;RAF1",-0.351011883207355,0.83051842769989
"ARID3C;CDK6",-0.662142789523864,0.83051842769989
"ARID3C;ATR",-1.03305038751329,0.912514193673065
"ARID3C;MCL1",-0.385180986926985,0.83051842769989
"ARID3C;BCL2",-0.642502831378687,0.83051842769989
"ARID3C;PRMT5",-0.750064333023459,0.850980657958716
"ARID3C;ATM",-0.390896771016341,0.83051842769989
"ARID3C;BCL2L1",-0.392234320408403,0.83051842769989
"ARID3C;KRAS",-0.39135992469284,0.83051842769989
"ARID3C;CDK4",-0.39560028244203,0.83051842769989
"ARID3C;CTNNB1",-1.00795386960983,0.906242433943767
"ARID3C;BRAF",-0.352793753117669,0.83051842769989
"ARID3C;MAP2K2",-0.365246695058556,0.83051842769989
"ARID3C;PIK3CA",-0.399770845122557,0.83051842769989
"ARID3C;IGF1R",-0.391521458427957,0.83051842769989
"ARID3C;TAZ",-0.383518226185531,0.83051842769989
"ARID3C;WRN",-0.34173234805603,0.83051842769989
"AKT2;ARID3C",-0.512030706906933,0.83051842769989
"ARID3C;SRC",-0.380059551953675,0.83051842769989
"ARID3C;DNMT3B",-0.519629875915096,0.83051842769989
"APC;ARID3C",-0.304422966459442,0.83051842769989
"ARID3C;ERBB2",-0.340675618759529,0.83051842769989
"ARID3C;YAP1",-0.374298824815449,0.83051842769989
"ARID3C;PTPN11",-0.368784373865117,0.83051842769989
"ARID3C;CHEK1",-1.76191767234409,0.996820526247479
"ARID3C;JAK1",-0.558569483971222,0.83051842769989
"AKT1;NLK",-0.382037847364997,0.83051842769989
"BRD4;NLK",-0.12331466262395,0.83051842769989
"MYC;NLK",-1.59775472193084,0.996820526247479
"MAP2K1;NLK",-0.148866736320364,0.83051842769989
"MAPK1;NLK",-0.117767594509892,0.83051842769989
"NLK;WEE1",-0.943649229323186,0.887782901395961
"ARID1A;NLK",-0.422869878092536,0.83051842769989
"NLK;PRMT1",-1.28944408800974,0.98520926133711
"NLK;PARP1",-1.10016961774538,0.923452397685076
"NLK;PORCN",-0.261726760062511,0.83051842769989
"MDM2;NLK",-0.559276053546452,0.83051842769989
"EGFR;NLK",-0.508956404707674,0.83051842769989
"NLK;SMAD4",-0.326085982443565,0.83051842769989
"DNMT1;NLK",-0.580866400622068,0.83051842769989
"NLK;RAF1",-0.268171990543589,0.83051842769989
"CDK6;NLK",-0.829355525150722,0.858667905495995
"ATR;NLK",-1.08540214202327,0.922001026393481
"MCL1;NLK",-0.109292114045995,0.83051842769989
"BCL2;NLK",-0.61790744201597,0.83051842769989
"NLK;PRMT5",-0.764288398082141,0.853329897622711
"ATM;NLK",-0.368808195282865,0.83051842769989
"BCL2L1;NLK",-0.262545885872312,0.83051842769989
"KRAS;NLK",-0.427095561986149,0.83051842769989
"CDK4;NLK",-0.141948957445691,0.83051842769989
"CTNNB1;NLK",-1.01479627844716,0.908210554192108
"BRAF;NLK",-0.111953584574906,0.83051842769989
"MAP2K2;NLK",0.0261282984000566,0.83051842769989
"NLK;PIK3CA",-0.495754496582717,0.83051842769989
"IGF1R;NLK",-0.25697480542786,0.83051842769989
"NLK;TAZ",-0.0989650467231604,0.83051842769989
"NLK;WRN",-0.15650302153577,0.83051842769989
"AKT2;NLK",-0.547907166032166,0.83051842769989
"NLK;SRC",-0.168110680442637,0.83051842769989
"DNMT3B;NLK",-0.530669900512912,0.83051842769989
"APC;NLK",-0.198719948337368,0.83051842769989
"ERBB2;NLK",-0.159282402164588,0.83051842769989
"NLK;YAP1",-0.321129557957278,0.83051842769989
"NLK;PTPN11",-0.184367180662262,0.83051842769989
"CHEK1;NLK",-1.71944147874704,0.996820526247479
"JAK1;NLK",-0.525316037856759,0.83051842769989
"AK6;AKT1",-0.350587191062964,0.83051842769989
"AK6;BRD4",-0.163521099104436,0.83051842769989
"AK6;MYC",-1.56964275170296,0.996820526247479
"AK6;MAP2K1",-0.0687521437563907,0.83051842769989
"AK6;MAPK1",-0.236996401277622,0.83051842769989
"AK6;WEE1",-0.884365466826272,0.870387220411506
"AK6;ARID1A",-0.427774429892943,0.83051842769989
"AK6;PRMT1",-1.28835449642771,0.985051469083052
"AK6;PARP1",-1.05501283680101,0.916031691593794
"AK6;PORCN",-0.330215692837434,0.83051842769989
"AK6;MDM2",-0.513095395029927,0.83051842769989
"AK6;EGFR",-0.454283607241917,0.83051842769989
"AK6;SMAD4",-0.356683806689708,0.83051842769989
"AK6;DNMT1",-0.608707338857153,0.83051842769989
"AK6;RAF1",-0.181007305823053,0.83051842769989
"AK6;CDK6",-0.763666869660583,0.853329897622711
"AK6;ATR",-1.03820898363757,0.913419946253691
"AK6;MCL1",-0.0481367032364349,0.83051842769989
"AK6;BCL2",-0.646185846405721,0.83051842769989
"AK6;PRMT5",-0.782578611021236,0.855443174457673
"AK6;ATM",-0.309904609216067,0.83051842769989
"AK6;BCL2L1",-0.343064813109563,0.83051842769989
"AK6;KRAS",-0.451984936711297,0.83051842769989
"AK6;CDK4",-0.0400073694849264,0.83051842769989
"AK6;CTNNB1",-0.970836017942483,0.895719317246834
"AK6;BRAF",0.0174407018711895,0.83051842769989
"AK6;MAP2K2",-0.14564044994321,0.83051842769989
"AK6;PIK3CA",-0.556260844806844,0.83051842769989
"AK6;IGF1R",-0.356178976651077,0.83051842769989
"AK6;TAZ",-0.154649344812898,0.83051842769989
"AK6;WRN",-0.265466010077393,0.83051842769989
"AK6;AKT2",-0.563107358430627,0.83051842769989
"AK6;SRC",-0.154038986826913,0.83051842769989
"AK6;DNMT3B",-0.400436236618684,0.83051842769989
"AK6;APC",-0.181769846704644,0.83051842769989
"AK6;ERBB2",-0.0190241172086025,0.83051842769989
"AK6;YAP1",-0.312866816311881,0.83051842769989
"AK6;PTPN11",-0.154962595676625,0.83051842769989
"AK6;CHEK1",-1.58240380525918,0.996820526247479
"AK6;JAK1",-0.485368131020867,0.83051842769989
"AKT1;SUMO1",-0.373960986872104,0.83051842769989
"BRD4;SUMO1",-0.31573790188334,0.83051842769989
"MYC;SUMO1",-1.54127013240019,0.996820526247479
"MAP2K1;SUMO1",-0.31833459842975,0.83051842769989
"MAPK1;SUMO1",-0.294395445005393,0.83051842769989
"SUMO1;WEE1",-0.679592355342185,0.83421543739534
"ARID1A;SUMO1",-0.451587449582238,0.83051842769989
"PRMT1;SUMO1",-1.26743951878238,0.979516113985509
"PARP1;SUMO1",-1.11799591237348,0.924916103508183
"PORCN;SUMO1",-0.352931367746074,0.83051842769989
"MDM2;SUMO1",-0.52724696747942,0.83051842769989
"EGFR;SUMO1",-0.467882648200306,0.83051842769989
"SMAD4;SUMO1",-0.299312240939936,0.83051842769989
"DNMT1;SUMO1",-0.584880058501847,0.83051842769989
"RAF1;SUMO1",-0.296952863379743,0.83051842769989
"CDK6;SUMO1",-0.702006437583416,0.840111409048772
"ATR;SUMO1",-0.998987622411517,0.904002906210257
"MCL1;SUMO1",-0.32897537819176,0.83051842769989
"BCL2;SUMO1",-0.667116725514261,0.83051842769989
"PRMT5;SUMO1",-0.865468452169342,0.865027463644771
"ATM;SUMO1",-0.353576402810568,0.83051842769989
"BCL2L1;SUMO1",-0.303682629453207,0.83051842769989
"KRAS;SUMO1",-0.398442300285217,0.83051842769989
"CDK4;SUMO1",-0.333197950711873,0.83051842769989
"CTNNB1;SUMO1",-0.927471826007295,0.883356706990543
"BRAF;SUMO1",-0.294951251658677,0.83051842769989
"MAP2K2;SUMO1",-0.266302428802207,0.83051842769989
"PIK3CA;SUMO1",-0.467333412454575,0.83051842769989
"IGF1R;SUMO1",-0.295411901634227,0.83051842769989
"SUMO1;TAZ",-0.332488335248657,0.83051842769989
"SUMO1;WRN",-0.290030923769983,0.83051842769989
"AKT2;SUMO1",-0.52391975412361,0.83051842769989
"SRC;SUMO1",-0.332870705630837,0.83051842769989
"DNMT3B;SUMO1",-0.535134670365262,0.83051842769989
"APC;SUMO1",-0.250226819371597,0.83051842769989
"ERBB2;SUMO1",-0.302706787267181,0.83051842769989
"SUMO1;YAP1",-0.308593931512265,0.83051842769989
"PTPN11;SUMO1",-0.317273141677603,0.83051842769989
"CHEK1;SUMO1",-1.38439098203274,0.996820526247479
"JAK1;SUMO1",-0.62380380843804,0.83051842769989
"AKT1;HDAC3",-0.190542214076979,0.83051842769989
"BRD4;HDAC3",-0.287737988991611,0.83051842769989
"HDAC3;MYC",-1.28165437822968,0.983391441629754
"HDAC3;MAP2K1",-0.227795618810025,0.83051842769989
"HDAC3;MAPK1",-0.279676149443017,0.83051842769989
"HDAC3;WEE1",-0.910941894361638,0.878439804587477
"ARID1A;HDAC3",-0.176683456010461,0.83051842769989
"HDAC3;PRMT1",-1.25717586923622,0.97631107580946
"HDAC3;PARP1",-1.06435408250741,0.9182116807466
"HDAC3;PORCN",-0.214956301688185,0.83051842769989
"HDAC3;MDM2",-0.531028772257292,0.83051842769989
"EGFR;HDAC3",-0.463849588802496,0.83051842769989
"HDAC3;SMAD4",-0.349111427031857,0.83051842769989
"DNMT1;HDAC3",-0.593352048313313,0.83051842769989
"HDAC3;RAF1",-0.324844817382186,0.83051842769989
"CDK6;HDAC3",-0.702844346345318,0.84034005870728
"ATR;HDAC3",-0.940100027251359,0.886766730546354
"HDAC3;MCL1",-0.193156509220813,0.83051842769989
"BCL2;HDAC3",-0.650338230529637,0.83051842769989
"HDAC3;PRMT5",-0.856158456059448,0.863920036674972
"ATM;HDAC3",-0.366793538323787,0.83051842769989
"BCL2L1;HDAC3",-0.276067788254856,0.83051842769989
"HDAC3;KRAS",-0.461960556530659,0.83051842769989
"CDK4;HDAC3",-0.301633638047765,0.83051842769989
"CTNNB1;HDAC3",-0.953789060643212,0.88992719643538
"BRAF;HDAC3",-0.297479545873073,0.83051842769989
"HDAC3;MAP2K2",-0.209943893961487,0.83051842769989
"HDAC3;PIK3CA",-0.532304228782703,0.83051842769989
"HDAC3;IGF1R",-0.314322501803651,0.83051842769989
"HDAC3;TAZ",-0.298155657047019,0.83051842769989
"HDAC3;WRN",-0.265709721950897,0.83051842769989
"AKT2;HDAC3",-0.572447452465911,0.83051842769989
"HDAC3;SRC",-0.318498199666975,0.83051842769989
"DNMT3B;HDAC3",-0.342402620113006,0.83051842769989
"APC;HDAC3",-0.302068367456836,0.83051842769989
"ERBB2;HDAC3",-0.280848475633596,0.83051842769989
"HDAC3;YAP1",-0.201584525776399,0.83051842769989
"HDAC3;PTPN11",-0.316384251936187,0.83051842769989
"CHEK1;HDAC3",-1.71259821987264,0.996820526247479
"HDAC3;JAK1",-0.574592476156279,0.83051842769989
"AKT1;SIK2",-0.332758443279993,0.83051842769989
"BRD4;SIK2",-0.102774691166221,0.83051842769989
"MYC;SIK2",-1.41630643763345,0.996820526247479
"MAP2K1;SIK2",-0.0732533628450552,0.83051842769989
"MAPK1;SIK2",-0.227527499853214,0.83051842769989
"SIK2;WEE1",-0.953827517724447,0.88992719643538
"ARID1A;SIK2",-0.426829894232226,0.83051842769989
"PRMT1;SIK2",-1.29613695367891,0.986590128176695
"PARP1;SIK2",-1.07514301222092,0.920438060131278
"PORCN;SIK2",-0.332167772781978,0.83051842769989
"MDM2;SIK2",-0.589270793161179,0.83051842769989
"EGFR;SIK2",-0.506324831116225,0.83051842769989
"SIK2;SMAD4",-0.279818144573491,0.83051842769989
"DNMT1;SIK2",-0.527164685383557,0.83051842769989
"RAF1;SIK2",-0.269066032625126,0.83051842769989
"CDK6;SIK2",-0.780363283555391,0.855392982465961
"ATR;SIK2",-1.09624917712411,0.92317363085918
"MCL1;SIK2",-0.0138116846215512,0.83051842769989
"BCL2;SIK2",-0.562209314025107,0.83051842769989
"PRMT5;SIK2",-0.79282602721059,0.856844608927936
"ATM;SIK2",-0.286098399326175,0.83051842769989
"BCL2L1;SIK2",-0.271589186304978,0.83051842769989
"KRAS;SIK2",-0.414765359077042,0.83051842769989
"CDK4;SIK2",-0.107266750952787,0.83051842769989
"CTNNB1;SIK2",-0.853068821848715,0.863220419071441
"BRAF;SIK2",0.0241471479609068,0.83051842769989
"MAP2K2;SIK2",-0.0704267124553736,0.83051842769989
"PIK3CA;SIK2",-0.476987688438116,0.83051842769989
"IGF1R;SIK2",-0.336961241817862,0.83051842769989
"SIK2;TAZ",-0.19799985937277,0.83051842769989
"SIK2;WRN",-0.223148750335357,0.83051842769989
"AKT2;SIK2",-0.568377965607736,0.83051842769989
"SIK2;SRC",-0.114515658696493,0.83051842769989
"DNMT3B;SIK2",-0.509137712997424,0.83051842769989
"APC;SIK2",-0.16379665691769,0.83051842769989
"ERBB2;SIK2",-0.11804703363644,0.83051842769989
"SIK2;YAP1",-0.2523611700222,0.83051842769989
"PTPN11;SIK2",-0.105473768836137,0.83051842769989
"CHEK1;SIK2",-1.75349688219708,0.996820526247479
"JAK1;SIK2",-0.489029844186721,0.83051842769989
"AKT1;MTOR",-0.179844881379525,0.83051842769989
"BRD4;MTOR",-0.259664179024367,0.83051842769989
"MTOR;MYC",-1.56509778715802,0.996820526247479
"MAP2K1;MTOR",-0.0691908431187726,0.83051842769989
"MAPK1;MTOR",-0.243681902252108,0.83051842769989
"MTOR;WEE1",-0.706753524217173,0.841392258468424
"ARID1A;MTOR",-0.447190891792628,0.83051842769989
"MTOR;PRMT1",-1.2583678663101,0.97668110899212
"MTOR;PARP1",-1.08911737191976,0.922096957257802
"MTOR;PORCN",-0.337517373254602,0.83051842769989
"MDM2;MTOR",-0.589358448182561,0.83051842769989
"EGFR;MTOR",-0.516696219337979,0.83051842769989
"MTOR;SMAD4",-0.326930672587051,0.83051842769989
"DNMT1;MTOR",-0.59508997244236,0.83051842769989
"MTOR;RAF1",-0.210459973720984,0.83051842769989
"CDK6;MTOR",-0.628377058870041,0.83051842769989
"ATR;MTOR",-0.843940805143426,0.861322483276977
"MCL1;MTOR",-0.100267756575607,0.83051842769989
"BCL2;MTOR",-0.648755344641819,0.83051842769989
"MTOR;PRMT5",-0.726591547534341,0.845635518319952
"ATM;MTOR",-0.318908570399294,0.83051842769989
"BCL2L1;MTOR",-0.32215541588114,0.83051842769989
"KRAS;MTOR",-0.425536897691485,0.83051842769989
"CDK4;MTOR",-0.124012727212129,0.83051842769989
"CTNNB1;MTOR",-1.00344643438185,0.905120565897727
"BRAF;MTOR",-0.0734947458524016,0.83051842769989
"MAP2K2;MTOR",-0.00275023554099549,0.83051842769989
"MTOR;PIK3CA",-0.417404888940441,0.83051842769989
"IGF1R;MTOR",-0.28052484004927,0.83051842769989
"MTOR;TAZ",-0.187533436005389,0.83051842769989
"MTOR;WRN",-0.271212852278439,0.83051842769989
"AKT2;MTOR",-0.527530092550079,0.83051842769989
"MTOR;SRC",-0.0305265013453217,0.83051842769989
"DNMT3B;MTOR",-0.535532066761953,0.83051842769989
"APC;MTOR",-0.127524036314483,0.83051842769989
"ERBB2;MTOR",-0.0856631960409682,0.83051842769989
"MTOR;YAP1",-0.311636051018942,0.83051842769989
"MTOR;PTPN11",-0.0310767419765047,0.83051842769989
"CHEK1;MTOR",-1.71226777511258,0.996820526247479
"JAK1;MTOR",-0.612748225337799,0.83051842769989
"AKT1;TYMS",-0.406407611744045,0.83051842769989
"BRD4;TYMS",-0.387731416340979,0.83051842769989
"MYC;TYMS",-1.65064104633016,0.996820526247479
"MAP2K1;TYMS",-0.32384184649564,0.83051842769989
"MAPK1;TYMS",-0.401417301941523,0.83051842769989
"TYMS;WEE1",-0.94654784486896,0.888231399331582
"ARID1A;TYMS",-0.450096206185223,0.83051842769989
"PRMT1;TYMS",-1.34400504556103,0.995027332831424
"PARP1;TYMS",-1.01411141873174,0.908052525585309
"PORCN;TYMS",-0.387728784185705,0.83051842769989
"MDM2;TYMS",-0.591304736419792,0.83051842769989
"EGFR;TYMS",-0.501034246517977,0.83051842769989
"SMAD4;TYMS",-0.336782788204693,0.83051842769989
"DNMT1;TYMS",-0.556743898414413,0.83051842769989
"RAF1;TYMS",-0.381013875696397,0.83051842769989
"CDK6;TYMS",-0.78354808630961,0.855443174457673
"ATR;TYMS",-0.911999954165563,0.878837342261864
"MCL1;TYMS",-0.33287626683025,0.83051842769989
"BCL2;TYMS",-0.605209437543187,0.83051842769989
"PRMT5;TYMS",-0.800128045757983,0.857292527748453
"ATM;TYMS",-0.326553674048161,0.83051842769989
"BCL2L1;TYMS",-0.267298675398356,0.83051842769989
"KRAS;TYMS",-0.425059064403769,0.83051842769989
"CDK4;TYMS",-0.364240676351968,0.83051842769989
"CTNNB1;TYMS",-0.96959819425717,0.895509909042636
"BRAF;TYMS",-0.406577392452127,0.83051842769989
"MAP2K2;TYMS",-0.312791107569465,0.83051842769989
"PIK3CA;TYMS",-0.519530969218657,0.83051842769989
"IGF1R;TYMS",-0.367109830342315,0.83051842769989
"TAZ;TYMS",-0.394736443721799,0.83051842769989
"TYMS;WRN",-0.376433542130674,0.83051842769989
"AKT2;TYMS",-0.531674522552524,0.83051842769989
"SRC;TYMS",-0.380054349391111,0.83051842769989
"DNMT3B;TYMS",-0.52672725401603,0.83051842769989
"APC;TYMS",-0.382717071405164,0.83051842769989
"ERBB2;TYMS",-0.34169445891418,0.83051842769989
"TYMS;YAP1",-0.335926470118208,0.83051842769989
"PTPN11;TYMS",-0.335337886066652,0.83051842769989
"CHEK1;TYMS",-1.73412177385687,0.996820526247479
"JAK1;TYMS",-0.590129395661855,0.83051842769989
"AKT1;PEA15",-0.338414050349465,0.83051842769989
"BRD4;PEA15",-0.252513049057023,0.83051842769989
"MYC;PEA15",-1.56869236923042,0.996820526247479
"MAP2K1;PEA15",-0.303950661945409,0.83051842769989
"MAPK1;PEA15",-0.26438295785566,0.83051842769989
"PEA15;WEE1",-0.774473212893485,0.855122283180385
"ARID1A;PEA15",-0.445900205807089,0.83051842769989
"PEA15;PRMT1",-1.33677772070814,0.994312319254132
"PARP1;PEA15",-1.06785572561818,0.91893957824453
"PEA15;PORCN",-0.311405970453314,0.83051842769989
"MDM2;PEA15",-0.579657396766409,0.83051842769989
"EGFR;PEA15",-0.412840947704946,0.83051842769989
"PEA15;SMAD4",-0.327558040240653,0.83051842769989
"DNMT1;PEA15",-0.511842641196322,0.83051842769989
"PEA15;RAF1",-0.256349967067136,0.83051842769989
"CDK6;PEA15",-0.769744429583803,0.854104319555729
"ATR;PEA15",-0.929285987837025,0.88388389267434
"MCL1;PEA15",-0.263288623044753,0.83051842769989
"BCL2;PEA15",-0.624383923991305,0.83051842769989
"PEA15;PRMT5",-0.74048104546469,0.848792204943517
"ATM;PEA15",-0.333506091791901,0.83051842769989
"BCL2L1;PEA15",-0.305956143341203,0.83051842769989
"KRAS;PEA15",-0.392569276663974,0.83051842769989
"CDK4;PEA15",-0.134566345966439,0.83051842769989
"CTNNB1;PEA15",-1.01227912302308,0.907597062767499
"BRAF;PEA15",-0.256601546193793,0.83051842769989
"MAP2K2;PEA15",-0.306270339173324,0.83051842769989
"PEA15;PIK3CA",-0.392705140551294,0.83051842769989
"IGF1R;PEA15",-0.282879570542578,0.83051842769989
"PEA15;TAZ",-0.239890052826989,0.83051842769989
"PEA15;WRN",-0.236919687358396,0.83051842769989
"AKT2;PEA15",-0.495048195814612,0.83051842769989
"PEA15;SRC",-0.255094065278623,0.83051842769989
"DNMT3B;PEA15",-0.492960883104335,0.83051842769989
"APC;PEA15",-0.240779766013383,0.83051842769989
"ERBB2;PEA15",-0.23622195569109,0.83051842769989
"PEA15;YAP1",-0.267617040126288,0.83051842769989
"PEA15;PTPN11",-0.265418337348087,0.83051842769989
"CHEK1;PEA15",-1.73743310268081,0.996820526247479
"JAK1;PEA15",-0.520855202909959,0.83051842769989
"AKT1;MKNK1",-0.30338185632782,0.83051842769989
"BRD4;MKNK1",-0.235299733480324,0.83051842769989
"MKNK1;MYC",-1.42754826334393,0.996820526247479
"MAP2K1;MKNK1",-0.106160970830684,0.83051842769989
"MAPK1;MKNK1",-0.23528450304404,0.83051842769989
"MKNK1;WEE1",-0.869314109650242,0.865507228575333
"ARID1A;MKNK1",-0.449291264737658,0.83051842769989
"MKNK1;PRMT1",-1.38523955331124,0.996820526247479
"MKNK1;PARP1",-1.12189682983145,0.924916103508183
"MKNK1;PORCN",-0.299032809904833,0.83051842769989
"MDM2;MKNK1",-0.492496119228305,0.83051842769989
"EGFR;MKNK1",-0.518119326682454,0.83051842769989
"MKNK1;SMAD4",-0.372619079010525,0.83051842769989
"DNMT1;MKNK1",-0.523749914291973,0.83051842769989
"MKNK1;RAF1",-0.243909902601336,0.83051842769989
"CDK6;MKNK1",-0.797805409717509,0.857292527748453
"ATR;MKNK1",-0.975863180287173,0.897306003769548
"MCL1;MKNK1",-0.107035988992357,0.83051842769989
"BCL2;MKNK1",-0.646380010728145,0.83051842769989
"MKNK1;PRMT5",-0.79711862344579,0.857261984062017
"ATM;MKNK1",-0.352883499162787,0.83051842769989
"BCL2L1;MKNK1",-0.303233651989689,0.83051842769989
"KRAS;MKNK1",-0.441979141304352,0.83051842769989
"CDK4;MKNK1",-0.161006352588567,0.83051842769989
"CTNNB1;MKNK1",-1.04754074078849,0.913965240315988
"BRAF;MKNK1",-0.108071856552043,0.83051842769989
"MAP2K2;MKNK1",-0.129720395091569,0.83051842769989
"MKNK1;PIK3CA",-0.52000984768646,0.83051842769989
"IGF1R;MKNK1",-0.291763341347533,0.83051842769989
"MKNK1;TAZ",-0.198474690785821,0.83051842769989
"MKNK1;WRN",-0.310389912539218,0.83051842769989
"AKT2;MKNK1",-0.386603080385879,0.83051842769989
"MKNK1;SRC",-0.181131670773858,0.83051842769989
"DNMT3B;MKNK1",-0.428969089156271,0.83051842769989
"APC;MKNK1",-0.191151974023557,0.83051842769989
"ERBB2;MKNK1",-0.150467953266601,0.83051842769989
"MKNK1;YAP1",-0.269749282347209,0.83051842769989
"MKNK1;PTPN11",-0.143253252635015,0.83051842769989
"CHEK1;MKNK1",-1.55340175226292,0.996820526247479
"JAK1;MKNK1",-0.579822842169893,0.83051842769989
"AKT1;BLM",-0.380272165139572,0.83051842769989
"BLM;BRD4",-0.163720069850701,0.83051842769989
"BLM;MYC",-1.61925922823308,0.996820526247479
"BLM;MAP2K1",-0.133151187208907,0.83051842769989
"BLM;MAPK1",-0.146986015016459,0.83051842769989
"BLM;WEE1",-0.791855204928302,0.856844608927936
"ARID1A;BLM",-0.400621637128736,0.83051842769989
"BLM;PRMT1",-1.31862046704864,0.990803269857148
"BLM;PARP1",-1.08289563111914,0.921920492649645
"BLM;PORCN",-0.30489642768159,0.83051842769989
"BLM;MDM2",-0.559954003675201,0.83051842769989
"BLM;EGFR",-0.504251337542888,0.83051842769989
"BLM;SMAD4",-0.34389403877253,0.83051842769989
"BLM;DNMT1",-0.573602475371131,0.83051842769989
"BLM;RAF1",-0.303214134774476,0.83051842769989
"BLM;CDK6",-0.799803945722189,0.857292527748453
"ATR;BLM",-0.93524341224759,0.885422030179398
"BLM;MCL1",-0.19253749452356,0.83051842769989
"BCL2;BLM",-0.519750098173877,0.83051842769989
"BLM;PRMT5",-0.816379944535978,0.858150763100959
"ATM;BLM",-0.330596177530782,0.83051842769989
"BCL2L1;BLM",-0.342307044790519,0.83051842769989
"BLM;KRAS",-0.421754350752902,0.83051842769989
"BLM;CDK4",-0.116278837933797,0.83051842769989
"BLM;CTNNB1",-0.943978483457579,0.887782901395961
"BLM;BRAF",-0.175308705922265,0.83051842769989
"BLM;MAP2K2",-0.193185715021923,0.83051842769989
"BLM;PIK3CA",-0.355251236889528,0.83051842769989
"BLM;IGF1R",-0.25557669824241,0.83051842769989
"BLM;TAZ",-0.0455047691680335,0.83051842769989
"BLM;WRN",-0.331939353010048,0.83051842769989
"AKT2;BLM",-0.569434828705433,0.83051842769989
"BLM;SRC",-0.180680326437552,0.83051842769989
"BLM;DNMT3B",-0.517234372359325,0.83051842769989
"APC;BLM",-0.152495777400768,0.83051842769989
"BLM;ERBB2",-0.142277358366198,0.83051842769989
"BLM;YAP1",-0.304405505001135,0.83051842769989
"BLM;PTPN11",-0.190757501521778,0.83051842769989
"BLM;CHEK1",-1.65372889059247,0.996820526247479
"BLM;JAK1",-0.4971721190232,0.83051842769989
"AKT1;UBR4",-0.641379128557573,0.83051842769989
"BRD4;UBR4",-0.665985677040434,0.83051842769989
"MYC;UBR4",-1.37779267042323,0.996820526247479
"MAP2K1;UBR4",-0.66894797370608,0.830950582195179
"MAPK1;UBR4",-0.651805231808287,0.83051842769989
"UBR4;WEE1",-0.896691619910649,0.874279541294708
"ARID1A;UBR4",-0.698991644101741,0.839109234036104
"PRMT1;UBR4",-1.0491103909983,0.914344846135589
"PARP1;UBR4",-1.01122432935141,0.907229168984423
"PORCN;UBR4",-0.714948358346821,0.843221488866569
"MDM2;UBR4",-0.613732500862602,0.83051842769989
"EGFR;UBR4",-0.418209244988658,0.83051842769989
"SMAD4;UBR4",-0.631560458186658,0.83051842769989
"DNMT1;UBR4",-0.727045897844595,0.845738990547818
"RAF1;UBR4",-0.670485520926119,0.831349522109265
"CDK6;UBR4",-0.733973910757883,0.847110115796253
"ATR;UBR4",-0.78191924235697,0.855443174457673
"MCL1;UBR4",-0.723250345758677,0.844900614267503
"BCL2;UBR4",-0.662469343754059,0.83051842769989
"PRMT5;UBR4",-0.849124191500002,0.862595116583155
"ATM;UBR4",-0.726361192239787,0.84561549852509
"BCL2L1;UBR4",-0.720357775921634,0.844421403060681
"KRAS;UBR4",-0.642262722490947,0.83051842769989
"CDK4;UBR4",-0.721805240669832,0.844449268748353
"CTNNB1;UBR4",-0.667886170231752,0.83066788380245
"BRAF;UBR4",-0.636582892813893,0.83051842769989
"MAP2K2;UBR4",-0.713886133834038,0.843017087114036
"PIK3CA;UBR4",-0.604372615216674,0.83051842769989
"IGF1R;UBR4",-0.721080040235447,0.844449268748353
"TAZ;UBR4",-0.73368633267014,0.847004727545268
"UBR4;WRN",-0.642001826069501,0.83051842769989
"AKT2;UBR4",-0.672968508399597,0.832083662655574
"SRC;UBR4",-0.584794336505435,0.83051842769989
"DNMT3B;UBR4",-0.674405446320073,0.832674222898194
"APC;UBR4",-0.701795207347152,0.840111409048772
"ERBB2;UBR4",-0.674741550158997,0.832715574685371
"UBR4;YAP1",-0.601922058615356,0.83051842769989
"PTPN11;UBR4",-0.49670553432023,0.83051842769989
"CHEK1;UBR4",-1.46585605533161,0.996820526247479
"JAK1;UBR4",-0.718202259125544,0.84410788938019
"AKT1;MAPK14",-0.382060668499456,0.83051842769989
"BRD4;MAPK14",-0.27347888722081,0.83051842769989
"MAPK14;MYC",-1.52416254047377,0.996820526247479
"MAP2K1;MAPK14",-0.260072501450697,0.83051842769989
"MAPK1;MAPK14",-0.229881421821065,0.83051842769989
"MAPK14;WEE1",-0.720589552216402,0.844436860936825
"ARID1A;MAPK14",-0.46231113231006,0.83051842769989
"MAPK14;PRMT1",-1.30998100474915,0.989393819972919
"MAPK14;PARP1",-1.06917583870933,0.91931536589972
"MAPK14;PORCN",-0.297676573850776,0.83051842769989
"MAPK14;MDM2",-0.58735148537612,0.83051842769989
"EGFR;MAPK14",-0.495911882021461,0.83051842769989
"MAPK14;SMAD4",-0.339161284363804,0.83051842769989
"DNMT1;MAPK14",-0.563592902792439,0.83051842769989
"MAPK14;RAF1",-0.117706590274912,0.83051842769989
"CDK6;MAPK14",-0.826127632796201,0.858367750999105
"ATR;MAPK14",-1.01907618619476,0.90935463268898
"MAPK14;MCL1",-0.150933494075727,0.83051842769989
"BCL2;MAPK14",-0.615647520293605,0.83051842769989
"MAPK14;PRMT5",-0.736513196824566,0.847770494812885
"ATM;MAPK14",-0.358164980337419,0.83051842769989
"BCL2L1;MAPK14",-0.340868052480088,0.83051842769989
"KRAS;MAPK14",-0.420707427330464,0.83051842769989
"CDK4;MAPK14",-0.226687342096254,0.83051842769989
"CTNNB1;MAPK14",-0.924119223886808,0.882505795683513
"BRAF;MAPK14",-0.270351849874113,0.83051842769989
"MAP2K2;MAPK14",-0.214597841898101,0.83051842769989
"MAPK14;PIK3CA",-0.398896997106516,0.83051842769989
"IGF1R;MAPK14",-0.196796713970294,0.83051842769989
"MAPK14;TAZ",-0.276462626363129,0.83051842769989
"MAPK14;WRN",-0.29877959053893,0.83051842769989
"AKT2;MAPK14",-0.545255846301931,0.83051842769989
"MAPK14;SRC",-0.285906675582338,0.83051842769989
"DNMT3B;MAPK14",-0.478242562889462,0.83051842769989
"APC;MAPK14",-0.231295145529063,0.83051842769989
"ERBB2;MAPK14",-0.266374305833251,0.83051842769989
"MAPK14;YAP1",-0.309607041320019,0.83051842769989
"MAPK14;PTPN11",-0.255042289797373,0.83051842769989
"CHEK1;MAPK14",-1.63428540776234,0.996820526247479
"JAK1;MAPK14",-0.581821039911997,0.83051842769989
"AKT1;SP1",-0.353390903680671,0.83051842769989
"BRD4;SP1",-0.195502710099808,0.83051842769989
"MYC;SP1",-1.62914938018178,0.996820526247479
"MAP2K1;SP1",-0.0521918216837587,0.83051842769989
"MAPK1;SP1",-0.163128321839447,0.83051842769989
"SP1;WEE1",-0.93685167713614,0.885802756122637
"ARID1A;SP1",-0.420101186982627,0.83051842769989
"PRMT1;SP1",-1.18170958940692,0.950179255554446
"PARP1;SP1",-1.03616010476596,0.913394991889077
"PORCN;SP1",-0.312478363752619,0.83051842769989
"MDM2;SP1",-0.593096574173426,0.83051842769989
"EGFR;SP1",-0.514461569251166,0.83051842769989
"SMAD4;SP1",-0.324223782732336,0.83051842769989
"DNMT1;SP1",-0.523702996543388,0.83051842769989
"RAF1;SP1",-0.227657827545799,0.83051842769989
"CDK6;SP1",-0.70504609842407,0.840997214405429
"ATR;SP1",-0.964376348982684,0.89348861673855
"MCL1;SP1",-0.0420568996672876,0.83051842769989
"BCL2;SP1",-0.653115338160853,0.83051842769989
"PRMT5;SP1",-0.859066535591274,0.86443615298251
"ATM;SP1",-0.326447120282199,0.83051842769989
"BCL2L1;SP1",-0.341610570034804,0.83051842769989
"KRAS;SP1",-0.436856720287006,0.83051842769989
"CDK4;SP1",-0.0212641962168738,0.83051842769989
"CTNNB1;SP1",-1.04371962288077,0.913515079259661
"BRAF;SP1",0.0540124637759874,0.83051842769989
"MAP2K2;SP1",-0.130965820649418,0.83051842769989
"PIK3CA;SP1",-0.567488216825852,0.83051842769989
"IGF1R;SP1",-0.199883404751272,0.83051842769989
"SP1;TAZ",-0.142638994910232,0.83051842769989
"SP1;WRN",-0.338939537589143,0.83051842769989
"AKT2;SP1",-0.537027847811774,0.83051842769989
"SP1;SRC",-0.163962605323432,0.83051842769989
"DNMT3B;SP1",-0.471699093773264,0.83051842769989
"APC;SP1",-0.226975669851959,0.83051842769989
"ERBB2;SP1",-0.082397277352375,0.83051842769989
"SP1;YAP1",-0.259579218519642,0.83051842769989
"PTPN11;SP1",-0.17822124721,0.83051842769989
"CHEK1;SP1",-1.47234221199915,0.996820526247479
"JAK1;SP1",-0.555172631062578,0.83051842769989
"AKT1;SMAD1",-0.427331046151987,0.83051842769989
"BRD4;SMAD1",-0.487917770172842,0.83051842769989
"MYC;SMAD1",-1.51913242395751,0.996820526247479
"MAP2K1;SMAD1",-0.47605858470064,0.83051842769989
"MAPK1;SMAD1",-0.477408800153704,0.83051842769989
"SMAD1;WEE1",-0.775033518046715,0.855253208445503
"ARID1A;SMAD1",-0.472548333695554,0.83051842769989
"PRMT1;SMAD1",-1.2966658563762,0.986726213669972
"PARP1;SMAD1",-1.10721534567791,0.923895399117375
"PORCN;SMAD1",-0.398119548046264,0.83051842769989
"MDM2;SMAD1",-0.493970629908585,0.83051842769989
"EGFR;SMAD1",-0.507077978138613,0.83051842769989
"SMAD1;SMAD4",-0.46817562255705,0.83051842769989
"DNMT1;SMAD1",-0.540601782739194,0.83051842769989
"RAF1;SMAD1",-0.409476693147912,0.83051842769989
"CDK6;SMAD1",-0.724776908720468,0.845296355906229
"ATR;SMAD1",-1.04329060727835,0.913515079259661
"MCL1;SMAD1",-0.4726159547422,0.83051842769989
"BCL2;SMAD1",-0.652426501254218,0.83051842769989
"PRMT5;SMAD1",-0.855308804658067,0.863765094738678
"ATM;SMAD1",-0.492151142010636,0.83051842769989
"BCL2L1;SMAD1",-0.348226062043033,0.83051842769989
"KRAS;SMAD1",-0.453401537609369,0.83051842769989
"CDK4;SMAD1",-0.477416251453205,0.83051842769989
"CTNNB1;SMAD1",-0.99777416898689,0.90377224164756
"BRAF;SMAD1",-0.455749869422959,0.83051842769989
"MAP2K2;SMAD1",-0.383664777972312,0.83051842769989
"PIK3CA;SMAD1",-0.52159566399845,0.83051842769989
"IGF1R;SMAD1",-0.470334761218292,0.83051842769989
"SMAD1;TAZ",-0.377107231883926,0.83051842769989
"SMAD1;WRN",-0.442525660988924,0.83051842769989
"AKT2;SMAD1",-0.563898836420158,0.83051842769989
"SMAD1;SRC",-0.463196699049468,0.83051842769989
"DNMT3B;SMAD1",-0.50904611715995,0.83051842769989
"APC;SMAD1",-0.48687349486534,0.83051842769989
"ERBB2;SMAD1",-0.453001453820548,0.83051842769989
"SMAD1;YAP1",-0.492776412247599,0.83051842769989
"PTPN11;SMAD1",-0.433680854857387,0.83051842769989
"CHEK1;SMAD1",-1.53376603937079,0.996820526247479
"JAK1;SMAD1",-0.583094616098851,0.83051842769989
"AKT1;UBE2C",-0.351228133412854,0.83051842769989
"BRD4;UBE2C",-0.189684994702768,0.83051842769989
"MYC;UBE2C",-1.63059714314809,0.996820526247479
"MAP2K1;UBE2C",-0.135633048444107,0.83051842769989
"MAPK1;UBE2C",-0.222465748824525,0.83051842769989
"UBE2C;WEE1",-0.828170559760996,0.858496184975014
"ARID1A;UBE2C",-0.470813998807193,0.83051842769989
"PRMT1;UBE2C",-1.30587031108539,0.988901371036117
"PARP1;UBE2C",-1.06370320946751,0.918127019138725
"PORCN;UBE2C",-0.308628736818457,0.83051842769989
"MDM2;UBE2C",-0.551608256456307,0.83051842769989
"EGFR;UBE2C",-0.51753372439356,0.83051842769989
"SMAD4;UBE2C",-0.366382274227538,0.83051842769989
"DNMT1;UBE2C",-0.537849994198786,0.83051842769989
"RAF1;UBE2C",-0.292470878167013,0.83051842769989
"CDK6;UBE2C",-0.816926638989958,0.858150763100959
"ATR;UBE2C",-1.06571799525956,0.918435266890492
"MCL1;UBE2C",-0.0925708618320907,0.83051842769989
"BCL2;UBE2C",-0.654628208437625,0.83051842769989
"PRMT5;UBE2C",-0.830883781888941,0.858667905495995
"ATM;UBE2C",-0.352162694183309,0.83051842769989
"BCL2L1;UBE2C",-0.289544526791324,0.83051842769989
"KRAS;UBE2C",-0.448632266348242,0.83051842769989
"CDK4;UBE2C",-0.134761192159036,0.83051842769989
"CTNNB1;UBE2C",-0.963552951149667,0.89310838666249
"BRAF;UBE2C",-0.0292554851844198,0.83051842769989
"MAP2K2;UBE2C",-0.120105175983072,0.83051842769989
"PIK3CA;UBE2C",-0.406908326935023,0.83051842769989
"IGF1R;UBE2C",-0.284817013976546,0.83051842769989
"TAZ;UBE2C",-0.176111295008131,0.83051842769989
"UBE2C;WRN",-0.239919222059622,0.83051842769989
"AKT2;UBE2C",-0.566944141638852,0.83051842769989
"SRC;UBE2C",-0.0142697900735726,0.83051842769989
"DNMT3B;UBE2C",-0.47813384692234,0.83051842769989
"APC;UBE2C",-0.236614999537454,0.83051842769989
"ERBB2;UBE2C",0.0162046298364505,0.83051842769989
"UBE2C;YAP1",-0.235738630259129,0.83051842769989
"PTPN11;UBE2C",-0.154382476752316,0.83051842769989
"CHEK1;UBE2C",-1.76080938696102,0.996820526247479
"JAK1;UBE2C",-0.601034248762543,0.83051842769989
"AKT1;FES",-0.325056725730222,0.83051842769989
"BRD4;FES",-0.199662784110542,0.83051842769989
"FES;MYC",-1.52536727297198,0.996820526247479
"FES;MAP2K1",-0.102664482452262,0.83051842769989
"FES;MAPK1",-0.194474247215423,0.83051842769989
"FES;WEE1",-0.949670359260556,0.889210782708027
"ARID1A;FES",-0.384190224120033,0.83051842769989
"FES;PRMT1",-1.22317025131901,0.966015889142148
"FES;PARP1",-1.12270321408198,0.924916103508183
"FES;PORCN",-0.297959978597362,0.83051842769989
"FES;MDM2",-0.55269782524053,0.83051842769989
"EGFR;FES",-0.473885664342419,0.83051842769989
"FES;SMAD4",-0.322288145084502,0.83051842769989
"DNMT1;FES",-0.572875979156628,0.83051842769989
"FES;RAF1",-0.273682776114956,0.83051842769989
"CDK6;FES",-0.796380009566859,0.857223296658322
"ATR;FES",-1.05786287691086,0.916670350212931
"FES;MCL1",0.0372859651337686,0.83051842769989
"BCL2;FES",-0.648412892921564,0.83051842769989
"FES;PRMT5",-0.851940632742273,0.863220419071441
"ATM;FES",-0.307840695639879,0.83051842769989
"BCL2L1;FES",-0.337694309278309,0.83051842769989
"FES;KRAS",-0.258840710848323,0.83051842769989
"CDK4;FES",-0.0966578058391513,0.83051842769989
"CTNNB1;FES",-0.980355633813724,0.898358785445461
"BRAF;FES",0.150115204655211,0.83051842769989
"FES;MAP2K2",-0.063698520741918,0.83051842769989
"FES;PIK3CA",-0.486641754947672,0.83051842769989
"FES;IGF1R",-0.329109688971529,0.83051842769989
"FES;TAZ",-0.188048899677268,0.83051842769989
"FES;WRN",-0.256039173997209,0.83051842769989
"AKT2;FES",-0.537549207869665,0.83051842769989
"FES;SRC",-0.145349774003304,0.83051842769989
"DNMT3B;FES",-0.356198659955872,0.83051842769989
"APC;FES",-0.125380533627894,0.83051842769989
"ERBB2;FES",-0.101833080726321,0.83051842769989
"FES;YAP1",-0.280479656603566,0.83051842769989
"FES;PTPN11",-0.142632546379345,0.83051842769989
"CHEK1;FES",-1.73152211863132,0.996820526247479
"FES;JAK1",-0.587030539385017,0.83051842769989
"AKT1;DHODH",-0.408154154327818,0.83051842769989
"BRD4;DHODH",-0.400533673835969,0.83051842769989
"DHODH;MYC",-1.56781639842169,0.996820526247479
"DHODH;MAP2K1",-0.416294603137246,0.83051842769989
"DHODH;MAPK1",-0.402685273880755,0.83051842769989
"DHODH;WEE1",-0.95389874496443,0.88992719643538
"ARID1A;DHODH",-0.454096260886101,0.83051842769989
"DHODH;PRMT1",-1.29528677776281,0.986392574206599
"DHODH;PARP1",-1.04500687091513,0.913701590084969
"DHODH;PORCN",-0.416725615401783,0.83051842769989
"DHODH;MDM2",-0.537750728128084,0.83051842769989
"DHODH;EGFR",-0.498800151648486,0.83051842769989
"DHODH;SMAD4",-0.42740648659897,0.83051842769989
"DHODH;DNMT1",-0.561414068206502,0.83051842769989
"DHODH;RAF1",-0.411297179990411,0.83051842769989
"CDK6;DHODH",-0.827096541179218,0.858367750999105
"ATR;DHODH",-1.10645413191447,0.923850009252945
"DHODH;MCL1",-0.301557453783687,0.83051842769989
"BCL2;DHODH",-0.662471852092985,0.83051842769989
"DHODH;PRMT5",-0.718592638566014,0.84410788938019
"ATM;DHODH",-0.415484055380172,0.83051842769989
"BCL2L1;DHODH",-0.41957768462423,0.83051842769989
"DHODH;KRAS",-0.451143132010122,0.83051842769989
"CDK4;DHODH",-0.388001241093001,0.83051842769989
"CTNNB1;DHODH",-1.02717822956092,0.911081572852605
"BRAF;DHODH",-0.260983035457264,0.83051842769989
"DHODH;MAP2K2",-0.39302706871329,0.83051842769989
"DHODH;PIK3CA",-0.463730197443942,0.83051842769989
"DHODH;IGF1R",-0.367334531387628,0.83051842769989
"DHODH;TAZ",-0.368892599195207,0.83051842769989
"DHODH;WRN",-0.40788742462874,0.83051842769989
"AKT2;DHODH",-0.468368155533869,0.83051842769989
"DHODH;SRC",-0.353053396261632,0.83051842769989
"DHODH;DNMT3B",-0.537582454826265,0.83051842769989
"APC;DHODH",-0.42682989005566,0.83051842769989
"DHODH;ERBB2",-0.368237154543812,0.83051842769989
"DHODH;YAP1",-0.387910560543922,0.83051842769989
"DHODH;PTPN11",-0.355098433297114,0.83051842769989
"CHEK1;DHODH",-1.74474820670426,0.996820526247479
"DHODH;JAK1",-0.530884693835582,0.83051842769989
"AKT1;TFDP1",-0.3035382771618,0.83051842769989
"BRD4;TFDP1",-0.379427505323408,0.83051842769989
"MYC;TFDP1",-1.54879840131134,0.996820526247479
"MAP2K1;TFDP1",-0.372396048495698,0.83051842769989
"MAPK1;TFDP1",-0.33633098385672,0.83051842769989
"TFDP1;WEE1",-0.81914383226445,0.85826452060764
"ARID1A;TFDP1",-0.465332075954204,0.83051842769989
"PRMT1;TFDP1",-1.28645054160943,0.984693671591713
"PARP1;TFDP1",-1.09196207457796,0.922598798007216
"PORCN;TFDP1",-0.34344047011658,0.83051842769989
"MDM2;TFDP1",-0.546056623747147,0.83051842769989
"EGFR;TFDP1",-0.472410652786626,0.83051842769989
"SMAD4;TFDP1",-0.331532373989088,0.83051842769989
"DNMT1;TFDP1",-0.57278347268194,0.83051842769989
"RAF1;TFDP1",-0.363774152515771,0.83051842769989
"CDK6;TFDP1",-0.777140853327324,0.855392982465961
"ATR;TFDP1",-0.906152545962961,0.876941814920505
"MCL1;TFDP1",-0.390018847434189,0.83051842769989
"BCL2;TFDP1",-0.654595771193892,0.83051842769989
"PRMT5;TFDP1",-0.759840283485548,0.853063081294386
"ATM;TFDP1",-0.347823230272313,0.83051842769989
"BCL2L1;TFDP1",-0.363124987720804,0.83051842769989
"KRAS;TFDP1",-0.420921817991122,0.83051842769989
"CDK4;TFDP1",-0.370879029241946,0.83051842769989
"CTNNB1;TFDP1",-0.989911526381431,0.901742946898964
"BRAF;TFDP1",-0.378119897776728,0.83051842769989
"MAP2K2;TFDP1",-0.38565854491773,0.83051842769989
"PIK3CA;TFDP1",-0.556511911277144,0.83051842769989
"IGF1R;TFDP1",-0.329711320080281,0.83051842769989
"TAZ;TFDP1",-0.353287967602369,0.83051842769989
"TFDP1;WRN",-0.22743498539016,0.83051842769989
"AKT2;TFDP1",-0.526909403124725,0.83051842769989
"SRC;TFDP1",-0.336526680065114,0.83051842769989
"DNMT3B;TFDP1",-0.541781334427547,0.83051842769989
"APC;TFDP1",-0.353666493266138,0.83051842769989
"ERBB2;TFDP1",-0.35070801558807,0.83051842769989
"TFDP1;YAP1",-0.338263402392449,0.83051842769989
"PTPN11;TFDP1",-0.363925941466685,0.83051842769989
"CHEK1;TFDP1",-1.74130673154465,0.996820526247479
"JAK1;TFDP1",-0.59334870519197,0.83051842769989
"AKT1;PA2G4",-0.374084153121511,0.83051842769989
"BRD4;PA2G4",-0.380031850552088,0.83051842769989
"MYC;PA2G4",-1.62523957727682,0.996820526247479
"MAP2K1;PA2G4",-0.372263753146306,0.83051842769989
"MAPK1;PA2G4",-0.31200682523954,0.83051842769989
"PA2G4;WEE1",-0.841501454795099,0.860658710032528
"ARID1A;PA2G4",-0.479416036529432,0.83051842769989
"PA2G4;PRMT1",-1.25049213544578,0.974592876995792
"PA2G4;PARP1",-1.08062324882163,0.921478686995569
"PA2G4;PORCN",-0.339767426528342,0.83051842769989
"MDM2;PA2G4",-0.596007543391074,0.83051842769989
"EGFR;PA2G4",-0.478283505771833,0.83051842769989
"PA2G4;SMAD4",-0.403533989821892,0.83051842769989
"DNMT1;PA2G4",-0.495505722756012,0.83051842769989
"PA2G4;RAF1",-0.377543546034046,0.83051842769989
"CDK6;PA2G4",-0.703587639051139,0.840544102631643
"ATR;PA2G4",-1.06233284565567,0.917780288985292
"MCL1;PA2G4",-0.387041770568642,0.83051842769989
"BCL2;PA2G4",-0.591353851296878,0.83051842769989
"PA2G4;PRMT5",-0.786768218173615,0.855680129036609
"ATM;PA2G4",-0.377289432448417,0.83051842769989
"BCL2L1;PA2G4",-0.301343664813838,0.83051842769989
"KRAS;PA2G4",-0.386285900372393,0.83051842769989
"CDK4;PA2G4",-0.331549484842691,0.83051842769989
"CTNNB1;PA2G4",-1.0401394801518,0.913419946253691
"BRAF;PA2G4",-0.349474122031018,0.83051842769989
"MAP2K2;PA2G4",-0.227562008156575,0.83051842769989
"PA2G4;PIK3CA",-0.542391986231262,0.83051842769989
"IGF1R;PA2G4",-0.379528561099461,0.83051842769989
"PA2G4;TAZ",-0.378942138947719,0.83051842769989
"PA2G4;WRN",-0.350204767044266,0.83051842769989
"AKT2;PA2G4",-0.577115042482932,0.83051842769989
"PA2G4;SRC",-0.4124326087521,0.83051842769989
"DNMT3B;PA2G4",-0.499864665542,0.83051842769989
"APC;PA2G4",-0.372666419363394,0.83051842769989
"ERBB2;PA2G4",-0.408544896568962,0.83051842769989
"PA2G4;YAP1",-0.289437423326757,0.83051842769989
"PA2G4;PTPN11",-0.345978526914823,0.83051842769989
"CHEK1;PA2G4",-1.73156395762642,0.996820526247479
"JAK1;PA2G4",-0.616935101048603,0.83051842769989
"AKT1;CDK1",-1.29492319581495,0.986392574206599
"BRD4;CDK1",-0.846279936511783,0.86167473793251
"CDK1;MYC",-0.844446577838889,0.861384496351732
"CDK1;MAP2K1",-1.11865215646462,0.924916103508183
"CDK1;MAPK1",-1.24505334813206,0.972997066457821
"CDK1;WEE1",-0.900723761138563,0.875519581702139
"ARID1A;CDK1",-1.23861087102819,0.971066210983354
"CDK1;PRMT1",-1.04290828468442,0.913485188066803
"CDK1;PARP1",-1.21875350158523,0.964237024661651
"CDK1;PORCN",-1.03517228144262,0.913394991889077
"CDK1;MDM2",-1.27880495705822,0.982420280175039
"CDK1;EGFR",-1.19018889933583,0.953635839446908
"CDK1;SMAD4",-1.2402600354483,0.971431311849197
"CDK1;DNMT1",-0.912914695656782,0.878936795281164
"CDK1;RAF1",-1.13237645118868,0.928049264838428
"CDK1;CDK6",-0.759598897719362,0.853063081294386
"ATR;CDK1",-0.681462556734717,0.834468938050236
"CDK1;MCL1",-1.28430598565927,0.984168682371228
"BCL2;CDK1",-1.2059766663929,0.959770990163306
"CDK1;PRMT5",-0.97978221329317,0.898358785445461
"ATM;CDK1",-1.18632520080792,0.952146962571132
"BCL2L1;CDK1",-1.18985153732628,0.953532256061804
"CDK1;KRAS",-1.25708093856883,0.97631107580946
"CDK1;CDK4",-1.22940621998639,0.968013519181102
"CDK1;CTNNB1",-1.29519771497099,0.986392574206599
"BRAF;CDK1",-1.12794911080238,0.926042041661461
"CDK1;MAP2K2",-1.11945921528415,0.924916103508183
"CDK1;PIK3CA",-0.309112012131478,0.83051842769989
"CDK1;IGF1R",-1.25670732384391,0.976232333880513
"CDK1;TAZ",-1.21894132174188,0.96426519457994
"CDK1;WRN",-0.876414260734338,0.867773901524574
"AKT2;CDK1",-1.30161728046583,0.987894341811675
"CDK1;SRC",-1.27021865422488,0.980217008255164
"CDK1;DNMT3B",-1.12641741304913,0.925390170372791
"APC;CDK1",-1.21096277734687,0.961559465896812
"CDK1;ERBB2",-1.27374321321381,0.98119811393611
"CDK1;YAP1",-1.1316904061877,0.927751051434144
"CDK1;PTPN11",-1.25131028954102,0.974669807365644
"CDK1;CHEK1",-0.961665807972115,0.892477664642463
"CDK1;JAK1",-1.23943033987245,0.971206944528141
"AIFM1;AKT1",-0.371962203819794,0.83051842769989
"AIFM1;BRD4",-0.259685162933603,0.83051842769989
"AIFM1;MYC",-1.53759101936463,0.996820526247479
"AIFM1;MAP2K1",-0.0328098660967977,0.83051842769989
"AIFM1;MAPK1",-0.201176816712174,0.83051842769989
"AIFM1;WEE1",-0.930075997453887,0.883895272446356
"AIFM1;ARID1A",-0.389041419050662,0.83051842769989
"AIFM1;PRMT1",-1.13828873307545,0.930691592093612
"AIFM1;PARP1",-1.12224202150239,0.924916103508183
"AIFM1;PORCN",-0.215229074133722,0.83051842769989
"AIFM1;MDM2",-0.547769006249119,0.83051842769989
"AIFM1;EGFR",-0.514965538450614,0.83051842769989
"AIFM1;SMAD4",-0.314006794824163,0.83051842769989
"AIFM1;DNMT1",-0.528511750099054,0.83051842769989
"AIFM1;RAF1",-0.277107981880068,0.83051842769989
"AIFM1;CDK6",-0.795890583415116,0.857223296658322
"AIFM1;ATR",-1.0196871250336,0.90935463268898
"AIFM1;MCL1",-0.00992692204953696,0.83051842769989
"AIFM1;BCL2",-0.619102564312558,0.83051842769989
"AIFM1;PRMT5",-0.868888520430748,0.865507228575333
"AIFM1;ATM",-0.403531332498963,0.83051842769989
"AIFM1;BCL2L1",-0.324451334379411,0.83051842769989
"AIFM1;KRAS",-0.423225486633687,0.83051842769989
"AIFM1;CDK4",0.0294252289192893,0.83051842769989
"AIFM1;CTNNB1",-0.950859937849184,0.889594899167677
"AIFM1;BRAF",-0.104078923121799,0.83051842769989
"AIFM1;MAP2K2",-0.0883035380350805,0.83051842769989
"AIFM1;PIK3CA",-0.513171040171617,0.83051842769989
"AIFM1;IGF1R",-0.354645986273193,0.83051842769989
"AIFM1;TAZ",-0.126972573600839,0.83051842769989
"AIFM1;WRN",-0.218180625983499,0.83051842769989
"AIFM1;AKT2",-0.528543927064072,0.83051842769989
"AIFM1;SRC",-0.0864804535937319,0.83051842769989
"AIFM1;DNMT3B",-0.439455071885951,0.83051842769989
"AIFM1;APC",-0.251996039914341,0.83051842769989
"AIFM1;ERBB2",-0.0345132874607634,0.83051842769989
"AIFM1;YAP1",-0.310057737430232,0.83051842769989
"AIFM1;PTPN11",-0.180625438420784,0.83051842769989
"AIFM1;CHEK1",-1.72573046541473,0.996820526247479
"AIFM1;JAK1",-0.561097402566022,0.83051842769989
"AKT1;E2F3",-0.307223533617521,0.83051842769989
"BRD4;E2F3",-0.181676889866576,0.83051842769989
"E2F3;MYC",-1.65112363822025,0.996820526247479
"E2F3;MAP2K1",-0.12226399948819,0.83051842769989
"E2F3;MAPK1",-0.213006384711548,0.83051842769989
"E2F3;WEE1",-0.803457465838574,0.857723760949488
"ARID1A;E2F3",-0.396881594600437,0.83051842769989
"E2F3;PRMT1",-1.33148928217584,0.993194720219743
"E2F3;PARP1",-1.05579741893074,0.916105491692665
"E2F3;PORCN",-0.291626385516669,0.83051842769989
"E2F3;MDM2",-0.597262146909724,0.83051842769989
"E2F3;EGFR",-0.441441715981336,0.83051842769989
"E2F3;SMAD4",-0.239947895254001,0.83051842769989
"DNMT1;E2F3",-0.508573061127034,0.83051842769989
"E2F3;RAF1",-0.230052385077181,0.83051842769989
"CDK6;E2F3",-0.641095420015438,0.83051842769989
"ATR;E2F3",-1.11022544609532,0.924121252169155
"E2F3;MCL1",-0.08488438681331,0.83051842769989
"BCL2;E2F3",-0.612372183860238,0.83051842769989
"E2F3;PRMT5",-0.838785330583913,0.860372130595238
"ATM;E2F3",-0.344789934486491,0.83051842769989
"BCL2L1;E2F3",-0.321190410603877,0.83051842769989
"E2F3;KRAS",-0.434712207850739,0.83051842769989
"CDK4;E2F3",-0.120494417214475,0.83051842769989
"CTNNB1;E2F3",-0.979182794779156,0.898345392164939
"BRAF;E2F3",-0.00883837381695773,0.83051842769989
"E2F3;MAP2K2",-0.128085479550649,0.83051842769989
"E2F3;PIK3CA",-0.544406253694709,0.83051842769989
"E2F3;IGF1R",-0.334689030971798,0.83051842769989
"E2F3;TAZ",-0.146833396999286,0.83051842769989
"E2F3;WRN",-0.288522950621454,0.83051842769989
"AKT2;E2F3",-0.5386383093524,0.83051842769989
"E2F3;SRC",-0.145397086910028,0.83051842769989
"DNMT3B;E2F3",-0.472726970466483,0.83051842769989
"APC;E2F3",-0.233497177932857,0.83051842769989
"E2F3;ERBB2",0.105501671623553,0.83051842769989
"E2F3;YAP1",-0.315553444993932,0.83051842769989
"E2F3;PTPN11",-0.055875562616943,0.83051842769989
"CHEK1;E2F3",-1.76762210893017,0.996820526247479
"E2F3;JAK1",-0.600722395272387,0.83051842769989
"AKT1;FLT1",-0.347298237742932,0.83051842769989
"BRD4;FLT1",-0.164945071058899,0.83051842769989
"FLT1;MYC",-1.61749664284375,0.996820526247479
"FLT1;MAP2K1",-0.0536522492844128,0.83051842769989
"FLT1;MAPK1",-0.218596222290941,0.83051842769989
"FLT1;WEE1",-0.928528020403566,0.883713201342677
"ARID1A;FLT1",-0.469108635630098,0.83051842769989
"FLT1;PRMT1",-1.34333425560894,0.994930009347384
"FLT1;PARP1",-1.09699833731036,0.92317363085918
"FLT1;PORCN",-0.35276598567418,0.83051842769989
"FLT1;MDM2",-0.55276350022284,0.83051842769989
"EGFR;FLT1",-0.409397929834468,0.83051842769989
"FLT1;SMAD4",-0.299174778783124,0.83051842769989
"DNMT1;FLT1",-0.487419539659275,0.83051842769989
"FLT1;RAF1",-0.292217297079969,0.83051842769989
"CDK6;FLT1",-0.587838043087565,0.83051842769989
"ATR;FLT1",-1.04102077218393,0.913419946253691
"FLT1;MCL1",-0.15052422273923,0.83051842769989
"BCL2;FLT1",-0.658576325781869,0.83051842769989
"FLT1;PRMT5",-0.785778416867852,0.855597618930893
"ATM;FLT1",-0.320270797627729,0.83051842769989
"BCL2L1;FLT1",-0.317103439548724,0.83051842769989
"FLT1;KRAS",-0.432328889346055,0.83051842769989
"CDK4;FLT1",-0.122272815183459,0.83051842769989
"CTNNB1;FLT1",-1.00266401121223,0.904994997151383
"BRAF;FLT1",-0.115087183484483,0.83051842769989
"FLT1;MAP2K2",-0.177091752743469,0.83051842769989
"FLT1;PIK3CA",-0.561028256671087,0.83051842769989
"FLT1;IGF1R",-0.338720634076167,0.83051842769989
"FLT1;TAZ",-0.202620131978796,0.83051842769989
"FLT1;WRN",-0.340885500625546,0.83051842769989
"AKT2;FLT1",-0.506687078123369,0.83051842769989
"FLT1;SRC",-0.204654391461819,0.83051842769989
"DNMT3B;FLT1",-0.507860273733223,0.83051842769989
"APC;FLT1",-0.234542267215853,0.83051842769989
"ERBB2;FLT1",-0.199325902785891,0.83051842769989
"FLT1;YAP1",-0.311946784632033,0.83051842769989
"FLT1;PTPN11",-0.127233993484668,0.83051842769989
"CHEK1;FLT1",-1.78389274052001,0.996820526247479
"FLT1;JAK1",-0.558581416791171,0.83051842769989
"AKT1;CHMP7",-0.424956623539143,0.83051842769989
"BRD4;CHMP7",-0.458432932873111,0.83051842769989
"CHMP7;MYC",-1.33411849958851,0.993851109485263
"CHMP7;MAP2K1",-0.459885092637222,0.83051842769989
"CHMP7;MAPK1",-0.412844669567532,0.83051842769989
"CHMP7;WEE1",-0.547399512817276,0.83051842769989
"ARID1A;CHMP7",-0.47498211851836,0.83051842769989
"CHMP7;PRMT1",-1.12326837287665,0.924916103508183
"CHMP7;PARP1",-1.1236291567816,0.924916103508183
"CHMP7;PORCN",-0.45550453593144,0.83051842769989
"CHMP7;MDM2",-0.444704507233487,0.83051842769989
"CHMP7;EGFR",-0.488271275054178,0.83051842769989
"CHMP7;SMAD4",-0.345648186400888,0.83051842769989
"CHMP7;DNMT1",-0.281298173162665,0.83051842769989
"CHMP7;RAF1",-0.463318643864442,0.83051842769989
"CDK6;CHMP7",-0.775751106594085,0.855392982465961
"ATR;CHMP7",-0.959432697065756,0.891640903178968
"CHMP7;MCL1",-0.38914311260076,0.83051842769989
"BCL2;CHMP7",-0.552730933178882,0.83051842769989
"CHMP7;PRMT5",-0.811053404419824,0.858150763100959
"ATM;CHMP7",-0.438950412340859,0.83051842769989
"BCL2L1;CHMP7",-0.350565046442855,0.83051842769989
"CHMP7;KRAS",-0.270148509260734,0.83051842769989
"CDK4;CHMP7",-0.433286995272243,0.83051842769989
"CHMP7;CTNNB1",-1.02044737406554,0.909425323589825
"BRAF;CHMP7",-0.40509714573374,0.83051842769989
"CHMP7;MAP2K2",-0.383872532337838,0.83051842769989
"CHMP7;PIK3CA",-0.502000464150331,0.83051842769989
"CHMP7;IGF1R",-0.459797863977867,0.83051842769989
"CHMP7;TAZ",-0.412692750702009,0.83051842769989
"CHMP7;WRN",-0.472861188862841,0.83051842769989
"AKT2;CHMP7",-0.455802590668623,0.83051842769989
"CHMP7;SRC",-0.444120966280952,0.83051842769989
"CHMP7;DNMT3B",-0.436871809378873,0.83051842769989
"APC;CHMP7",-0.464917916215225,0.83051842769989
"CHMP7;ERBB2",-0.463009760437954,0.83051842769989
"CHMP7;YAP1",-0.370723128876132,0.83051842769989
"CHMP7;PTPN11",-0.456213819234284,0.83051842769989
"CHEK1;CHMP7",-1.4732338972852,0.996820526247479
"CHMP7;JAK1",-0.431204566961023,0.83051842769989
"AKT1;MAPK9",-0.456748994029936,0.83051842769989
"BRD4;MAPK9",-0.427943382800405,0.83051842769989
"MAPK9;MYC",-1.60054345294092,0.996820526247479
"MAP2K1;MAPK9",-0.459459001277002,0.83051842769989
"MAPK1;MAPK9",-0.461817987821446,0.83051842769989
"MAPK9;WEE1",-0.864014917086286,0.864875045592771
"ARID1A;MAPK9",-0.427363171273991,0.83051842769989
"MAPK9;PRMT1",-1.37899335830178,0.996820526247479
"MAPK9;PARP1",-1.07605269479544,0.920518122661299
"MAPK9;PORCN",-0.444557443397964,0.83051842769989
"MAPK9;MDM2",-0.573551450658426,0.83051842769989
"EGFR;MAPK9",-0.499141033254362,0.83051842769989
"MAPK9;SMAD4",-0.429610399450804,0.83051842769989
"DNMT1;MAPK9",-0.585613952518313,0.83051842769989
"MAPK9;RAF1",-0.398329756782222,0.83051842769989
"CDK6;MAPK9",-0.821756812148221,0.85826452060764
"ATR;MAPK9",-0.864522539048435,0.864875045592771
"MAPK9;MCL1",-0.367473385004406,0.83051842769989
"BCL2;MAPK9",-0.636578789260466,0.83051842769989
"MAPK9;PRMT5",-0.777822431335374,0.855392982465961
"ATM;MAPK9",-0.46285668854784,0.83051842769989
"BCL2L1;MAPK9",-0.365971192465376,0.83051842769989
"KRAS;MAPK9",-0.384040114947947,0.83051842769989
"CDK4;MAPK9",-0.435254591168073,0.83051842769989
"CTNNB1;MAPK9",-1.02579944877922,0.91088444602324
"BRAF;MAPK9",-0.314450632716584,0.83051842769989
"MAP2K2;MAPK9",-0.457001823331786,0.83051842769989
"MAPK9;PIK3CA",-0.55816118360739,0.83051842769989
"IGF1R;MAPK9",-0.284659031731556,0.83051842769989
"MAPK9;TAZ",-0.404241059039518,0.83051842769989
"MAPK9;WRN",-0.353859207178724,0.83051842769989
"AKT2;MAPK9",-0.501778767678479,0.83051842769989
"MAPK9;SRC",-0.44888605745185,0.83051842769989
"DNMT3B;MAPK9",-0.543851100657215,0.83051842769989
"APC;MAPK9",-0.393782610601954,0.83051842769989
"ERBB2;MAPK9",-0.465229889240357,0.83051842769989
"MAPK9;YAP1",-0.442954489375566,0.83051842769989
"MAPK9;PTPN11",-0.404793352335647,0.83051842769989
"CHEK1;MAPK9",-1.51839243048574,0.996820526247479
"JAK1;MAPK9",-0.611519007582295,0.83051842769989
"AKT1;CCNG1",-0.37520965204237,0.83051842769989
"BRD4;CCNG1",-0.308752208407691,0.83051842769989
"CCNG1;MYC",-1.49025119268616,0.996820526247479
"CCNG1;MAP2K1",-0.24687411413772,0.83051842769989
"CCNG1;MAPK1",-0.344061617359921,0.83051842769989
"CCNG1;WEE1",-0.818907960768573,0.85826452060764
"ARID1A;CCNG1",-0.463082828602426,0.83051842769989
"CCNG1;PRMT1",-1.31528540418045,0.990388038192324
"CCNG1;PARP1",-1.08529101209954,0.922001026393481
"CCNG1;PORCN",-0.350805108111089,0.83051842769989
"CCNG1;MDM2",-0.483055999640846,0.83051842769989
"CCNG1;EGFR",-0.349460843626842,0.83051842769989
"CCNG1;SMAD4",-0.351869908907531,0.83051842769989
"CCNG1;DNMT1",-0.552436027453186,0.83051842769989
"CCNG1;RAF1",-0.336811427267221,0.83051842769989
"CCNG1;CDK6",-0.60888675093597,0.83051842769989
"ATR;CCNG1",-1.01499502132949,0.908210554192108
"CCNG1;MCL1",-0.169753020438219,0.83051842769989
"BCL2;CCNG1",-0.628199568246467,0.83051842769989
"CCNG1;PRMT5",-0.865552115142836,0.865027463644771
"ATM;CCNG1",-0.375622298396935,0.83051842769989
"BCL2L1;CCNG1",-0.35417862287344,0.83051842769989
"CCNG1;KRAS",-0.406038927302689,0.83051842769989
"CCNG1;CDK4",-0.283329613838718,0.83051842769989
"CCNG1;CTNNB1",-1.02739708166047,0.911081572852605
"BRAF;CCNG1",-0.234829615076955,0.83051842769989
"CCNG1;MAP2K2",-0.249178989967324,0.83051842769989
"CCNG1;PIK3CA",-0.416712476977904,0.83051842769989
"CCNG1;IGF1R",-0.353107629400217,0.83051842769989
"CCNG1;TAZ",-0.349018706840499,0.83051842769989
"CCNG1;WRN",-0.311966988132939,0.83051842769989
"AKT2;CCNG1",-0.507483855121201,0.83051842769989
"CCNG1;SRC",-0.293363909824514,0.83051842769989
"CCNG1;DNMT3B",-0.541138757813067,0.83051842769989
"APC;CCNG1",-0.323854723512077,0.83051842769989
"CCNG1;ERBB2",-0.294399843615686,0.83051842769989
"CCNG1;YAP1",-0.310227988329612,0.83051842769989
"CCNG1;PTPN11",-0.331116945717885,0.83051842769989
"CCNG1;CHEK1",-1.73256842781601,0.996820526247479
"CCNG1;JAK1",-0.585024880508232,0.83051842769989
"AKT1;SRPK1",-0.493359474733977,0.83051842769989
"BRD4;SRPK1",-0.426628103197585,0.83051842769989
"MYC;SRPK1",-1.61670110103272,0.996820526247479
"MAP2K1;SRPK1",-0.455028726015316,0.83051842769989
"MAPK1;SRPK1",-0.471454041603669,0.83051842769989
"SRPK1;WEE1",-0.9259041295986,0.882968608689344
"ARID1A;SRPK1",-0.407262116165047,0.83051842769989
"PRMT1;SRPK1",-1.20982155570029,0.961127132986929
"PARP1;SRPK1",-1.02832028012069,0.911251543949215
"PORCN;SRPK1",-0.480905272918164,0.83051842769989
"MDM2;SRPK1",-0.475972463306944,0.83051842769989
"EGFR;SRPK1",-0.520298710311793,0.83051842769989
"SMAD4;SRPK1",-0.458540551051822,0.83051842769989
"DNMT1;SRPK1",-0.502866827200871,0.83051842769989
"RAF1;SRPK1",-0.495929299505383,0.83051842769989
"CDK6;SRPK1",-0.803308075533999,0.857717789027838
"ATR;SRPK1",-0.948388333666897,0.8888325183172
"MCL1;SRPK1",-0.458032829062088,0.83051842769989
"BCL2;SRPK1",-0.553674303689885,0.83051842769989
"PRMT5;SRPK1",-0.76843290223691,0.853845484639868
"ATM;SRPK1",-0.489950353082901,0.83051842769989
"BCL2L1;SRPK1",-0.475254645503332,0.83051842769989
"KRAS;SRPK1",-0.44823814050645,0.83051842769989
"CDK4;SRPK1",-0.47802371188589,0.83051842769989
"CTNNB1;SRPK1",-0.970350628142076,0.895618409877648
"BRAF;SRPK1",-0.453057705413489,0.83051842769989
"MAP2K2;SRPK1",-0.401330367712709,0.83051842769989
"PIK3CA;SRPK1",-0.50229165445366,0.83051842769989
"IGF1R;SRPK1",-0.427131370509159,0.83051842769989
"SRPK1;TAZ",-0.484528339783849,0.83051842769989
"SRPK1;WRN",-0.382884657540443,0.83051842769989
"AKT2;SRPK1",-0.503265614019431,0.83051842769989
"SRC;SRPK1",-0.390282660068318,0.83051842769989
"DNMT3B;SRPK1",-0.506439387213198,0.83051842769989
"APC;SRPK1",-0.408090528710864,0.83051842769989
"ERBB2;SRPK1",-0.442592211293775,0.83051842769989
"SRPK1;YAP1",-0.481674647463738,0.83051842769989
"PTPN11;SRPK1",-0.442041558506622,0.83051842769989
"CHEK1;SRPK1",-1.74599139336768,0.996820526247479
"JAK1;SRPK1",-0.610092204025667,0.83051842769989
"AKT1;CEP55",-0.352763812983322,0.83051842769989
"BRD4;CEP55",-0.210711982763521,0.83051842769989
"CEP55;MYC",-1.42835179054267,0.996820526247479
"CEP55;MAP2K1",-0.0753328275910306,0.83051842769989
"CEP55;MAPK1",-0.246517696530178,0.83051842769989
"CEP55;WEE1",-0.672674792484075,0.83197940270897
"ARID1A;CEP55",-0.306804724374967,0.83051842769989
"CEP55;PRMT1",-1.23791945444629,0.970994147446626
"CEP55;PARP1",-1.11589793274428,0.924896231395191
"CEP55;PORCN",-0.271932549486765,0.83051842769989
"CEP55;MDM2",-0.503800300311446,0.83051842769989
"CEP55;EGFR",-0.470159384098606,0.83051842769989
"CEP55;SMAD4",-0.146152243100042,0.83051842769989
"CEP55;DNMT1",-0.616808885212178,0.83051842769989
"CEP55;RAF1",-0.217692366265176,0.83051842769989
"CDK6;CEP55",-0.679979448990981,0.834226888167053
"ATR;CEP55",-1.08340744248571,0.922001026393481
"CEP55;MCL1",-0.0242123409812933,0.83051842769989
"BCL2;CEP55",-0.492180049626234,0.83051842769989
"CEP55;PRMT5",-0.838855619147617,0.860372130595238
"ATM;CEP55",-0.370233798158397,0.83051842769989
"BCL2L1;CEP55",-0.334117443460116,0.83051842769989
"CEP55;KRAS",-0.416170348917664,0.83051842769989
"CDK4;CEP55",-0.153214484872039,0.83051842769989
"CEP55;CTNNB1",-0.974966160205603,0.897047041837523
"BRAF;CEP55",-0.0314567804546768,0.83051842769989
"CEP55;MAP2K2",-0.0930785204762252,0.83051842769989
"CEP55;PIK3CA",-0.543053741923101,0.83051842769989
"CEP55;IGF1R",-0.346513064701842,0.83051842769989
"CEP55;TAZ",-0.181679807432921,0.83051842769989
"CEP55;WRN",-0.243283914798412,0.83051842769989
"AKT2;CEP55",-0.43038194440761,0.83051842769989
"CEP55;SRC",-0.0292614779180167,0.83051842769989
"CEP55;DNMT3B",-0.351436729977532,0.83051842769989
"APC;CEP55",-0.225494443677968,0.83051842769989
"CEP55;ERBB2",-0.0957635948047802,0.83051842769989
"CEP55;YAP1",-0.16522969504761,0.83051842769989
"CEP55;PTPN11",-0.132104479063728,0.83051842769989
"CEP55;CHEK1",-1.78814333368079,0.996820526247479
"CEP55;JAK1",-0.603760503901526,0.83051842769989
"AKT1;WNK1",-0.486624343440258,0.83051842769989
"BRD4;WNK1",-0.431816497238286,0.83051842769989
"MYC;WNK1",-1.57317777279054,0.996820526247479
"MAP2K1;WNK1",-0.37509507086218,0.83051842769989
"MAPK1;WNK1",-0.487552409908223,0.83051842769989
"WEE1;WNK1",-0.782838903227228,0.855443174457673
"ARID1A;WNK1",-0.423777599756021,0.83051842769989
"PRMT1;WNK1",-1.29512724944151,0.986392574206599
"PARP1;WNK1",-1.07745729171114,0.920992518509512
"PORCN;WNK1",-0.333828936436146,0.83051842769989
"MDM2;WNK1",-0.58219159460145,0.83051842769989
"EGFR;WNK1",-0.507305152661171,0.83051842769989
"SMAD4;WNK1",-0.458257629909483,0.83051842769989
"DNMT1;WNK1",-0.613591972897789,0.83051842769989
"RAF1;WNK1",-0.437076907479498,0.83051842769989
"CDK6;WNK1",-0.705935843119507,0.841240651368057
"ATR;WNK1",-0.999886741509598,0.904290736425682
"MCL1;WNK1",-0.444359976387226,0.83051842769989
"BCL2;WNK1",-0.574493748751409,0.83051842769989
"PRMT5;WNK1",-0.780242000673892,0.855392982465961
"ATM;WNK1",-0.489736636785842,0.83051842769989
"BCL2L1;WNK1",-0.44329673593204,0.83051842769989
"KRAS;WNK1",-0.416278092539937,0.83051842769989
"CDK4;WNK1",-0.448045029239676,0.83051842769989
"CTNNB1;WNK1",-1.04513406392055,0.913701590084969
"BRAF;WNK1",-0.393083180843868,0.83051842769989
"MAP2K2;WNK1",-0.46756008640576,0.83051842769989
"PIK3CA;WNK1",-0.513541758993417,0.83051842769989
"IGF1R;WNK1",-0.476679953881051,0.83051842769989
"TAZ;WNK1",-0.352963986436095,0.83051842769989
"WNK1;WRN",-0.45052363753301,0.83051842769989
"AKT2;WNK1",-0.530310515149588,0.83051842769989
"SRC;WNK1",-0.441350313514762,0.83051842769989
"DNMT3B;WNK1",-0.49134041904994,0.83051842769989
"APC;WNK1",-0.483824170710346,0.83051842769989
"ERBB2;WNK1",-0.475561871189915,0.83051842769989
"WNK1;YAP1",-0.407069744929187,0.83051842769989
"PTPN11;WNK1",-0.396234164644108,0.83051842769989
"CHEK1;WNK1",-1.650153274509,0.996820526247479
"JAK1;WNK1",-0.481322360854863,0.83051842769989
"ABCB1;AKT1",-0.379444586127615,0.83051842769989
"ABCB1;BRD4",-0.226169659206508,0.83051842769989
"ABCB1;MYC",-1.62579576636132,0.996820526247479
"ABCB1;MAP2K1",-0.0814076584204811,0.83051842769989
"ABCB1;MAPK1",-0.113399799627557,0.83051842769989
"ABCB1;WEE1",-0.737952391096333,0.848217221271805
"ABCB1;ARID1A",-0.461482325968949,0.83051842769989
"ABCB1;PRMT1",-1.25066775960697,0.974592876995792
"ABCB1;PARP1",-1.08872887096704,0.922032270037093
"ABCB1;PORCN",-0.328222755981007,0.83051842769989
"ABCB1;MDM2",-0.58224076722682,0.83051842769989
"ABCB1;EGFR",-0.495162020343643,0.83051842769989
"ABCB1;SMAD4",-0.243495464231151,0.83051842769989
"ABCB1;DNMT1",-0.606116085790125,0.83051842769989
"ABCB1;RAF1",-0.266105522752646,0.83051842769989
"ABCB1;CDK6",-0.685526873667825,0.835333570076776
"ABCB1;ATR",-1.12583756344979,0.925279176379424
"ABCB1;MCL1",-0.0231755308971258,0.83051842769989
"ABCB1;BCL2",-0.663542414527756,0.83051842769989
"ABCB1;PRMT5",-0.771662324295399,0.854333222750557
"ABCB1;ATM",-0.36023575019157,0.83051842769989
"ABCB1;BCL2L1",-0.334780299962517,0.83051842769989
"ABCB1;KRAS",-0.408664291496191,0.83051842769989
"ABCB1;CDK4",-0.107507661399291,0.83051842769989
"ABCB1;CTNNB1",-1.01867454946085,0.90935463268898
"ABCB1;BRAF",-0.0300405626565245,0.83051842769989
"ABCB1;MAP2K2",0.00487452610250383,0.83051842769989
"ABCB1;PIK3CA",-0.413970948007854,0.83051842769989
"ABCB1;IGF1R",-0.353054898788629,0.83051842769989
"ABCB1;TAZ",-0.107874591219164,0.83051842769989
"ABCB1;WRN",-0.260765407852398,0.83051842769989
"ABCB1;AKT2",-0.52703328717595,0.83051842769989
"ABCB1;SRC",-0.167506267783527,0.83051842769989
"ABCB1;DNMT3B",-0.539554448393101,0.83051842769989
"ABCB1;APC",-0.177915508018004,0.83051842769989
"ABCB1;ERBB2",-0.127038036546469,0.83051842769989
"ABCB1;YAP1",-0.324075596617488,0.83051842769989
"ABCB1;PTPN11",-0.0511880584122924,0.83051842769989
"ABCB1;CHEK1",-1.71777393601803,0.996820526247479
"ABCB1;JAK1",-0.597867125346681,0.83051842769989
"AKT1;EAPP",-0.326194924450767,0.83051842769989
"BRD4;EAPP",-0.223875145824463,0.83051842769989
"EAPP;MYC",-1.56651949105503,0.996820526247479
"EAPP;MAP2K1",-0.19233289266388,0.83051842769989
"EAPP;MAPK1",-0.214358525443615,0.83051842769989
"EAPP;WEE1",-0.709666502058546,0.841953357183135
"ARID1A;EAPP",-0.454662803986709,0.83051842769989
"EAPP;PRMT1",-1.12839269546977,0.926217301664784
"EAPP;PARP1",-1.1013854834862,0.923452397685076
"EAPP;PORCN",-0.290387744834942,0.83051842769989
"EAPP;MDM2",-0.428842006428186,0.83051842769989
"EAPP;EGFR",-0.434922801198106,0.83051842769989
"EAPP;SMAD4",-0.274061424995467,0.83051842769989
"DNMT1;EAPP",-0.455933630411607,0.83051842769989
"EAPP;RAF1",-0.198466591240581,0.83051842769989
"CDK6;EAPP",-0.745373614317298,0.850140758604463
"ATR;EAPP",-1.09579773480255,0.92317363085918
"EAPP;MCL1",-0.198742462128339,0.83051842769989
"BCL2;EAPP",-0.608715655274002,0.83051842769989
"EAPP;PRMT5",-0.815090126273386,0.858150763100959
"ATM;EAPP",-0.340596414191259,0.83051842769989
"BCL2L1;EAPP",-0.303904436951894,0.83051842769989
"EAPP;KRAS",-0.464746110941488,0.83051842769989
"CDK4;EAPP",-0.0799229172151293,0.83051842769989
"CTNNB1;EAPP",-1.03216408430232,0.912258022152098
"BRAF;EAPP",-0.20665436114944,0.83051842769989
"EAPP;MAP2K2",-0.211901405057822,0.83051842769989
"EAPP;PIK3CA",-0.551387528340508,0.83051842769989
"EAPP;IGF1R",-0.266862683910248,0.83051842769989
"EAPP;TAZ",-0.19344042040673,0.83051842769989
"EAPP;WRN",-0.304035676914799,0.83051842769989
"AKT2;EAPP",-0.547046488282976,0.83051842769989
"EAPP;SRC",-0.16769632732511,0.83051842769989
"DNMT3B;EAPP",-0.483451266679347,0.83051842769989
"APC;EAPP",-0.223691099432959,0.83051842769989
"EAPP;ERBB2",-0.161378132415315,0.83051842769989
"EAPP;YAP1",-0.274546247937668,0.83051842769989
"EAPP;PTPN11",-0.172864262306328,0.83051842769989
"CHEK1;EAPP",-1.64514086940426,0.996820526247479
"EAPP;JAK1",-0.602367000615257,0.83051842769989
"AKT1;LIMK1",-0.290423100827034,0.83051842769989
"BRD4;LIMK1",-0.186058889089117,0.83051842769989
"LIMK1;MYC",-1.44783449319066,0.996820526247479
"LIMK1;MAP2K1",-0.0490875377697317,0.83051842769989
"LIMK1;MAPK1",-0.236701443783566,0.83051842769989
"LIMK1;WEE1",-0.794672433620479,0.857092806306478
"ARID1A;LIMK1",-0.383807345124112,0.83051842769989
"LIMK1;PRMT1",-1.22538163581895,0.966670428413245
"LIMK1;PARP1",-1.12340707797387,0.924916103508183
"LIMK1;PORCN",-0.339503331200553,0.83051842769989
"LIMK1;MDM2",-0.536725127362212,0.83051842769989
"EGFR;LIMK1",-0.471142674313091,0.83051842769989
"LIMK1;SMAD4",-0.365054963687065,0.83051842769989
"DNMT1;LIMK1",-0.573061149226359,0.83051842769989
"LIMK1;RAF1",-0.199309036559858,0.83051842769989
"CDK6;LIMK1",-0.727602904999209,0.845738990547818
"ATR;LIMK1",-1.09054884772354,0.922413808186972
"LIMK1;MCL1",-0.0727249435175813,0.83051842769989
"BCL2;LIMK1",-0.631648792053819,0.83051842769989
"LIMK1;PRMT5",-0.798998000593798,0.857292527748453
"ATM;LIMK1",-0.400524849929509,0.83051842769989
"BCL2L1;LIMK1",-0.264078276793741,0.83051842769989
"KRAS;LIMK1",-0.386315618532002,0.83051842769989
"CDK4;LIMK1",-0.0735052041462818,0.83051842769989
"CTNNB1;LIMK1",-0.95179644693779,0.889770464871048
"BRAF;LIMK1",0.0026782103812664,0.83051842769989
"LIMK1;MAP2K2",0.0103525045327494,0.83051842769989
"LIMK1;PIK3CA",-0.413056756555581,0.83051842769989
"IGF1R;LIMK1",-0.310587445346097,0.83051842769989
"LIMK1;TAZ",-0.197634341788626,0.83051842769989
"LIMK1;WRN",-0.297615314082294,0.83051842769989
"AKT2;LIMK1",-0.563073037118352,0.83051842769989
"LIMK1;SRC",-0.167178156317798,0.83051842769989
"DNMT3B;LIMK1",-0.504171509680376,0.83051842769989
"APC;LIMK1",-0.196820053644166,0.83051842769989
"ERBB2;LIMK1",-0.0387279393092645,0.83051842769989
"LIMK1;YAP1",-0.307126343692429,0.83051842769989
"LIMK1;PTPN11",0.000467904147255727,0.83051842769989
"CHEK1;LIMK1",-1.77327769032518,0.996820526247479
"JAK1;LIMK1",-0.594974370154528,0.83051842769989
"AKT1;JTB",-0.33558676245164,0.83051842769989
"BRD4;JTB",-0.210946454022344,0.83051842769989
"JTB;MYC",-1.60215287755659,0.996820526247479
"JTB;MAP2K1",-0.108574860200783,0.83051842769989
"JTB;MAPK1",-0.234078495750125,0.83051842769989
"JTB;WEE1",-0.805857388010357,0.858021592787815
"ARID1A;JTB",-0.375678428535403,0.83051842769989
"JTB;PRMT1",-1.31771646227134,0.990734165867411
"JTB;PARP1",-1.04627264331404,0.913937683631205
"JTB;PORCN",-0.217998836214021,0.83051842769989
"JTB;MDM2",-0.447906645868122,0.83051842769989
"EGFR;JTB",-0.470660381526247,0.83051842769989
"JTB;SMAD4",-0.309603094673257,0.83051842769989
"DNMT1;JTB",-0.605789983860269,0.83051842769989
"JTB;RAF1",-0.261647682068823,0.83051842769989
"CDK6;JTB",-0.521901735022502,0.83051842769989
"ATR;JTB",-1.01656587074272,0.908873837509189
"JTB;MCL1",0.0699124905587757,0.83051842769989
"BCL2;JTB",-0.628588919112419,0.83051842769989
"JTB;PRMT5",-0.815551754628631,0.858150763100959
"ATM;JTB",-0.316912505704688,0.83051842769989
"BCL2L1;JTB",-0.273475495336093,0.83051842769989
"JTB;KRAS",-0.375475499215861,0.83051842769989
"CDK4;JTB",-0.115278057715017,0.83051842769989
"CTNNB1;JTB",-1.03905738881251,0.913419946253691
"BRAF;JTB",-0.0158301716195409,0.83051842769989
"JTB;MAP2K2",-0.160989197169573,0.83051842769989
"JTB;PIK3CA",-0.47235769762813,0.83051842769989
"IGF1R;JTB",-0.297963134553899,0.83051842769989
"JTB;TAZ",-0.160506597754929,0.83051842769989
"JTB;WRN",-0.251715750717685,0.83051842769989
"AKT2;JTB",-0.554148540602454,0.83051842769989
"JTB;SRC",-0.167969402466332,0.83051842769989
"DNMT3B;JTB",-0.448766061898858,0.83051842769989
"APC;JTB",-0.243477552488003,0.83051842769989
"ERBB2;JTB",-0.0548046801001796,0.83051842769989
"JTB;YAP1",-0.301662949903839,0.83051842769989
"JTB;PTPN11",-0.17537456090719,0.83051842769989
"CHEK1;JTB",-1.66977389731946,0.996820526247479
"JAK1;JTB",-0.550998011287114,0.83051842769989
"AKT1;PIK3R3",-0.363668394033786,0.83051842769989
"BRD4;PIK3R3",-0.224339525485694,0.83051842769989
"MYC;PIK3R3",-1.57098667885903,0.996820526247479
"MAP2K1;PIK3R3",-0.225091255274828,0.83051842769989
"MAPK1;PIK3R3",-0.208160597617358,0.83051842769989
"PIK3R3;WEE1",-0.94287094712286,0.887560092113351
"ARID1A;PIK3R3",-0.388092606285081,0.83051842769989
"PIK3R3;PRMT1",-1.24498398537137,0.972997066457821
"PARP1;PIK3R3",-1.12192904009577,0.924916103508183
"PIK3R3;PORCN",-0.35246422434712,0.83051842769989
"MDM2;PIK3R3",-0.52184036058295,0.83051842769989
"EGFR;PIK3R3",-0.499346515620731,0.83051842769989
"PIK3R3;SMAD4",-0.306528122445617,0.83051842769989
"DNMT1;PIK3R3",-0.485121555061246,0.83051842769989
"PIK3R3;RAF1",-0.276349701393679,0.83051842769989
"CDK6;PIK3R3",-0.613518155305194,0.83051842769989
"ATR;PIK3R3",-0.981547201663081,0.898713045290899
"MCL1;PIK3R3",-0.240896853044819,0.83051842769989
"BCL2;PIK3R3",-0.579513741949532,0.83051842769989
"PIK3R3;PRMT5",-0.748892891425803,0.850699071344219
"ATM;PIK3R3",-0.401410679966102,0.83051842769989
"BCL2L1;PIK3R3",-0.274934616693041,0.83051842769989
"KRAS;PIK3R3",-0.430005193284616,0.83051842769989
"CDK4;PIK3R3",-0.223468739444814,0.83051842769989
"CTNNB1;PIK3R3",-0.872260177892343,0.866255591032839
"BRAF;PIK3R3",-0.180244572239231,0.83051842769989
"MAP2K2;PIK3R3",-0.229124238331172,0.83051842769989
"PIK3CA;PIK3R3",-0.566075370109995,0.83051842769989
"IGF1R;PIK3R3",-0.287869048544732,0.83051842769989
"PIK3R3;TAZ",-0.175166973091717,0.83051842769989
"PIK3R3;WRN",-0.301028403386116,0.83051842769989
"AKT2;PIK3R3",-0.487570176230178,0.83051842769989
"PIK3R3;SRC",-0.194430922061811,0.83051842769989
"DNMT3B;PIK3R3",-0.50726489705713,0.83051842769989
"APC;PIK3R3",-0.220883647137476,0.83051842769989
"ERBB2;PIK3R3",-0.220115425251745,0.83051842769989
"PIK3R3;YAP1",-0.276964656787326,0.83051842769989
"PIK3R3;PTPN11",-0.194467552315455,0.83051842769989
"CHEK1;PIK3R3",-1.71900257226395,0.996820526247479
"JAK1;PIK3R3",-0.592061525587286,0.83051842769989
"AKT1;NR3C2",-0.437494083751576,0.83051842769989
"BRD4;NR3C2",-0.505996562871776,0.83051842769989
"MYC;NR3C2",-1.44617956399461,0.996820526247479
"MAP2K1;NR3C2",-0.498987111263996,0.83051842769989
"MAPK1;NR3C2",-0.50047388322735,0.83051842769989
"NR3C2;WEE1",-0.905645114198457,0.876858573144609
"ARID1A;NR3C2",-0.461212198333097,0.83051842769989
"NR3C2;PRMT1",-1.28939742305103,0.98520926133711
"NR3C2;PARP1",-1.11611547070964,0.924896231395191
"NR3C2;PORCN",-0.498445249653813,0.83051842769989
"MDM2;NR3C2",-0.574807241978269,0.83051842769989
"EGFR;NR3C2",-0.513054683316035,0.83051842769989
"NR3C2;SMAD4",-0.521047844011094,0.83051842769989
"DNMT1;NR3C2",-0.554461380125826,0.83051842769989
"NR3C2;RAF1",-0.518149734431038,0.83051842769989
"CDK6;NR3C2",-0.76118096551161,0.85327661026927
"ATR;NR3C2",-0.851063959042999,0.863082816599217
"MCL1;NR3C2",-0.524139473809128,0.83051842769989
"BCL2;NR3C2",-0.612074806383295,0.83051842769989
"NR3C2;PRMT5",-0.751250726315557,0.851147158300069
"ATM;NR3C2",-0.520406196851413,0.83051842769989
"BCL2L1;NR3C2",-0.527619772640977,0.83051842769989
"KRAS;NR3C2",-0.521300027012468,0.83051842769989
"CDK4;NR3C2",-0.504947769616095,0.83051842769989
"CTNNB1;NR3C2",-1.02938485742155,0.911469307593339
"BRAF;NR3C2",-0.455500700303075,0.83051842769989
"MAP2K2;NR3C2",-0.450356353390997,0.83051842769989
"NR3C2;PIK3CA",-0.522817365515588,0.83051842769989
"IGF1R;NR3C2",-0.504381833813893,0.83051842769989
"NR3C2;TAZ",-0.476479094982652,0.83051842769989
"NR3C2;WRN",-0.435017151713326,0.83051842769989
"AKT2;NR3C2",-0.496728047206551,0.83051842769989
"NR3C2;SRC",-0.491802816541447,0.83051842769989
"DNMT3B;NR3C2",-0.508406204832093,0.83051842769989
"APC;NR3C2",-0.518674619895368,0.83051842769989
"ERBB2;NR3C2",-0.511155203735222,0.83051842769989
"NR3C2;YAP1",-0.438254032226001,0.83051842769989
"NR3C2;PTPN11",-0.445937409085497,0.83051842769989
"CHEK1;NR3C2",-1.5463931579902,0.996820526247479
"JAK1;NR3C2",-0.527340014589945,0.83051842769989
"AKT1;IRAK2",-0.327509507016249,0.83051842769989
"BRD4;IRAK2",-0.322464237600202,0.83051842769989
"IRAK2;MYC",-1.63188218206164,0.996820526247479
"IRAK2;MAP2K1",-0.272348939630056,0.83051842769989
"IRAK2;MAPK1",-0.315987245079068,0.83051842769989
"IRAK2;WEE1",-0.869773318539752,0.865657042978117
"ARID1A;IRAK2",-0.479700318942165,0.83051842769989
"IRAK2;PRMT1",-1.36694857337931,0.996820526247479
"IRAK2;PARP1",-1.11011697741912,0.924121252169155
"IRAK2;PORCN",-0.310279962923707,0.83051842769989
"IRAK2;MDM2",-0.58610793414861,0.83051842769989
"EGFR;IRAK2",-0.452186290071848,0.83051842769989
"IRAK2;SMAD4",-0.363828801231605,0.83051842769989
"DNMT1;IRAK2",-0.575534343845523,0.83051842769989
"IRAK2;RAF1",-0.334840144660944,0.83051842769989
"CDK6;IRAK2",-0.804187271780784,0.857723760949488
"ATR;IRAK2",-1.12159540454565,0.924916103508183
"IRAK2;MCL1",-0.320740253524868,0.83051842769989
"BCL2;IRAK2",-0.656312571655432,0.83051842769989
"IRAK2;PRMT5",-0.689039439085176,0.836553028488806
"ATM;IRAK2",-0.366562778278664,0.83051842769989
"BCL2L1;IRAK2",-0.324764087452861,0.83051842769989
"IRAK2;KRAS",-0.397291174174824,0.83051842769989
"CDK4;IRAK2",-0.258802122400534,0.83051842769989
"CTNNB1;IRAK2",-1.00409103356688,0.905162702593527
"BRAF;IRAK2",-0.331195146306869,0.83051842769989
"IRAK2;MAP2K2",-0.230638852748598,0.83051842769989
"IRAK2;PIK3CA",-0.530142889349201,0.83051842769989
"IGF1R;IRAK2",-0.282856080764691,0.83051842769989
"IRAK2;TAZ",-0.302862476640607,0.83051842769989
"IRAK2;WRN",-0.276437607479897,0.83051842769989
"AKT2;IRAK2",-0.537982031604118,0.83051842769989
"IRAK2;SRC",-0.313980958843292,0.83051842769989
"DNMT3B;IRAK2",-0.502855212861679,0.83051842769989
"APC;IRAK2",-0.33503758855173,0.83051842769989
"ERBB2;IRAK2",-0.301824999708647,0.83051842769989
"IRAK2;YAP1",-0.328110013825022,0.83051842769989
"IRAK2;PTPN11",-0.276181664749103,0.83051842769989
"CHEK1;IRAK2",-1.78734581827757,0.996820526247479
"IRAK2;JAK1",-0.61523698138349,0.83051842769989
"AKT1;SKIL",-0.299949388998113,0.83051842769989
"BRD4;SKIL",-0.233739279504476,0.83051842769989
"MYC;SKIL",-1.64092654526411,0.996820526247479
"MAP2K1;SKIL",-0.168651611809051,0.83051842769989
"MAPK1;SKIL",-0.228609966469448,0.83051842769989
"SKIL;WEE1",-0.808542279488446,0.858145437136202
"ARID1A;SKIL",-0.414920578919714,0.83051842769989
"PRMT1;SKIL",-1.34254145811732,0.994803001460787
"PARP1;SKIL",-1.03894768296733,0.913419946253691
"PORCN;SKIL",-0.229466312756373,0.83051842769989
"MDM2;SKIL",-0.553423345395668,0.83051842769989
"EGFR;SKIL",-0.497928536129209,0.83051842769989
"SKIL;SMAD4",-0.276012645446783,0.83051842769989
"DNMT1;SKIL",-0.600055411905286,0.83051842769989
"RAF1;SKIL",-0.25652647625515,0.83051842769989
"CDK6;SKIL",-0.813761336790309,0.858150763100959
"ATR;SKIL",-1.02087220630551,0.90945268130001
"MCL1;SKIL",-0.213101786037736,0.83051842769989
"BCL2;SKIL",-0.584777973738861,0.83051842769989
"PRMT5;SKIL",-0.845155332455008,0.861446481967918
"ATM;SKIL",-0.398665508732409,0.83051842769989
"BCL2L1;SKIL",-0.344387081558426,0.83051842769989
"KRAS;SKIL",-0.381705790862987,0.83051842769989
"CDK4;SKIL",-0.241127124126045,0.83051842769989
"CTNNB1;SKIL",-0.997502943544148,0.903761676856858
"BRAF;SKIL",-0.240871483691043,0.83051842769989
"MAP2K2;SKIL",-0.175110144774345,0.83051842769989
"PIK3CA;SKIL",-0.545765077072229,0.83051842769989
"IGF1R;SKIL",-0.292246318103076,0.83051842769989
"SKIL;TAZ",-0.200361600266444,0.83051842769989
"SKIL;WRN",-0.227190427281939,0.83051842769989
"AKT2;SKIL",-0.555974484099173,0.83051842769989
"SKIL;SRC",-0.212307807682619,0.83051842769989
"DNMT3B;SKIL",-0.513764909689364,0.83051842769989
"APC;SKIL",-0.179301972331883,0.83051842769989
"ERBB2;SKIL",-0.206933788957336,0.83051842769989
"SKIL;YAP1",-0.289729926092029,0.83051842769989
"PTPN11;SKIL",-0.210089951423775,0.83051842769989
"CHEK1;SKIL",-1.75796994476805,0.996820526247479
"JAK1;SKIL",-0.588435573515563,0.83051842769989
"AKT1;SKP2",-0.38322723541561,0.83051842769989
"BRD4;SKP2",-0.400243646676658,0.83051842769989
"MYC;SKP2",-1.59217891680262,0.996820526247479
"MAP2K1;SKP2",-0.381634001395079,0.83051842769989
"MAPK1;SKP2",-0.376690102765438,0.83051842769989
"SKP2;WEE1",-0.775438107632484,0.855315764142256
"ARID1A;SKP2",-0.44673587798592,0.83051842769989
"PRMT1;SKP2",-1.12951882045033,0.926739989209057
"PARP1;SKP2",-1.01956714888271,0.90935463268898
"PORCN;SKP2",-0.411187088416495,0.83051842769989
"MDM2;SKP2",-0.522236484915619,0.83051842769989
"EGFR;SKP2",-0.480437414353837,0.83051842769989
"SKP2;SMAD4",-0.287840234274107,0.83051842769989
"DNMT1;SKP2",-0.60158005646482,0.83051842769989
"RAF1;SKP2",-0.350155310175017,0.83051842769989
"CDK6;SKP2",-0.72691625827951,0.845738990547818
"ATR;SKP2",-0.909194814547634,0.877823109048683
"MCL1;SKP2",-0.403608115731073,0.83051842769989
"BCL2;SKP2",-0.65213528494371,0.83051842769989
"PRMT5;SKP2",-0.828569677662865,0.85856328219166
"ATM;SKP2",-0.41776781265967,0.83051842769989
"BCL2L1;SKP2",-0.421579337326495,0.83051842769989
"KRAS;SKP2",-0.412053173335617,0.83051842769989
"CDK4;SKP2",-0.401185761049574,0.83051842769989
"CTNNB1;SKP2",-0.993176339248846,0.902755941389041
"BRAF;SKP2",-0.377164836243899,0.83051842769989
"MAP2K2;SKP2",-0.367726467768223,0.83051842769989
"PIK3CA;SKP2",-0.538397472017633,0.83051842769989
"IGF1R;SKP2",-0.414938255434219,0.83051842769989
"SKP2;TAZ",-0.35522878880497,0.83051842769989
"SKP2;WRN",-0.408304332377916,0.83051842769989
"AKT2;SKP2",-0.567054759670046,0.83051842769989
"SKP2;SRC",-0.424514149095696,0.83051842769989
"DNMT3B;SKP2",-0.46040938218632,0.83051842769989
"APC;SKP2",-0.372422434616407,0.83051842769989
"ERBB2;SKP2",-0.41120494394962,0.83051842769989
"SKP2;YAP1",-0.414109709119952,0.83051842769989
"PTPN11;SKP2",-0.422267939281297,0.83051842769989
"CHEK1;SKP2",-1.46334702334962,0.996820526247479
"JAK1;SKP2",-0.585454990460596,0.83051842769989
"AKT1;MINK1",-0.326087147588982,0.83051842769989
"BRD4;MINK1",-0.260637361567826,0.83051842769989
"MINK1;MYC",-1.60846071089581,0.996820526247479
"MAP2K1;MINK1",-0.385672927956656,0.83051842769989
"MAPK1;MINK1",-0.297113582934135,0.83051842769989
"MINK1;WEE1",-0.789225389756523,0.856082148082865
"ARID1A;MINK1",-0.387986753099894,0.83051842769989
"MINK1;PRMT1",-1.39066925603547,0.996820526247479
"MINK1;PARP1",-1.11358992848711,0.924578135499995
"MINK1;PORCN",-0.303289155456829,0.83051842769989
"MDM2;MINK1",-0.58969707438561,0.83051842769989
"EGFR;MINK1",-0.519927808335208,0.83051842769989
"MINK1;SMAD4",-0.320872672107248,0.83051842769989
"DNMT1;MINK1",-0.574861467065307,0.83051842769989
"MINK1;RAF1",-0.388211927562239,0.83051842769989
"CDK6;MINK1",-0.749383906557778,0.850735461509962
"ATR;MINK1",-0.895911362581736,0.874024190830586
"MCL1;MINK1",-0.348324618492908,0.83051842769989
"BCL2;MINK1",-0.570390674288924,0.83051842769989
"MINK1;PRMT5",-0.821825675241913,0.85826452060764
"ATM;MINK1",-0.330041456673523,0.83051842769989
"BCL2L1;MINK1",-0.204499586032674,0.83051842769989
"KRAS;MINK1",-0.463851252081129,0.83051842769989
"CDK4;MINK1",-0.324886749110801,0.83051842769989
"CTNNB1;MINK1",-1.03949400478045,0.913419946253691
"BRAF;MINK1",-0.360496174259773,0.83051842769989
"MAP2K2;MINK1",-0.319738141288493,0.83051842769989
"MINK1;PIK3CA",-0.565911814425229,0.83051842769989
"IGF1R;MINK1",-0.389655198533133,0.83051842769989
"MINK1;TAZ",-0.36039688496662,0.83051842769989
"MINK1;WRN",-0.29641735454271,0.83051842769989
"AKT2;MINK1",-0.561361282847507,0.83051842769989
"MINK1;SRC",-0.387450426202544,0.83051842769989
"DNMT3B;MINK1",-0.514109152676545,0.83051842769989
"APC;MINK1",-0.370321375350187,0.83051842769989
"ERBB2;MINK1",-0.368935888480819,0.83051842769989
"MINK1;YAP1",-0.363388966445552,0.83051842769989
"MINK1;PTPN11",-0.366552505730628,0.83051842769989
"CHEK1;MINK1",-1.7314352542294,0.996820526247479
"JAK1;MINK1",-0.532990818330554,0.83051842769989
"ABL1;AKT1",-0.305169870320451,0.83051842769989
"ABL1;BRD4",-0.148327711923575,0.83051842769989
"ABL1;MYC",-1.53281966151243,0.996820526247479
"ABL1;MAP2K1",-0.135948804647475,0.83051842769989
"ABL1;MAPK1",-0.238842410634673,0.83051842769989
"ABL1;WEE1",-0.910888768212435,0.878439804587477
"ABL1;ARID1A",-0.407012969434211,0.83051842769989
"ABL1;PRMT1",-1.36581897837709,0.996820526247479
"ABL1;PARP1",-1.11129283154636,0.924121252169155
"ABL1;PORCN",-0.286087719067555,0.83051842769989
"ABL1;MDM2",-0.504085708235395,0.83051842769989
"ABL1;EGFR",-0.435385122464596,0.83051842769989
"ABL1;SMAD4",-0.327409178234127,0.83051842769989
"ABL1;DNMT1",-0.558130687255367,0.83051842769989
"ABL1;RAF1",-0.21086993920301,0.83051842769989
"ABL1;CDK6",-0.663965664857321,0.83051842769989
"ABL1;ATR",-0.832939569026261,0.858741175544617
"ABL1;MCL1",-0.20353837796105,0.83051842769989
"ABL1;BCL2",-0.632953966465861,0.83051842769989
"ABL1;PRMT5",-0.719123763187164,0.84410788938019
"ABL1;ATM",-0.39321068809306,0.83051842769989
"ABL1;BCL2L1",-0.334820421578636,0.83051842769989
"ABL1;KRAS",-0.41781459266559,0.83051842769989
"ABL1;CDK4",-0.186500596504074,0.83051842769989
"ABL1;CTNNB1",-1.01113526368045,0.907229168984423
"ABL1;BRAF",0.013011611688247,0.83051842769989
"ABL1;MAP2K2",-0.174286787567262,0.83051842769989
"ABL1;PIK3CA",-0.566788732843241,0.83051842769989
"ABL1;IGF1R",-0.350508186763087,0.83051842769989
"ABL1;TAZ",-0.15435536474239,0.83051842769989
"ABL1;WRN",-0.291346373184555,0.83051842769989
"ABL1;AKT2",-0.542206562134074,0.83051842769989
"ABL1;SRC",-0.180768580589768,0.83051842769989
"ABL1;DNMT3B",-0.445120962466162,0.83051842769989
"ABL1;APC",-0.227105983651806,0.83051842769989
"ABL1;ERBB2",-0.203196343604018,0.83051842769989
"ABL1;YAP1",-0.323752661394214,0.83051842769989
"ABL1;PTPN11",-0.16760627666904,0.83051842769989
"ABL1;CHEK1",-1.70280935376776,0.996820526247479
"ABL1;JAK1",-0.559621961374245,0.83051842769989
"AKT1;CDK19",-0.330296711922823,0.83051842769989
"BRD4;CDK19",-0.277997112173914,0.83051842769989
"CDK19;MYC",-1.33509952170649,0.993998890334548
"CDK19;MAP2K1",-0.275096744949315,0.83051842769989
"CDK19;MAPK1",-0.213011848382881,0.83051842769989
"CDK19;WEE1",-0.792095313946129,0.856844608927936
"ARID1A;CDK19",-0.425479446036223,0.83051842769989
"CDK19;PRMT1",-1.29728739822518,0.986839871872147
"CDK19;PARP1",-1.06416553940629,0.9182116807466
"CDK19;PORCN",-0.354938848827319,0.83051842769989
"CDK19;MDM2",-0.532199248729776,0.83051842769989
"CDK19;EGFR",-0.472155867093972,0.83051842769989
"CDK19;SMAD4",-0.354661481806205,0.83051842769989
"CDK19;DNMT1",-0.612603459903662,0.83051842769989
"CDK19;RAF1",-0.280318853250463,0.83051842769989
"CDK19;CDK6",-0.769535238260009,0.854104319555729
"ATR;CDK19",-1.02425700752882,0.910304267813226
"CDK19;MCL1",-0.165022754828622,0.83051842769989
"BCL2;CDK19",-0.639152630018101,0.83051842769989
"CDK19;PRMT5",-0.813128954765876,0.858150763100959
"ATM;CDK19",-0.388558286356185,0.83051842769989
"BCL2L1;CDK19",-0.346723186607899,0.83051842769989
"CDK19;KRAS",-0.400092083208194,0.83051842769989
"CDK19;CDK4",-0.25121812311595,0.83051842769989
"CDK19;CTNNB1",-0.953924010683114,0.88992719643538
"BRAF;CDK19",-0.254690952120626,0.83051842769989
"CDK19;MAP2K2",-0.177331328719038,0.83051842769989
"CDK19;PIK3CA",-0.477689054480432,0.83051842769989
"CDK19;IGF1R",-0.275113268238562,0.83051842769989
"CDK19;TAZ",-0.291765424449494,0.83051842769989
"CDK19;WRN",-0.309945986152627,0.83051842769989
"AKT2;CDK19",-0.572965727809322,0.83051842769989
"CDK19;SRC",-0.29848603629999,0.83051842769989
"CDK19;DNMT3B",-0.520824112754018,0.83051842769989
"APC;CDK19",-0.235040733778594,0.83051842769989
"CDK19;ERBB2",-0.195639795409437,0.83051842769989
"CDK19;YAP1",-0.31759126135935,0.83051842769989
"CDK19;PTPN11",-0.304096553686363,0.83051842769989
"CDK19;CHEK1",-1.67833844271786,0.996820526247479
"CDK19;JAK1",-0.538978209064822,0.83051842769989
"AKT1;GRK5",-0.443610124114117,0.83051842769989
"BRD4;GRK5",-0.450460442252389,0.83051842769989
"GRK5;MYC",-1.6143146878888,0.996820526247479
"GRK5;MAP2K1",-0.363017224553228,0.83051842769989
"GRK5;MAPK1",-0.366104165579884,0.83051842769989
"GRK5;WEE1",-0.854689969814113,0.863565890990134
"ARID1A;GRK5",-0.474043991446831,0.83051842769989
"GRK5;PRMT1",-1.37219054577491,0.996820526247479
"GRK5;PARP1",-1.06131296913942,0.91759429283435
"GRK5;PORCN",-0.395991941018413,0.83051842769989
"GRK5;MDM2",-0.581688349713226,0.83051842769989
"EGFR;GRK5",-0.450054129746273,0.83051842769989
"GRK5;SMAD4",-0.45024934812957,0.83051842769989
"DNMT1;GRK5",-0.433512182623305,0.83051842769989
"GRK5;RAF1",-0.452433536062217,0.83051842769989
"CDK6;GRK5",-0.723395709057801,0.844925058915026
"ATR;GRK5",-1.00053345742638,0.904452644108762
"GRK5;MCL1",-0.350162540785449,0.83051842769989
"BCL2;GRK5",-0.663982373549053,0.83051842769989
"GRK5;PRMT5",-0.76795671063585,0.853685852859269
"ATM;GRK5",-0.354329333025609,0.83051842769989
"BCL2L1;GRK5",-0.344327599854181,0.83051842769989
"GRK5;KRAS",-0.455408269913228,0.83051842769989
"CDK4;GRK5",-0.436353755986588,0.83051842769989
"CTNNB1;GRK5",-0.792294230934683,0.856844608927936
"BRAF;GRK5",-0.386236420104631,0.83051842769989
"GRK5;MAP2K2",-0.252993211111757,0.83051842769989
"GRK5;PIK3CA",-0.514178196607922,0.83051842769989
"GRK5;IGF1R",-0.320393169320253,0.83051842769989
"GRK5;TAZ",-0.453919077659934,0.83051842769989
"GRK5;WRN",-0.367839609075995,0.83051842769989
"AKT2;GRK5",-0.510305052320579,0.83051842769989
"GRK5;SRC",-0.429263035865912,0.83051842769989
"DNMT3B;GRK5",-0.524564220140246,0.83051842769989
"APC;GRK5",-0.418813268532314,0.83051842769989
"ERBB2;GRK5",-0.439680965564852,0.83051842769989
"GRK5;YAP1",-0.429420439346832,0.83051842769989
"GRK5;PTPN11",-0.348732146219725,0.83051842769989
"CHEK1;GRK5",-1.68823909912993,0.996820526247479
"GRK5;JAK1",-0.61012215466456,0.83051842769989
"AKT1;MAP3K10",-0.337812902651947,0.83051842769989
"BRD4;MAP3K10",-0.181351979031836,0.83051842769989
"MAP3K10;MYC",-1.58147996817398,0.996820526247479
"MAP2K1;MAP3K10",-0.11739771894833,0.83051842769989
"MAP3K10;MAPK1",-0.119313775820844,0.83051842769989
"MAP3K10;WEE1",-0.852800708380844,0.863220419071441
"ARID1A;MAP3K10",-0.455437861348177,0.83051842769989
"MAP3K10;PRMT1",-1.26958592551079,0.980125494159251
"MAP3K10;PARP1",-0.986414112093681,0.900495536928361
"MAP3K10;PORCN",-0.328538679242648,0.83051842769989
"MAP3K10;MDM2",-0.527658342293699,0.83051842769989
"EGFR;MAP3K10",-0.464418869897054,0.83051842769989
"MAP3K10;SMAD4",-0.298782700443006,0.83051842769989
"DNMT1;MAP3K10",-0.564728755924336,0.83051842769989
"MAP3K10;RAF1",-0.238277881479162,0.83051842769989
"CDK6;MAP3K10",-0.63110713023235,0.83051842769989
"ATR;MAP3K10",-1.04249520209176,0.913419946253691
"MAP3K10;MCL1",0.130212510254533,0.83051842769989
"BCL2;MAP3K10",-0.602957540731048,0.83051842769989
"MAP3K10;PRMT5",-0.855662472169556,0.863868029229131
"ATM;MAP3K10",-0.404144958017958,0.83051842769989
"BCL2L1;MAP3K10",-0.268458127421645,0.83051842769989
"KRAS;MAP3K10",-0.392735784405902,0.83051842769989
"CDK4;MAP3K10",-0.0890168691847678,0.83051842769989
"CTNNB1;MAP3K10",-1.0361543285278,0.913394991889077
"BRAF;MAP3K10",-0.158128894603828,0.83051842769989
"MAP2K2;MAP3K10",-0.137388312525709,0.83051842769989
"MAP3K10;PIK3CA",-0.397460078772568,0.83051842769989
"IGF1R;MAP3K10",-0.358920865178469,0.83051842769989
"MAP3K10;TAZ",-0.0907090469035312,0.83051842769989
"MAP3K10;WRN",-0.20868956160618,0.83051842769989
"AKT2;MAP3K10",-0.559387700721253,0.83051842769989
"MAP3K10;SRC",-0.144051771554984,0.83051842769989
"DNMT3B;MAP3K10",-0.53979593974222,0.83051842769989
"APC;MAP3K10",-0.227944285332436,0.83051842769989
"ERBB2;MAP3K10",-0.128132307857867,0.83051842769989
"MAP3K10;YAP1",-0.311195544982049,0.83051842769989
"MAP3K10;PTPN11",-0.046051420989089,0.83051842769989
"CHEK1;MAP3K10",-1.63724245534503,0.996820526247479
"JAK1;MAP3K10",-0.612583689669581,0.83051842769989
"AKT1;CCAR1",-0.256037863759106,0.83051842769989
"BRD4;CCAR1",-0.214740879998695,0.83051842769989
"CCAR1;MYC",-1.62662222241926,0.996820526247479
"CCAR1;MAP2K1",-0.115440373287762,0.83051842769989
"CCAR1;MAPK1",-0.23170218406807,0.83051842769989
"CCAR1;WEE1",-0.628266435547566,0.83051842769989
"ARID1A;CCAR1",-0.228025157498246,0.83051842769989
"CCAR1;PRMT1",-1.17679756960494,0.948051517571408
"CCAR1;PARP1",-1.05212538286147,0.915173373234646
"CCAR1;PORCN",-0.322334254619561,0.83051842769989
"CCAR1;MDM2",-0.596678658582986,0.83051842769989
"CCAR1;EGFR",-0.440346796416702,0.83051842769989
"CCAR1;SMAD4",-0.339256291609906,0.83051842769989
"CCAR1;DNMT1",-0.596318424047607,0.83051842769989
"CCAR1;RAF1",-0.267381503887161,0.83051842769989
"CCAR1;CDK6",-0.815319977603061,0.858150763100959
"ATR;CCAR1",-1.08414484296068,0.922001026393481
"CCAR1;MCL1",-0.0830617110114535,0.83051842769989
"BCL2;CCAR1",-0.59276454163546,0.83051842769989
"CCAR1;PRMT5",-0.846196469069797,0.86167473793251
"ATM;CCAR1",-0.244507678133122,0.83051842769989
"BCL2L1;CCAR1",-0.338867411103959,0.83051842769989
"CCAR1;KRAS",-0.327796460230817,0.83051842769989
"CCAR1;CDK4",-0.106170912280512,0.83051842769989
"CCAR1;CTNNB1",-0.854237323341269,0.863518379811419
"BRAF;CCAR1",-0.0819125414139556,0.83051842769989
"CCAR1;MAP2K2",-0.0886458066447238,0.83051842769989
"CCAR1;PIK3CA",-0.455223564806612,0.83051842769989
"CCAR1;IGF1R",-0.315413019602034,0.83051842769989
"CCAR1;TAZ",-0.198106635331619,0.83051842769989
"CCAR1;WRN",-0.316941307574171,0.83051842769989
"AKT2;CCAR1",-0.477259188878921,0.83051842769989
"CCAR1;SRC",-0.130687187807457,0.83051842769989
"CCAR1;DNMT3B",-0.523124577568009,0.83051842769989
"APC;CCAR1",-0.240103642184518,0.83051842769989
"CCAR1;ERBB2",-0.0525777394390449,0.83051842769989
"CCAR1;YAP1",-0.32123304201154,0.83051842769989
"CCAR1;PTPN11",-0.175404767247052,0.83051842769989
"CCAR1;CHEK1",-1.64895655166171,0.996820526247479
"CCAR1;JAK1",-0.526991198679845,0.83051842769989
"AKT1;DLG5",-0.374247950883759,0.83051842769989
"BRD4;DLG5",-0.259341671237781,0.83051842769989
"DLG5;MYC",-1.55169205192515,0.996820526247479
"DLG5;MAP2K1",-0.0648966064170895,0.83051842769989
"DLG5;MAPK1",-0.155714863893365,0.83051842769989
"DLG5;WEE1",-0.816933816987491,0.858150763100959
"ARID1A;DLG5",-0.476931648515971,0.83051842769989
"DLG5;PRMT1",-1.38592440047224,0.996820526247479
"DLG5;PARP1",-1.02709679799793,0.911081572852605
"DLG5;PORCN",-0.35425147130555,0.83051842769989
"DLG5;MDM2",-0.52669523130026,0.83051842769989
"DLG5;EGFR",-0.499073752024105,0.83051842769989
"DLG5;SMAD4",-0.309527035937976,0.83051842769989
"DLG5;DNMT1",-0.575002456757573,0.83051842769989
"DLG5;RAF1",-0.218574161683239,0.83051842769989
"CDK6;DLG5",-0.683297622635079,0.834982752516359
"ATR;DLG5",-1.09280834903476,0.92268351704861
"DLG5;MCL1",-0.0778353746903322,0.83051842769989
"BCL2;DLG5",-0.658799708026025,0.83051842769989
"DLG5;PRMT5",-0.820711666074436,0.85826452060764
"ATM;DLG5",-0.401439099626077,0.83051842769989
"BCL2L1;DLG5",-0.320444540426997,0.83051842769989
"DLG5;KRAS",-0.445048596475033,0.83051842769989
"CDK4;DLG5",-0.146957760703165,0.83051842769989
"CTNNB1;DLG5",-0.972183244171934,0.896214919865837
"BRAF;DLG5",-0.0537449827932849,0.83051842769989
"DLG5;MAP2K2",0.0112576794744582,0.83051842769989
"DLG5;PIK3CA",-0.547176443987059,0.83051842769989
"DLG5;IGF1R",-0.337047026019651,0.83051842769989
"DLG5;TAZ",-0.090055879426353,0.83051842769989
"DLG5;WRN",-0.222663246535243,0.83051842769989
"AKT2;DLG5",-0.51693900358656,0.83051842769989
"DLG5;SRC",-0.159627205178875,0.83051842769989
"DLG5;DNMT3B",-0.519979041271689,0.83051842769989
"APC;DLG5",-0.18898167366036,0.83051842769989
"DLG5;ERBB2",0.0330580491092402,0.83051842769989
"DLG5;YAP1",-0.241519850879098,0.83051842769989
"DLG5;PTPN11",-0.177005926297049,0.83051842769989
"CHEK1;DLG5",-1.79086542384003,0.996820526247479
"DLG5;JAK1",-0.623386187681659,0.83051842769989
"AKT1;PDK3",-0.356675440868458,0.83051842769989
"BRD4;PDK3",-0.196912483626701,0.83051842769989
"MYC;PDK3",-1.62355497325585,0.996820526247479
"MAP2K1;PDK3",-0.170302924584268,0.83051842769989
"MAPK1;PDK3",-0.222592150967353,0.83051842769989
"PDK3;WEE1",-0.824080906804566,0.858327427499431
"ARID1A;PDK3",-0.396090033547008,0.83051842769989
"PDK3;PRMT1",-1.24900790199823,0.974193779132415
"PARP1;PDK3",-1.11689550303095,0.924896231395191
"PDK3;PORCN",-0.291581077708271,0.83051842769989
"MDM2;PDK3",-0.575343205036998,0.83051842769989
"EGFR;PDK3",-0.506010978019881,0.83051842769989
"PDK3;SMAD4",-0.344619569624322,0.83051842769989
"DNMT1;PDK3",-0.618508017225966,0.83051842769989
"PDK3;RAF1",-0.176971216645152,0.83051842769989
"CDK6;PDK3",-0.822010836874284,0.85826452060764
"ATR;PDK3",-1.08035619356987,0.921466202808487
"MCL1;PDK3",-0.122781523094159,0.83051842769989
"BCL2;PDK3",-0.589483274429993,0.83051842769989
"PDK3;PRMT5",-0.795266250777154,0.857223296658322
"ATM;PDK3",-0.319409899011824,0.83051842769989
"BCL2L1;PDK3",-0.340422233827639,0.83051842769989
"KRAS;PDK3",-0.412361656234965,0.83051842769989
"CDK4;PDK3",-0.197613462937483,0.83051842769989
"CTNNB1;PDK3",-0.980820122270144,0.898443240710877
"BRAF;PDK3",-0.206462120233521,0.83051842769989
"MAP2K2;PDK3",-0.204286792655105,0.83051842769989
"PDK3;PIK3CA",-0.520999194388774,0.83051842769989
"IGF1R;PDK3",-0.344860796983949,0.83051842769989
"PDK3;TAZ",-0.144156823693144,0.83051842769989
"PDK3;WRN",-0.312570288139698,0.83051842769989
"AKT2;PDK3",-0.56331645430281,0.83051842769989
"PDK3;SRC",-0.112117955547521,0.83051842769989
"DNMT3B;PDK3",-0.491644695958156,0.83051842769989
"APC;PDK3",-0.18891016703504,0.83051842769989
"ERBB2;PDK3",-0.166511519067575,0.83051842769989
"PDK3;YAP1",-0.299248800060756,0.83051842769989
"PDK3;PTPN11",-0.143376459767423,0.83051842769989
"CHEK1;PDK3",-1.785531078586,0.996820526247479
"JAK1;PDK3",-0.577297220287424,0.83051842769989
"AKT1;BRD7",-0.322846664971323,0.83051842769989
"BRD4;BRD7",-0.259867482370223,0.83051842769989
"BRD7;MYC",-1.53606006584808,0.996820526247479
"BRD7;MAP2K1",-0.211886924898879,0.83051842769989
"BRD7;MAPK1",-0.123637277910586,0.83051842769989
"BRD7;WEE1",-0.929364324709042,0.88388389267434
"ARID1A;BRD7",-0.45170263854733,0.83051842769989
"BRD7;PRMT1",-1.33921222311494,0.994574054615779
"BRD7;PARP1",-1.0804409926568,0.921466202808487
"BRD7;PORCN",-0.311632035656366,0.83051842769989
"BRD7;MDM2",-0.549178418994887,0.83051842769989
"BRD7;EGFR",-0.465807811542545,0.83051842769989
"BRD7;SMAD4",-0.327004672256807,0.83051842769989
"BRD7;DNMT1",-0.555710965577888,0.83051842769989
"BRD7;RAF1",-0.24056064468356,0.83051842769989
"BRD7;CDK6",-0.704171935459078,0.840699496769234
"ATR;BRD7",-0.904206458142862,0.876549423273876
"BRD7;MCL1",-0.214231283671123,0.83051842769989
"BCL2;BRD7",-0.620355062654481,0.83051842769989
"BRD7;PRMT5",-0.63340500150348,0.83051842769989
"ATM;BRD7",-0.323590992879905,0.83051842769989
"BCL2L1;BRD7",-0.299632519166827,0.83051842769989
"BRD7;KRAS",-0.315327440560059,0.83051842769989
"BRD7;CDK4",-0.19348734752163,0.83051842769989
"BRD7;CTNNB1",-0.91299315222602,0.878936795281164
"BRAF;BRD7",-0.20867641552908,0.83051842769989
"BRD7;MAP2K2",-0.220726884270847,0.83051842769989
"BRD7;PIK3CA",-0.557149053728537,0.83051842769989
"BRD7;IGF1R",-0.30731455757353,0.83051842769989
"BRD7;TAZ",-0.197501843859026,0.83051842769989
"BRD7;WRN",-0.283933083143422,0.83051842769989
"AKT2;BRD7",-0.473089755866627,0.83051842769989
"BRD7;SRC",-0.194322228737338,0.83051842769989
"BRD7;DNMT3B",-0.493805703863167,0.83051842769989
"APC;BRD7",-0.165653305614216,0.83051842769989
"BRD7;ERBB2",-0.190679530980541,0.83051842769989
"BRD7;YAP1",-0.30469225912207,0.83051842769989
"BRD7;PTPN11",-0.117269571643972,0.83051842769989
"BRD7;CHEK1",-1.65494061668098,0.996820526247479
"BRD7;JAK1",-0.555890680410411,0.83051842769989
"AKT1;BUB1",-0.317258199303348,0.83051842769989
"BRD4;BUB1",-0.243318281439064,0.83051842769989
"BUB1;MYC",-1.6451790844669,0.996820526247479
"BUB1;MAP2K1",-0.126864324533431,0.83051842769989
"BUB1;MAPK1",-0.226119096264732,0.83051842769989
"BUB1;WEE1",-0.934864196887736,0.885250560228997
"ARID1A;BUB1",-0.438816574252448,0.83051842769989
"BUB1;PRMT1",-1.3385309118085,0.994535049699001
"BUB1;PARP1",-1.10093209621649,0.923452397685076
"BUB1;PORCN",-0.310478540194547,0.83051842769989
"BUB1;MDM2",-0.534997487024219,0.83051842769989
"BUB1;EGFR",-0.509668376566617,0.83051842769989
"BUB1;SMAD4",-0.289399545664304,0.83051842769989
"BUB1;DNMT1",-0.559361948036358,0.83051842769989
"BUB1;RAF1",-0.186401841958476,0.83051842769989
"BUB1;CDK6",-0.739242497215787,0.848547748720631
"ATR;BUB1",-1.12659779264918,0.925398924132849
"BUB1;MCL1",-0.11216227579372,0.83051842769989
"BCL2;BUB1",-0.646079810407724,0.83051842769989
"BUB1;PRMT5",-0.794299967235268,0.857001671287594
"ATM;BUB1",-0.356356476761789,0.83051842769989
"BCL2L1;BUB1",-0.283333908658034,0.83051842769989
"BUB1;KRAS",-0.44873730705338,0.83051842769989
"BUB1;CDK4",-0.139584474748965,0.83051842769989
"BUB1;CTNNB1",-0.8445556953332,0.861384496351732
"BRAF;BUB1",-0.149534872476443,0.83051842769989
"BUB1;MAP2K2",-0.095755349431395,0.83051842769989
"BUB1;PIK3CA",-0.567033639491579,0.83051842769989
"BUB1;IGF1R",-0.176944343198858,0.83051842769989
"BUB1;TAZ",-0.0712710724151901,0.83051842769989
"BUB1;WRN",-0.304536334105888,0.83051842769989
"AKT2;BUB1",-0.524612889939397,0.83051842769989
"BUB1;SRC",-0.149206400932974,0.83051842769989
"BUB1;DNMT3B",-0.435122787068811,0.83051842769989
"APC;BUB1",-0.205469320614585,0.83051842769989
"BUB1;ERBB2",-0.0237012608282509,0.83051842769989
"BUB1;YAP1",-0.269202879422842,0.83051842769989
"BUB1;PTPN11",-0.184367395590978,0.83051842769989
"BUB1;CHEK1",-1.70690519918997,0.996820526247479
"BUB1;JAK1",-0.551354207260995,0.83051842769989
"AKT1;PRKAG1",-0.358470564451537,0.83051842769989
"BRD4;PRKAG1",-0.238116946594331,0.83051842769989
"MYC;PRKAG1",-1.57668530136287,0.996820526247479
"MAP2K1;PRKAG1",-0.0377692738679453,0.83051842769989
"MAPK1;PRKAG1",-0.238637761389575,0.83051842769989
"PRKAG1;WEE1",-0.778760497463315,0.855392982465961
"ARID1A;PRKAG1",-0.403531566455179,0.83051842769989
"PRKAG1;PRMT1",-1.36028575435658,0.996820526247479
"PARP1;PRKAG1",-1.06585233842572,0.918456429039072
"PORCN;PRKAG1",-0.30988094166953,0.83051842769989
"MDM2;PRKAG1",-0.551404753149111,0.83051842769989
"EGFR;PRKAG1",-0.406640478696469,0.83051842769989
"PRKAG1;SMAD4",-0.338076956580808,0.83051842769989
"DNMT1;PRKAG1",-0.613722076702152,0.83051842769989
"PRKAG1;RAF1",-0.228542737170658,0.83051842769989
"CDK6;PRKAG1",-0.80014869398318,0.857292527748453
"ATR;PRKAG1",-1.10849710322303,0.923912235646249
"MCL1;PRKAG1",-0.0750877422903907,0.83051842769989
"BCL2;PRKAG1",-0.559422029873448,0.83051842769989
"PRKAG1;PRMT5",-0.86904422932749,0.865507228575333
"ATM;PRKAG1",-0.353150087539548,0.83051842769989
"BCL2L1;PRKAG1",-0.330048719658098,0.83051842769989
"KRAS;PRKAG1",-0.397227444392425,0.83051842769989
"CDK4;PRKAG1",-0.138320300697508,0.83051842769989
"CTNNB1;PRKAG1",-0.925577169806656,0.882968608689344
"BRAF;PRKAG1",-0.0283120403022197,0.83051842769989
"MAP2K2;PRKAG1",0.0135917180169653,0.83051842769989
"PIK3CA;PRKAG1",-0.551903883726489,0.83051842769989
"IGF1R;PRKAG1",-0.308297267699907,0.83051842769989
"PRKAG1;TAZ",-0.116307134670528,0.83051842769989
"PRKAG1;WRN",-0.206156247540343,0.83051842769989
"AKT2;PRKAG1",-0.554247776284378,0.83051842769989
"PRKAG1;SRC",-0.149166172355865,0.83051842769989
"DNMT3B;PRKAG1",-0.504702489127563,0.83051842769989
"APC;PRKAG1",-0.244549604222535,0.83051842769989
"ERBB2;PRKAG1",-0.0914696422214814,0.83051842769989
"PRKAG1;YAP1",-0.316551775916898,0.83051842769989
"PRKAG1;PTPN11",-0.0767865604578772,0.83051842769989
"CHEK1;PRKAG1",-1.74910332786401,0.996820526247479
"JAK1;PRKAG1",-0.606899022280993,0.83051842769989
"AKT1;ESCO2",-0.379363540794828,0.83051842769989
"BRD4;ESCO2",-0.211278673966116,0.83051842769989
"ESCO2;MYC",-1.6089776418332,0.996820526247479
"ESCO2;MAP2K1",-0.120348090234186,0.83051842769989
"ESCO2;MAPK1",-0.206599089402315,0.83051842769989
"ESCO2;WEE1",-0.916119058590413,0.87991762526991
"ARID1A;ESCO2",-0.283119375625021,0.83051842769989
"ESCO2;PRMT1",-1.30698991047353,0.989146072839989
"ESCO2;PARP1",-1.10160065871926,0.923452397685076
"ESCO2;PORCN",-0.306734625611859,0.83051842769989
"ESCO2;MDM2",-0.590548263894034,0.83051842769989
"EGFR;ESCO2",-0.51046912541481,0.83051842769989
"ESCO2;SMAD4",-0.37069642693505,0.83051842769989
"DNMT1;ESCO2",-0.626126759242107,0.83051842769989
"ESCO2;RAF1",-0.302723023174575,0.83051842769989
"CDK6;ESCO2",-0.806824678806883,0.858087473581107
"ATR;ESCO2",-1.0145523701461,0.908191791533303
"ESCO2;MCL1",-0.0759235860901652,0.83051842769989
"BCL2;ESCO2",-0.595803469917141,0.83051842769989
"ESCO2;PRMT5",-0.799840046587214,0.857292527748453
"ATM;ESCO2",-0.308289651092624,0.83051842769989
"BCL2L1;ESCO2",-0.300472134072758,0.83051842769989
"ESCO2;KRAS",-0.442543861767254,0.83051842769989
"CDK4;ESCO2",-0.162861146712566,0.83051842769989
"CTNNB1;ESCO2",-1.00440911125958,0.905200858156541
"BRAF;ESCO2",-0.105193113732781,0.83051842769989
"ESCO2;MAP2K2",-0.0930509463262554,0.83051842769989
"ESCO2;PIK3CA",-0.470737547493375,0.83051842769989
"ESCO2;IGF1R",-0.337156568129971,0.83051842769989
"ESCO2;TAZ",-0.198869935768949,0.83051842769989
"ESCO2;WRN",-0.288065160141099,0.83051842769989
"AKT2;ESCO2",-0.540346599660046,0.83051842769989
"ESCO2;SRC",-0.165731318290851,0.83051842769989
"DNMT3B;ESCO2",-0.507711902327908,0.83051842769989
"APC;ESCO2",-0.218850226112042,0.83051842769989
"ERBB2;ESCO2",-0.146467333776191,0.83051842769989
"ESCO2;YAP1",-0.230609455731798,0.83051842769989
"ESCO2;PTPN11",-0.123421776215327,0.83051842769989
"CHEK1;ESCO2",-1.52802973415302,0.996820526247479
"ESCO2;JAK1",-0.534542276361577,0.83051842769989
"AKT1;CHKA",-0.491600302743358,0.83051842769989
"BRD4;CHKA",-0.677227356034929,0.833626524603748
"CHKA;MYC",-1.474150552488,0.996820526247479
"CHKA;MAP2K1",-0.707189185769587,0.841425383246677
"CHKA;MAPK1",-0.716144016268105,0.843490176999434
"CHKA;WEE1",-0.529523321108913,0.83051842769989
"ARID1A;CHKA",-0.572324216280691,0.83051842769989
"CHKA;PRMT1",-1.03103496412525,0.911916821148243
"CHKA;PARP1",-1.07797033495308,0.92109374591645
"CHKA;PORCN",-0.740946510270259,0.848886624982646
"CHKA;MDM2",-0.622316130405503,0.83051842769989
"CHKA;EGFR",-0.680257628034653,0.834226888167053
"CHKA;SMAD4",-0.625949355344012,0.83051842769989
"CHKA;DNMT1",-0.684956659267611,0.835250776983469
"CHKA;RAF1",-0.630316907242758,0.83051842769989
"CDK6;CHKA",-0.193958305213257,0.83051842769989
"ATR;CHKA",-0.814659950751094,0.858150763100959
"CHKA;MCL1",-0.699054644542945,0.839109234036104
"BCL2;CHKA",-0.664218193450709,0.83051842769989
"CHKA;PRMT5",-0.778354178738003,0.855392982465961
"ATM;CHKA",-0.734162307924569,0.847159401655184
"BCL2L1;CHKA",-0.718994740457875,0.84410788938019
"CHKA;KRAS",-0.639413188886942,0.83051842769989
"CDK4;CHKA",-0.577611126613981,0.83051842769989
"CHKA;CTNNB1",-0.802448996050864,0.857445669988327
"BRAF;CHKA",-0.597107677550461,0.83051842769989
"CHKA;MAP2K2",-0.658578079493912,0.83051842769989
"CHKA;PIK3CA",-0.38702909228347,0.83051842769989
"CHKA;IGF1R",-0.690723214710178,0.836719387003053
"CHKA;TAZ",-0.6757539453849,0.833089747847748
"CHKA;WRN",-0.699526280350159,0.839256937867804
"AKT2;CHKA",-0.676960101624879,0.833536578510725
"CHKA;SRC",-0.580077672062822,0.83051842769989
"CHKA;DNMT3B",-0.526436479034151,0.83051842769989
"APC;CHKA",-0.598999551916674,0.83051842769989
"CHKA;ERBB2",-0.601978653927554,0.83051842769989
"CHKA;YAP1",-0.702371006537087,0.840210310077677
"CHKA;PTPN11",-0.716872113932143,0.843784137969227
"CHEK1;CHKA",-1.56800819411246,0.996820526247479
"CHKA;JAK1",-0.693339271323621,0.837540558302291
"AKT1;PPARG",-0.363303220625433,0.83051842769989
"BRD4;PPARG",-0.167856130616428,0.83051842769989
"MYC;PPARG",-1.4385754066546,0.996820526247479
"MAP2K1;PPARG",-0.117050187852571,0.83051842769989
"MAPK1;PPARG",-0.198926987302001,0.83051842769989
"PPARG;WEE1",-0.747880976007943,0.850506615113902
"ARID1A;PPARG",-0.438845755074743,0.83051842769989
"PPARG;PRMT1",-1.27625218442874,0.981823570642004
"PARP1;PPARG",-1.07109275374748,0.919815278366163
"PORCN;PPARG",-0.351356240246926,0.83051842769989
"MDM2;PPARG",-0.479158559656082,0.83051842769989
"EGFR;PPARG",-0.4736183847008,0.83051842769989
"PPARG;SMAD4",-0.327433386272181,0.83051842769989
"DNMT1;PPARG",-0.518858675383058,0.83051842769989
"PPARG;RAF1",-0.265156767659775,0.83051842769989
"CDK6;PPARG",-0.714519204694636,0.843210671096253
"ATR;PPARG",-0.952632899172882,0.889777333530342
"MCL1;PPARG",-0.0185345220693734,0.83051842769989
"BCL2;PPARG",-0.525981381374737,0.83051842769989
"PPARG;PRMT5",-0.867714837901031,0.865427082099213
"ATM;PPARG",-0.252575334623337,0.83051842769989
"BCL2L1;PPARG",-0.328650479450344,0.83051842769989
"KRAS;PPARG",-0.348658174427414,0.83051842769989
"CDK4;PPARG",-0.115792386523878,0.83051842769989
"CTNNB1;PPARG",-1.0414754972283,0.913419946253691
"BRAF;PPARG",-0.0525515831150902,0.83051842769989
"MAP2K2;PPARG",-0.150924272028454,0.83051842769989
"PIK3CA;PPARG",-0.458480636357223,0.83051842769989
"IGF1R;PPARG",-0.346420275845794,0.83051842769989
"PPARG;TAZ",-0.12874972783744,0.83051842769989
"PPARG;WRN",-0.173411108883703,0.83051842769989
"AKT2;PPARG",-0.575930831648673,0.83051842769989
"PPARG;SRC",-0.118938996185099,0.83051842769989
"DNMT3B;PPARG",-0.523195848332555,0.83051842769989
"APC;PPARG",-0.231436256541796,0.83051842769989
"ERBB2;PPARG",-0.0711927737871803,0.83051842769989
"PPARG;YAP1",-0.290764047932255,0.83051842769989
"PPARG;PTPN11",-0.168891110278738,0.83051842769989
"CHEK1;PPARG",-1.67841786972191,0.996820526247479
"JAK1;PPARG",-0.616508595332464,0.83051842769989
"AKT1;FEN1",-0.33684890236844,0.83051842769989
"BRD4;FEN1",-0.230152087683237,0.83051842769989
"FEN1;MYC",-1.63916611430313,0.996820526247479
"FEN1;MAP2K1",-0.0754859371542699,0.83051842769989
"FEN1;MAPK1",-0.191558512189803,0.83051842769989
"FEN1;WEE1",-0.799372665163102,0.857292527748453
"ARID1A;FEN1",-0.462793371958102,0.83051842769989
"FEN1;PRMT1",-1.23397980476958,0.969648406113043
"FEN1;PARP1",-1.10608496703124,0.923850009252945
"FEN1;PORCN",-0.350975367233757,0.83051842769989
"FEN1;MDM2",-0.592767025874938,0.83051842769989
"EGFR;FEN1",-0.490111645585182,0.83051842769989
"FEN1;SMAD4",-0.342028389392322,0.83051842769989
"DNMT1;FEN1",-0.579235884611611,0.83051842769989
"FEN1;RAF1",-0.277245294771492,0.83051842769989
"CDK6;FEN1",-0.822483459816444,0.85826452060764
"ATR;FEN1",-0.984198838527671,0.899572598979304
"FEN1;MCL1",-0.0619585524423306,0.83051842769989
"BCL2;FEN1",-0.664612951027332,0.83051842769989
"FEN1;PRMT5",-0.643874951640351,0.83051842769989
"ATM;FEN1",-0.287480228561521,0.83051842769989
"BCL2L1;FEN1",-0.312675104960686,0.83051842769989
"FEN1;KRAS",-0.391249786117234,0.83051842769989
"CDK4;FEN1",-0.146669623630883,0.83051842769989
"CTNNB1;FEN1",-0.932655172062481,0.884698428507571
"BRAF;FEN1",-0.0442026645968634,0.83051842769989
"FEN1;MAP2K2",-0.111241804667278,0.83051842769989
"FEN1;PIK3CA",-0.533139866553884,0.83051842769989
"FEN1;IGF1R",-0.27747173880301,0.83051842769989
"FEN1;TAZ",-0.064649620002759,0.83051842769989
"FEN1;WRN",-0.296743344211142,0.83051842769989
"AKT2;FEN1",-0.557946428142535,0.83051842769989
"FEN1;SRC",-0.140067046905878,0.83051842769989
"DNMT3B;FEN1",-0.4559692240382,0.83051842769989
"APC;FEN1",-0.138686795861256,0.83051842769989
"ERBB2;FEN1",-0.0470352129085248,0.83051842769989
"FEN1;YAP1",-0.282377781948802,0.83051842769989
"FEN1;PTPN11",-0.0502013281833264,0.83051842769989
"CHEK1;FEN1",-1.74137428696885,0.996820526247479
"FEN1;JAK1",-0.574976266577142,0.83051842769989
"AKT1;LYN",-0.363086552424069,0.83051842769989
"BRD4;LYN",-0.2406619827869,0.83051842769989
"LYN;MYC",-1.63114369746714,0.996820526247479
"LYN;MAP2K1",-0.107270518037076,0.83051842769989
"LYN;MAPK1",-0.193665441918793,0.83051842769989
"LYN;WEE1",-0.849959141309626,0.862818643261156
"ARID1A;LYN",-0.394334540065478,0.83051842769989
"LYN;PRMT1",-1.27735964284812,0.981979129925499
"LYN;PARP1",-1.0903231596929,0.922377512721138
"LYN;PORCN",-0.255613237885996,0.83051842769989
"LYN;MDM2",-0.569379967015232,0.83051842769989
"EGFR;LYN",-0.368186461170237,0.83051842769989
"LYN;SMAD4",-0.328307059354823,0.83051842769989
"DNMT1;LYN",-0.629543484398833,0.83051842769989
"LYN;RAF1",-0.162205258572686,0.83051842769989
"CDK6;LYN",-0.814543606517442,0.858150763100959
"ATR;LYN",-0.995366351931871,0.903060996412981
"LYN;MCL1",-0.0780018284392567,0.83051842769989
"BCL2;LYN",-0.654024911987312,0.83051842769989
"LYN;PRMT5",-0.782902116339146,0.855443174457673
"ATM;LYN",-0.318191071013395,0.83051842769989
"BCL2L1;LYN",-0.296312962358837,0.83051842769989
"KRAS;LYN",-0.354651107377501,0.83051842769989
"CDK4;LYN",-0.138581393239108,0.83051842769989
"CTNNB1;LYN",-0.959051660497415,0.891577936071672
"BRAF;LYN",-0.076036720149382,0.83051842769989
"LYN;MAP2K2",-0.140440854262085,0.83051842769989
"LYN;PIK3CA",-0.485052005806347,0.83051842769989
"IGF1R;LYN",-0.352044288796812,0.83051842769989
"LYN;TAZ",-0.192683192488732,0.83051842769989
"LYN;WRN",-0.298399188690341,0.83051842769989
"AKT2;LYN",-0.549524754458501,0.83051842769989
"LYN;SRC",-0.0823852754040994,0.83051842769989
"DNMT3B;LYN",-0.539988170414949,0.83051842769989
"APC;LYN",-0.167366902829886,0.83051842769989
"ERBB2;LYN",-0.0873699046431732,0.83051842769989
"LYN;YAP1",-0.29374659328277,0.83051842769989
"LYN;PTPN11",-0.165565566813534,0.83051842769989
"CHEK1;LYN",-1.70326881383308,0.996820526247479
"JAK1;LYN",-0.609405681161917,0.83051842769989
"AKT1;MAPK7",-0.36063429635429,0.83051842769989
"BRD4;MAPK7",-0.190737523520339,0.83051842769989
"MAPK7;MYC",-1.53473176040337,0.996820526247479
"MAP2K1;MAPK7",-0.256294853421399,0.83051842769989
"MAPK1;MAPK7",-0.272325825764987,0.83051842769989
"MAPK7;WEE1",-0.832336981307819,0.858667905495995
"ARID1A;MAPK7",-0.393152971875709,0.83051842769989
"MAPK7;PRMT1",-1.34222820789378,0.994803001460787
"MAPK7;PARP1",-1.10079097914558,0.923452397685076
"MAPK7;PORCN",-0.305309095945765,0.83051842769989
"MAPK7;MDM2",-0.534908359642926,0.83051842769989
"EGFR;MAPK7",-0.446860672906451,0.83051842769989
"MAPK7;SMAD4",-0.358610445340684,0.83051842769989
"DNMT1;MAPK7",-0.593938717575931,0.83051842769989
"MAPK7;RAF1",-0.339597085690518,0.83051842769989
"CDK6;MAPK7",-0.824818072275836,0.858367750999105
"ATR;MAPK7",-0.907145760968188,0.877314191789033
"MAPK7;MCL1",-0.36279982423185,0.83051842769989
"BCL2;MAPK7",-0.65042050536404,0.83051842769989
"MAPK7;PRMT5",-0.774679927072741,0.855139102411059
"ATM;MAPK7",-0.395246664288091,0.83051842769989
"BCL2L1;MAPK7",-0.346300958072351,0.83051842769989
"KRAS;MAPK7",-0.456776168594541,0.83051842769989
"CDK4;MAPK7",-0.353289212183885,0.83051842769989
"CTNNB1;MAPK7",-0.972112065553103,0.896214919865837
"BRAF;MAPK7",-0.346040432368134,0.83051842769989
"MAP2K2;MAPK7",-0.316695834368693,0.83051842769989
"MAPK7;PIK3CA",-0.529708762372091,0.83051842769989
"IGF1R;MAPK7",-0.262660556942489,0.83051842769989
"MAPK7;TAZ",-0.344211825579211,0.83051842769989
"MAPK7;WRN",-0.313300385290504,0.83051842769989
"AKT2;MAPK7",-0.531978188994424,0.83051842769989
"MAPK7;SRC",-0.312853846277206,0.83051842769989
"DNMT3B;MAPK7",-0.484291722231196,0.83051842769989
"APC;MAPK7",-0.343269438197465,0.83051842769989
"ERBB2;MAPK7",-0.270720881541022,0.83051842769989
"MAPK7;YAP1",-0.30718551949305,0.83051842769989
"MAPK7;PTPN11",-0.256228006251913,0.83051842769989
"CHEK1;MAPK7",-1.58151092297211,0.996820526247479
"JAK1;MAPK7",-0.576453850164521,0.83051842769989
"AKT1;HRK",-0.364051651839543,0.83051842769989
"BRD4;HRK",-0.147577884818505,0.83051842769989
"HRK;MYC",-1.59727656912602,0.996820526247479
"HRK;MAP2K1",-0.122009616391693,0.83051842769989
"HRK;MAPK1",-0.223541351535974,0.83051842769989
"HRK;WEE1",-0.819407676060007,0.85826452060764
"ARID1A;HRK",-0.473929445832003,0.83051842769989
"HRK;PRMT1",-1.25137542544156,0.974669807365644
"HRK;PARP1",-1.1244870479314,0.924916103508183
"HRK;PORCN",-0.346028197704282,0.83051842769989
"HRK;MDM2",-0.491341289327623,0.83051842769989
"EGFR;HRK",-0.442362272926341,0.83051842769989
"HRK;SMAD4",-0.309562907180042,0.83051842769989
"DNMT1;HRK",-0.582433056667157,0.83051842769989
"HRK;RAF1",-0.266093344366394,0.83051842769989
"CDK6;HRK",-0.654831456818622,0.83051842769989
"ATR;HRK",-1.08768946126979,0.922001026393481
"HRK;MCL1",0.00284584129782148,0.83051842769989
"BCL2;HRK",-0.655866436971959,0.83051842769989
"HRK;PRMT5",-0.794320674856301,0.857001671287594
"ATM;HRK",-0.316492975248616,0.83051842769989
"BCL2L1;HRK",-0.306912202929853,0.83051842769989
"HRK;KRAS",-0.445460440942101,0.83051842769989
"CDK4;HRK",-0.129966082023061,0.83051842769989
"CTNNB1;HRK",-0.652150913903038,0.83051842769989
"BRAF;HRK",0.00761353824439955,0.83051842769989
"HRK;MAP2K2",-0.160568921672865,0.83051842769989
"HRK;PIK3CA",-0.504990955893207,0.83051842769989
"HRK;IGF1R",-0.307233502756191,0.83051842769989
"HRK;TAZ",-0.152198595276025,0.83051842769989
"HRK;WRN",-0.298914372130684,0.83051842769989
"AKT2;HRK",-0.531736026607106,0.83051842769989
"HRK;SRC",-0.133276807243634,0.83051842769989
"DNMT3B;HRK",-0.474302222785818,0.83051842769989
"APC;HRK",-0.212361084426722,0.83051842769989
"ERBB2;HRK",-0.110155110676684,0.83051842769989
"HRK;YAP1",-0.303761250162028,0.83051842769989
"HRK;PTPN11",-0.0950453904544929,0.83051842769989
"CHEK1;HRK",-1.25066464730095,0.974592876995792
"HRK;JAK1",-0.500180767768743,0.83051842769989
"AKT1;PRKACA",-0.378703742484873,0.83051842769989
"BRD4;PRKACA",-0.187009184436381,0.83051842769989
"MYC;PRKACA",-1.45546200048463,0.996820526247479
"MAP2K1;PRKACA",-0.194927787749339,0.83051842769989
"MAPK1;PRKACA",-0.156212241253624,0.83051842769989
"PRKACA;WEE1",-0.724127352429497,0.845131411053885
"ARID1A;PRKACA",-0.439198670321789,0.83051842769989
"PRKACA;PRMT1",-1.33935865579799,0.994574054615779
"PARP1;PRKACA",-1.0469483852325,0.913965240315988
"PORCN;PRKACA",-0.352549876173462,0.83051842769989
"MDM2;PRKACA",-0.597338285870272,0.83051842769989
"EGFR;PRKACA",-0.502161267312506,0.83051842769989
"PRKACA;SMAD4",-0.370345529714016,0.83051842769989
"DNMT1;PRKACA",-0.546599757645456,0.83051842769989
"PRKACA;RAF1",-0.246862618361672,0.83051842769989
"CDK6;PRKACA",-0.832638681493876,0.858667905495995
"ATR;PRKACA",-0.979831524764048,0.898358785445461
"MCL1;PRKACA",-0.0846305035494923,0.83051842769989
"BCL2;PRKACA",-0.657625147286054,0.83051842769989
"PRKACA;PRMT5",-0.749024391646389,0.850699071344219
"ATM;PRKACA",-0.315823175730624,0.83051842769989
"BCL2L1;PRKACA",-0.300634448170564,0.83051842769989
"KRAS;PRKACA",-0.441267768385923,0.83051842769989
"CDK4;PRKACA",-0.214471220446247,0.83051842769989
"CTNNB1;PRKACA",-1.03486342468348,0.913394991889077
"BRAF;PRKACA",-0.20066449317884,0.83051842769989
"MAP2K2;PRKACA",-0.131293230614973,0.83051842769989
"PIK3CA;PRKACA",-0.565804432492034,0.83051842769989
"IGF1R;PRKACA",-0.283936970982252,0.83051842769989
"PRKACA;TAZ",-0.160383039678614,0.83051842769989
"PRKACA;WRN",-0.283567255745705,0.83051842769989
"AKT2;PRKACA",-0.516493554610335,0.83051842769989
"PRKACA;SRC",-0.216698495421553,0.83051842769989
"DNMT3B;PRKACA",-0.484363968485359,0.83051842769989
"APC;PRKACA",-0.162834480565961,0.83051842769989
"ERBB2;PRKACA",-0.176054041924893,0.83051842769989
"PRKACA;YAP1",-0.259619371755914,0.83051842769989
"PRKACA;PTPN11",-0.232581536853144,0.83051842769989
"CHEK1;PRKACA",-1.78335765174196,0.996820526247479
"JAK1;PRKACA",-0.585076207125969,0.83051842769989
"AKT1;PKN2",-0.3791409144696,0.83051842769989
"BRD4;PKN2",-0.217747406472964,0.83051842769989
"MYC;PKN2",-1.6456645169544,0.996820526247479
"MAP2K1;PKN2",-0.0273449746500931,0.83051842769989
"MAPK1;PKN2",-0.10102681839917,0.83051842769989
"PKN2;WEE1",-0.912285674475173,0.878898151609039
"ARID1A;PKN2",-0.480415120307169,0.83051842769989
"PKN2;PRMT1",-1.3526590444271,0.99627433411809
"PARP1;PKN2",-1.08442594144649,0.922001026393481
"PKN2;PORCN",-0.348821764468187,0.83051842769989
"MDM2;PKN2",-0.578327787599991,0.83051842769989
"EGFR;PKN2",-0.497412705333986,0.83051842769989
"PKN2;SMAD4",-0.311411809122738,0.83051842769989
"DNMT1;PKN2",-0.583246028939767,0.83051842769989
"PKN2;RAF1",-0.27106179434988,0.83051842769989
"CDK6;PKN2",-0.727370360562521,0.845738990547818
"ATR;PKN2",-1.01342954413336,0.907878362908625
"MCL1;PKN2",-0.0906621492305059,0.83051842769989
"BCL2;PKN2",-0.600558500534334,0.83051842769989
"PKN2;PRMT5",-0.863239086830206,0.864875045592771
"ATM;PKN2",-0.375716005711749,0.83051842769989
"BCL2L1;PKN2",-0.263571145940529,0.83051842769989
"KRAS;PKN2",-0.433504199148457,0.83051842769989
"CDK4;PKN2",-0.109222312901841,0.83051842769989
"CTNNB1;PKN2",-0.901783004228481,0.875982940812519
"BRAF;PKN2",0.0114935951555532,0.83051842769989
"MAP2K2;PKN2",-0.0112506387446438,0.83051842769989
"PIK3CA;PKN2",-0.499163622300966,0.83051842769989
"IGF1R;PKN2",-0.334358774092868,0.83051842769989
"PKN2;TAZ",-0.185999965235073,0.83051842769989
"PKN2;WRN",-0.293188714596494,0.83051842769989
"AKT2;PKN2",-0.542286092459744,0.83051842769989
"PKN2;SRC",-0.143908247908306,0.83051842769989
"DNMT3B;PKN2",-0.40091523539486,0.83051842769989
"APC;PKN2",-0.220999937934502,0.83051842769989
"ERBB2;PKN2",0.0309130350000507,0.83051842769989
"PKN2;YAP1",-0.143127376147474,0.83051842769989
"PKN2;PTPN11",-0.182272823390242,0.83051842769989
"CHEK1;PKN2",-1.73763436113585,0.996820526247479
"JAK1;PKN2",-0.602335535541126,0.83051842769989
"AKT1;MAP2K6",-0.347012638100096,0.83051842769989
"BRD4;MAP2K6",-0.253273132278059,0.83051842769989
"MAP2K6;MYC",-1.44790702536429,0.996820526247479
"MAP2K1;MAP2K6",-0.234747189493043,0.83051842769989
"MAP2K6;MAPK1",-0.219919571093396,0.83051842769989
"MAP2K6;WEE1",-0.901626177599614,0.875944368883763
"ARID1A;MAP2K6",-0.466063532054495,0.83051842769989
"MAP2K6;PRMT1",-1.38221684004829,0.996820526247479
"MAP2K6;PARP1",-1.10147982389145,0.923452397685076
"MAP2K6;PORCN",-0.34237248087498,0.83051842769989
"MAP2K6;MDM2",-0.537448331249873,0.83051842769989
"EGFR;MAP2K6",-0.485639869499274,0.83051842769989
"MAP2K6;SMAD4",-0.222387682583628,0.83051842769989
"DNMT1;MAP2K6",-0.501650465735473,0.83051842769989
"MAP2K6;RAF1",-0.260694366215696,0.83051842769989
"CDK6;MAP2K6",-0.633463803963512,0.83051842769989
"ATR;MAP2K6",-0.943899726285527,0.887782901395961
"MAP2K6;MCL1",-0.203615927944789,0.83051842769989
"BCL2;MAP2K6",-0.639074745008636,0.83051842769989
"MAP2K6;PRMT5",-0.794787282595876,0.857103021945387
"ATM;MAP2K6",-0.39732345765504,0.83051842769989
"BCL2L1;MAP2K6",-0.288506218213452,0.83051842769989
"KRAS;MAP2K6",-0.412797807921465,0.83051842769989
"CDK4;MAP2K6",-0.276766284505628,0.83051842769989
"CTNNB1;MAP2K6",-1.03838768183647,0.913419946253691
"BRAF;MAP2K6",-0.267750308314158,0.83051842769989
"MAP2K2;MAP2K6",-0.262023041321227,0.83051842769989
"MAP2K6;PIK3CA",-0.495119493302705,0.83051842769989
"IGF1R;MAP2K6",-0.157142906742008,0.83051842769989
"MAP2K6;TAZ",-0.252828099889816,0.83051842769989
"MAP2K6;WRN",-0.327712999802263,0.83051842769989
"AKT2;MAP2K6",-0.577403227233269,0.83051842769989
"MAP2K6;SRC",-0.25004045397165,0.83051842769989
"DNMT3B;MAP2K6",-0.528857517788767,0.83051842769989
"APC;MAP2K6",-0.258537555103468,0.83051842769989
"ERBB2;MAP2K6",-0.24855540654282,0.83051842769989
"MAP2K6;YAP1",0.152603731918298,0.83051842769989
"MAP2K6;PTPN11",-0.259526397772199,0.83051842769989
"CHEK1;MAP2K6",-1.74457625637619,0.996820526247479
"JAK1;MAP2K6",-0.56031916396581,0.83051842769989
"AKT1;CBX3",-0.551153932467217,0.83051842769989
"BRD4;CBX3",-0.526181481383929,0.83051842769989
"CBX3;MYC",-1.47658605527858,0.996820526247479
"CBX3;MAP2K1",-0.45232179837607,0.83051842769989
"CBX3;MAPK1",-0.542582588730517,0.83051842769989
"CBX3;WEE1",-0.771563433409695,0.854333222750557
"ARID1A;CBX3",-0.548696643386524,0.83051842769989
"CBX3;PRMT1",-1.32702305782685,0.992631515570185
"CBX3;PARP1",-1.08185457044689,0.921509802575468
"CBX3;PORCN",-0.490982041662812,0.83051842769989
"CBX3;MDM2",-0.594333841778239,0.83051842769989
"CBX3;EGFR",-0.494376207477523,0.83051842769989
"CBX3;SMAD4",-0.508303618238432,0.83051842769989
"CBX3;DNMT1",-0.526118826255198,0.83051842769989
"CBX3;RAF1",-0.516983298966434,0.83051842769989
"CBX3;CDK6",-0.791310251996358,0.856844608927936
"ATR;CBX3",-0.897189296153905,0.874291246168425
"CBX3;MCL1",-0.453322831981449,0.83051842769989
"BCL2;CBX3",-0.601860030826747,0.83051842769989
"CBX3;PRMT5",-0.845639725543275,0.861473588751517
"ATM;CBX3",-0.520882632235501,0.83051842769989
"BCL2L1;CBX3",-0.466575775516842,0.83051842769989
"CBX3;KRAS",-0.499629883311632,0.83051842769989
"CBX3;CDK4",-0.510349702587058,0.83051842769989
"CBX3;CTNNB1",-0.903062667084894,0.876308506258523
"BRAF;CBX3",-0.546815804707369,0.83051842769989
"CBX3;MAP2K2",-0.542480244460685,0.83051842769989
"CBX3;PIK3CA",-0.525679778531526,0.83051842769989
"CBX3;IGF1R",-0.507313924944474,0.83051842769989
"CBX3;TAZ",-0.558673460534051,0.83051842769989
"CBX3;WRN",-0.447594277608416,0.83051842769989
"AKT2;CBX3",-0.467405048707297,0.83051842769989
"CBX3;SRC",-0.529206159442943,0.83051842769989
"CBX3;DNMT3B",-0.539018089530311,0.83051842769989
"APC;CBX3",-0.514300639790355,0.83051842769989
"CBX3;ERBB2",-0.533681272129428,0.83051842769989
"CBX3;YAP1",-0.463653536444579,0.83051842769989
"CBX3;PTPN11",-0.552276706586085,0.83051842769989
"CBX3;CHEK1",-1.77602549095037,0.996820526247479
"CBX3;JAK1",-0.590514199216072,0.83051842769989
"AKT1;CDK13",-0.351026766641642,0.83051842769989
"BRD4;CDK13",-0.215366811028454,0.83051842769989
"CDK13;MYC",-1.63197697722587,0.996820526247479
"CDK13;MAP2K1",-0.293484394362125,0.83051842769989
"CDK13;MAPK1",-0.328551700319696,0.83051842769989
"CDK13;WEE1",-0.870454874085812,0.865676644116785
"ARID1A;CDK13",-0.43992082518057,0.83051842769989
"CDK13;PRMT1",-1.21162610757437,0.961774371926778
"CDK13;PARP1",-1.08033419346348,0.921466202808487
"CDK13;PORCN",-0.351766931740967,0.83051842769989
"CDK13;MDM2",-0.555495093674375,0.83051842769989
"CDK13;EGFR",-0.456588778899269,0.83051842769989
"CDK13;SMAD4",-0.344244403412283,0.83051842769989
"CDK13;DNMT1",-0.522657217554063,0.83051842769989
"CDK13;RAF1",-0.342056778633135,0.83051842769989
"CDK13;CDK6",-0.81921091098331,0.85826452060764
"ATR;CDK13",-1.02246059487553,0.909744037831342
"CDK13;MCL1",-0.346977142642712,0.83051842769989
"BCL2;CDK13",-0.6631250102803,0.83051842769989
"CDK13;PRMT5",-0.765162584675854,0.853446458154709
"ATM;CDK13",-0.340313678019107,0.83051842769989
"BCL2L1;CDK13",-0.246963803434711,0.83051842769989
"CDK13;KRAS",-0.460941134502412,0.83051842769989
"CDK13;CDK4",-0.296647614679806,0.83051842769989
"CDK13;CTNNB1",-0.995628981464173,0.903149371235061
"BRAF;CDK13",-0.343172331343942,0.83051842769989
"CDK13;MAP2K2",-0.327577766632868,0.83051842769989
"CDK13;PIK3CA",-0.504710811523652,0.83051842769989
"CDK13;IGF1R",-0.318607288829741,0.83051842769989
"CDK13;TAZ",-0.312377641834141,0.83051842769989
"CDK13;WRN",-0.338094543531439,0.83051842769989
"AKT2;CDK13",-0.480237244620763,0.83051842769989
"CDK13;SRC",-0.303916399605551,0.83051842769989
"CDK13;DNMT3B",-0.515145130924355,0.83051842769989
"APC;CDK13",-0.207825947357569,0.83051842769989
"CDK13;ERBB2",-0.307679414714174,0.83051842769989
"CDK13;YAP1",-0.270502170708964,0.83051842769989
"CDK13;PTPN11",-0.207727866664879,0.83051842769989
"CDK13;CHEK1",-1.78814353266493,0.996820526247479
"CDK13;JAK1",-0.578477791725059,0.83051842769989
"AKT1;PELO",-0.354264997440175,0.83051842769989
"BRD4;PELO",-0.207679909142577,0.83051842769989
"MYC;PELO",-1.65176227484797,0.996820526247479
"MAP2K1;PELO",-0.0453436466836887,0.83051842769989
"MAPK1;PELO",-0.210779211164557,0.83051842769989
"PELO;WEE1",-0.910193243603147,0.878198848647756
"ARID1A;PELO",-0.392953167971368,0.83051842769989
"PELO;PRMT1",-1.29899137741206,0.987287419739189
"PARP1;PELO",-1.04367250477014,0.913515079259661
"PELO;PORCN",-0.317903456388489,0.83051842769989
"MDM2;PELO",-0.50578651900505,0.83051842769989
"EGFR;PELO",-0.481811136639946,0.83051842769989
"PELO;SMAD4",-0.262279421043666,0.83051842769989
"DNMT1;PELO",-0.587661077205295,0.83051842769989
"PELO;RAF1",-0.225232142849987,0.83051842769989
"CDK6;PELO",-0.820415534007108,0.85826452060764
"ATR;PELO",-1.04821820480829,0.914183352889997
"MCL1;PELO",0.017618300664947,0.83051842769989
"BCL2;PELO",-0.592158361415185,0.83051842769989
"PELO;PRMT5",-0.867618241981013,0.865424809493643
"ATM;PELO",-0.321659120519059,0.83051842769989
"BCL2L1;PELO",-0.343422546617773,0.83051842769989
"KRAS;PELO",-0.378518455215932,0.83051842769989
"CDK4;PELO",-0.159579924402943,0.83051842769989
"CTNNB1;PELO",-0.969816018278899,0.895519390384815
"BRAF;PELO",0.00940631652686395,0.83051842769989
"MAP2K2;PELO",-0.0454907832808219,0.83051842769989
"PELO;PIK3CA",-0.432020269292172,0.83051842769989
"IGF1R;PELO",-0.243638744399364,0.83051842769989
"PELO;TAZ",-0.199739495286701,0.83051842769989
"PELO;WRN",-0.171872126525908,0.83051842769989
"AKT2;PELO",-0.449162855419468,0.83051842769989
"PELO;SRC",0.00879169505176478,0.83051842769989
"DNMT3B;PELO",-0.438755884059829,0.83051842769989
"APC;PELO",-0.243455747502025,0.83051842769989
"ERBB2;PELO",-0.0296152442874694,0.83051842769989
"PELO;YAP1",-0.299340741116972,0.83051842769989
"PELO;PTPN11",-0.134011114733217,0.83051842769989
"CHEK1;PELO",-1.60028075636543,0.996820526247479
"JAK1;PELO",-0.571584718500412,0.83051842769989
"AKT1;MAPKAPK5",-0.324750209968929,0.83051842769989
"BRD4;MAPKAPK5",-0.165596907902686,0.83051842769989
"MAPKAPK5;MYC",-1.56169646310984,0.996820526247479
"MAP2K1;MAPKAPK5",-0.0431182435994545,0.83051842769989
"MAPK1;MAPKAPK5",-0.175060245977689,0.83051842769989
"MAPKAPK5;WEE1",-0.882488672634375,0.869832290112104
"ARID1A;MAPKAPK5",-0.478055814213856,0.83051842769989
"MAPKAPK5;PRMT1",-1.35353610198313,0.99627433411809
"MAPKAPK5;PARP1",-0.979953904225317,0.898358785445461
"MAPKAPK5;PORCN",-0.335683459167039,0.83051842769989
"MAPKAPK5;MDM2",-0.481557911426988,0.83051842769989
"EGFR;MAPKAPK5",-0.457935295955464,0.83051842769989
"MAPKAPK5;SMAD4",-0.29711572852968,0.83051842769989
"DNMT1;MAPKAPK5",-0.56856067630139,0.83051842769989
"MAPKAPK5;RAF1",-0.271162529095934,0.83051842769989
"CDK6;MAPKAPK5",-0.773115209480489,0.854830910005804
"ATR;MAPKAPK5",-1.04870359466247,0.914278010288487
"MAPKAPK5;MCL1",-0.061236950576086,0.83051842769989
"BCL2;MAPKAPK5",-0.591376476687886,0.83051842769989
"MAPKAPK5;PRMT5",-0.837909971243007,0.860357002319739
"ATM;MAPKAPK5",-0.244593567652003,0.83051842769989
"BCL2L1;MAPKAPK5",-0.306196433805355,0.83051842769989
"KRAS;MAPKAPK5",-0.463073355121607,0.83051842769989
"CDK4;MAPKAPK5",-0.154753746078984,0.83051842769989
"CTNNB1;MAPKAPK5",-0.923878586000947,0.882416987814262
"BRAF;MAPKAPK5",0.0535401744714245,0.83051842769989
"MAP2K2;MAPKAPK5",-0.124463819477745,0.83051842769989
"MAPKAPK5;PIK3CA",-0.515261973237804,0.83051842769989
"IGF1R;MAPKAPK5",-0.173266502443905,0.83051842769989
"MAPKAPK5;TAZ",-0.1308226957537,0.83051842769989
"MAPKAPK5;WRN",-0.296381161698073,0.83051842769989
"AKT2;MAPKAPK5",-0.483545565297512,0.83051842769989
"MAPKAPK5;SRC",-0.0680657859842964,0.83051842769989
"DNMT3B;MAPKAPK5",-0.527505311999825,0.83051842769989
"APC;MAPKAPK5",-0.194794693627248,0.83051842769989
"ERBB2;MAPKAPK5",-0.026982672630114,0.83051842769989
"MAPKAPK5;YAP1",-0.183983205082982,0.83051842769989
"MAPKAPK5;PTPN11",-0.104575025103597,0.83051842769989
"CHEK1;MAPKAPK5",-1.73780733623823,0.996820526247479
"JAK1;MAPKAPK5",-0.622474197652939,0.83051842769989
"AKT1;NAE1",-0.275377563511979,0.83051842769989
"BRD4;NAE1",-0.221207070331802,0.83051842769989
"MYC;NAE1",-1.59838829990879,0.996820526247479
"MAP2K1;NAE1",-0.131816756797623,0.83051842769989
"MAPK1;NAE1",-0.176626179855553,0.83051842769989
"NAE1;WEE1",-0.784801837386433,0.855487292387285
"ARID1A;NAE1",-0.462685291236841,0.83051842769989
"NAE1;PRMT1",-1.20669619168828,0.959933455591054
"NAE1;PARP1",-1.0738284996683,0.920256306381883
"NAE1;PORCN",-0.228322986096037,0.83051842769989
"MDM2;NAE1",-0.52471120011786,0.83051842769989
"EGFR;NAE1",-0.390401484381993,0.83051842769989
"NAE1;SMAD4",-0.360119841949535,0.83051842769989
"DNMT1;NAE1",-0.594894088506464,0.83051842769989
"NAE1;RAF1",-0.269373440412964,0.83051842769989
"CDK6;NAE1",-0.786288463721505,0.855633034625726
"ATR;NAE1",-0.788979737150486,0.856024639264969
"MCL1;NAE1",-0.112956644866167,0.83051842769989
"BCL2;NAE1",-0.615520154276134,0.83051842769989
"NAE1;PRMT5",-0.762171839142062,0.853329897622711
"ATM;NAE1",-0.344130072802381,0.83051842769989
"BCL2L1;NAE1",-0.314537092490571,0.83051842769989
"KRAS;NAE1",-0.446177629676402,0.83051842769989
"CDK4;NAE1",-0.140845420200124,0.83051842769989
"CTNNB1;NAE1",-0.989072242358009,0.901524252272762
"BRAF;NAE1",0.0360442970128045,0.83051842769989
"MAP2K2;NAE1",-0.157845354214916,0.83051842769989
"NAE1;PIK3CA",-0.382894969621512,0.83051842769989
"IGF1R;NAE1",-0.324940788404358,0.83051842769989
"NAE1;TAZ",-0.191727832126269,0.83051842769989
"NAE1;WRN",-0.337277392860445,0.83051842769989
"AKT2;NAE1",-0.57524800973855,0.83051842769989
"NAE1;SRC",-0.169712846704504,0.83051842769989
"DNMT3B;NAE1",-0.547004367629169,0.83051842769989
"APC;NAE1",-0.247963781374632,0.83051842769989
"ERBB2;NAE1",-0.0707428295336442,0.83051842769989
"NAE1;YAP1",-0.219081602304562,0.83051842769989
"NAE1;PTPN11",-0.104705652971869,0.83051842769989
"CHEK1;NAE1",-1.72865769775095,0.996820526247479
"JAK1;NAE1",-0.616933672147078,0.83051842769989
"AKT1;MIB1",-0.367170259764505,0.83051842769989
"BRD4;MIB1",-0.239743755773473,0.83051842769989
"MIB1;MYC",-1.508335465589,0.996820526247479
"MAP2K1;MIB1",-0.160928218929769,0.83051842769989
"MAPK1;MIB1",-0.152721725465703,0.83051842769989
"MIB1;WEE1",-0.839028426595633,0.860372130595238
"ARID1A;MIB1",-0.405195185138376,0.83051842769989
"MIB1;PRMT1",-1.36528594383641,0.996820526247479
"MIB1;PARP1",-1.10956354633264,0.924073925414799
"MIB1;PORCN",-0.2651055321483,0.83051842769989
"MDM2;MIB1",-0.563427434933007,0.83051842769989
"EGFR;MIB1",-0.501013205858813,0.83051842769989
"MIB1;SMAD4",-0.372919659606716,0.83051842769989
"DNMT1;MIB1",-0.592278794973172,0.83051842769989
"MIB1;RAF1",-0.283414878232331,0.83051842769989
"CDK6;MIB1",-0.748284364578239,0.850595653567178
"ATR;MIB1",-1.09322914832996,0.92268351704861
"MCL1;MIB1",-0.105872519135469,0.83051842769989
"BCL2;MIB1",-0.470197471150095,0.83051842769989
"MIB1;PRMT5",-0.759928096013069,0.853063081294386
"ATM;MIB1",-0.351195943191006,0.83051842769989
"BCL2L1;MIB1",-0.302113658686636,0.83051842769989
"KRAS;MIB1",-0.441221100471377,0.83051842769989
"CDK4;MIB1",-0.146197624663182,0.83051842769989
"CTNNB1;MIB1",-1.01225555886072,0.907597062767499
"BRAF;MIB1",-0.166964499846088,0.83051842769989
"MAP2K2;MIB1",-0.170601379605568,0.83051842769989
"MIB1;PIK3CA",-0.482432093445703,0.83051842769989
"IGF1R;MIB1",-0.266806708058745,0.83051842769989
"MIB1;TAZ",-0.153908805233032,0.83051842769989
"MIB1;WRN",-0.305136069652976,0.83051842769989
"AKT2;MIB1",-0.477461443506796,0.83051842769989
"MIB1;SRC",-0.108332486770954,0.83051842769989
"DNMT3B;MIB1",-0.499791516521374,0.83051842769989
"APC;MIB1",-0.229843352966492,0.83051842769989
"ERBB2;MIB1",-0.118315072639789,0.83051842769989
"MIB1;YAP1",-0.259375690355229,0.83051842769989
"MIB1;PTPN11",-0.0967301836877599,0.83051842769989
"CHEK1;MIB1",-1.7622639500117,0.996820526247479
"JAK1;MIB1",-0.557650279868203,0.83051842769989
"AKT1;CNPY2",-0.360748782185724,0.83051842769989
"BRD4;CNPY2",-0.211129333778614,0.83051842769989
"CNPY2;MYC",-1.55797701047948,0.996820526247479
"CNPY2;MAP2K1",-0.185284490976003,0.83051842769989
"CNPY2;MAPK1",-0.16468751470103,0.83051842769989
"CNPY2;WEE1",-0.825162856176841,0.858367750999105
"ARID1A;CNPY2",-0.438725459408674,0.83051842769989
"CNPY2;PRMT1",-1.34030830229102,0.994694093151451
"CNPY2;PARP1",-1.09162657188431,0.922559670123745
"CNPY2;PORCN",-0.2974413844961,0.83051842769989
"CNPY2;MDM2",-0.577523426386404,0.83051842769989
"CNPY2;EGFR",-0.511973817504183,0.83051842769989
"CNPY2;SMAD4",-0.325059118910951,0.83051842769989
"CNPY2;DNMT1",-0.5623614569382,0.83051842769989
"CNPY2;RAF1",-0.299033020669361,0.83051842769989
"CDK6;CNPY2",-0.802023277507623,0.857445669988327
"ATR;CNPY2",-1.0642980476974,0.9182116807466
"CNPY2;MCL1",-0.27152094008383,0.83051842769989
"BCL2;CNPY2",-0.624324639086119,0.83051842769989
"CNPY2;PRMT5",-0.632836866594373,0.83051842769989
"ATM;CNPY2",-0.351887471874093,0.83051842769989
"BCL2L1;CNPY2",-0.30367487681892,0.83051842769989
"CNPY2;KRAS",-0.426642041723174,0.83051842769989
"CDK4;CNPY2",-0.250054215622035,0.83051842769989
"CNPY2;CTNNB1",-1.02998970825979,0.91160116705027
"BRAF;CNPY2",-0.256919040252392,0.83051842769989
"CNPY2;MAP2K2",-0.226927405191744,0.83051842769989
"CNPY2;PIK3CA",-0.540775726109199,0.83051842769989
"CNPY2;IGF1R",-0.22812753050529,0.83051842769989
"CNPY2;TAZ",-0.255044680190332,0.83051842769989
"CNPY2;WRN",-0.318577211806064,0.83051842769989
"AKT2;CNPY2",-0.509715428686772,0.83051842769989
"CNPY2;SRC",-0.227582097964342,0.83051842769989
"CNPY2;DNMT3B",-0.499079687768396,0.83051842769989
"APC;CNPY2",-0.273309423833703,0.83051842769989
"CNPY2;ERBB2",-0.237849599389669,0.83051842769989
"CNPY2;YAP1",-0.195020101348199,0.83051842769989
"CNPY2;PTPN11",-0.245588372056016,0.83051842769989
"CHEK1;CNPY2",-1.72548338157833,0.996820526247479
"CNPY2;JAK1",-0.614629264200121,0.83051842769989
"AKT1;MEN1",-0.38187121550024,0.83051842769989
"BRD4;MEN1",-0.19727374369395,0.83051842769989
"MEN1;MYC",-1.54467689550568,0.996820526247479
"MAP2K1;MEN1",-0.163013498384419,0.83051842769989
"MAPK1;MEN1",-0.157110361173571,0.83051842769989
"MEN1;WEE1",-0.714461132194217,0.843210671096253
"ARID1A;MEN1",-0.421767049294674,0.83051842769989
"MEN1;PRMT1",-1.36984296886429,0.996820526247479
"MEN1;PARP1",-1.09763815551403,0.92317363085918
"MEN1;PORCN",-0.336431060723333,0.83051842769989
"MDM2;MEN1",-0.568953437136718,0.83051842769989
"EGFR;MEN1",-0.445598561153467,0.83051842769989
"MEN1;SMAD4",-0.32733365319258,0.83051842769989
"DNMT1;MEN1",-0.472372990993216,0.83051842769989
"MEN1;RAF1",-0.263792724337843,0.83051842769989
"CDK6;MEN1",-0.811345457185822,0.858150763100959
"ATR;MEN1",-0.977418651050378,0.89768213210521
"MCL1;MEN1",-0.20294747269762,0.83051842769989
"BCL2;MEN1",-0.626770843185061,0.83051842769989
"MEN1;PRMT5",-0.856096060724773,0.863920036674972
"ATM;MEN1",-0.387588479337036,0.83051842769989
"BCL2L1;MEN1",-0.238490479851035,0.83051842769989
"KRAS;MEN1",-0.423676255762791,0.83051842769989
"CDK4;MEN1",-0.182347447468479,0.83051842769989
"CTNNB1;MEN1",-1.00240294441877,0.904985038561323
"BRAF;MEN1",-0.17937392315207,0.83051842769989
"MAP2K2;MEN1",-0.0623125048851873,0.83051842769989
"MEN1;PIK3CA",-0.498184325748509,0.83051842769989
"IGF1R;MEN1",-0.246429125514428,0.83051842769989
"MEN1;TAZ",-0.153217686503906,0.83051842769989
"MEN1;WRN",-0.339968580154031,0.83051842769989
"AKT2;MEN1",-0.567904538733619,0.83051842769989
"MEN1;SRC",-0.152382029791774,0.83051842769989
"DNMT3B;MEN1",-0.497630780501768,0.83051842769989
"APC;MEN1",-0.237888079802263,0.83051842769989
"ERBB2;MEN1",0.0329950671402625,0.83051842769989
"MEN1;YAP1",-0.265355992959705,0.83051842769989
"MEN1;PTPN11",-0.127021093270538,0.83051842769989
"CHEK1;MEN1",-1.65816084546075,0.996820526247479
"JAK1;MEN1",-0.528971730517512,0.83051842769989
"AKT1;MAPK3",-0.367862459758461,0.83051842769989
"BRD4;MAPK3",-0.180071363875187,0.83051842769989
"MAPK3;MYC",-1.64642520318646,0.996820526247479
"MAP2K1;MAPK3",-0.167579979587762,0.83051842769989
"MAPK1;MAPK3",0.6817522632243,0.83051842769989
"MAPK3;WEE1",-0.710915164126116,0.841981018954274
"ARID1A;MAPK3",-0.454869773775463,0.83051842769989
"MAPK3;PRMT1",-1.35091845527842,0.996190953940186
"MAPK3;PARP1",-0.991113312289994,0.902179462081637
"MAPK3;PORCN",-0.291465045717036,0.83051842769989
"MAPK3;MDM2",-0.539336501808967,0.83051842769989
"EGFR;MAPK3",-0.47012163391232,0.83051842769989
"MAPK3;SMAD4",-0.33921819318035,0.83051842769989
"DNMT1;MAPK3",-0.621335904293947,0.83051842769989
"MAPK3;RAF1",-0.279261284648249,0.83051842769989
"CDK6;MAPK3",-0.691630483599725,0.83704328326344
"ATR;MAPK3",-1.05072277425482,0.91484863402705
"MAPK3;MCL1",-0.172994926713347,0.83051842769989
"BCL2;MAPK3",-0.635486182572216,0.83051842769989
"MAPK3;PRMT5",-0.584696314118824,0.83051842769989
"ATM;MAPK3",-0.214746865333027,0.83051842769989
"BCL2L1;MAPK3",-0.311444911186273,0.83051842769989
"KRAS;MAPK3",-0.422027135260507,0.83051842769989
"CDK4;MAPK3",-0.115136473825561,0.83051842769989
"CTNNB1;MAPK3",-0.872548507702764,0.86631916978168
"BRAF;MAPK3",-0.126722063535616,0.83051842769989
"MAP2K2;MAPK3",0.0031674649889441,0.83051842769989
"MAPK3;PIK3CA",-0.56145471389098,0.83051842769989
"IGF1R;MAPK3",-0.308674883672183,0.83051842769989
"MAPK3;TAZ",-0.155763075856138,0.83051842769989
"MAPK3;WRN",-0.296448419489291,0.83051842769989
"AKT2;MAPK3",-0.544058876059667,0.83051842769989
"MAPK3;SRC",-0.0912720906457682,0.83051842769989
"DNMT3B;MAPK3",-0.497859925805579,0.83051842769989
"APC;MAPK3",-0.25592236020921,0.83051842769989
"ERBB2;MAPK3",-0.174188063686581,0.83051842769989
"MAPK3;YAP1",-0.255900476648647,0.83051842769989
"MAPK3;PTPN11",-0.0286064417101459,0.83051842769989
"CHEK1;MAPK3",-1.73777212002512,0.996820526247479
"JAK1;MAPK3",-0.545614642124347,0.83051842769989
"AKT1;NOTCH1",-0.367337745419196,0.83051842769989
"BRD4;NOTCH1",-0.160394916147093,0.83051842769989
"MYC;NOTCH1",-1.46352511341884,0.996820526247479
"MAP2K1;NOTCH1",-0.244960016387569,0.83051842769989
"MAPK1;NOTCH1",-0.148996461105963,0.83051842769989
"NOTCH1;WEE1",-0.869118180890681,0.865507228575333
"ARID1A;NOTCH1",-0.325164316531321,0.83051842769989
"NOTCH1;PRMT1",-1.35247808950726,0.99627433411809
"NOTCH1;PARP1",-1.10039328468713,0.923452397685076
"NOTCH1;PORCN",-0.319767742322435,0.83051842769989
"MDM2;NOTCH1",-0.554666173038604,0.83051842769989
"EGFR;NOTCH1",-0.507350415218634,0.83051842769989
"NOTCH1;SMAD4",-0.146306369390268,0.83051842769989
"DNMT1;NOTCH1",-0.540178569205965,0.83051842769989
"NOTCH1;RAF1",-0.285790607399532,0.83051842769989
"CDK6;NOTCH1",-0.655564632994233,0.83051842769989
"ATR;NOTCH1",-1.12173667255574,0.924916103508183
"MCL1;NOTCH1",-0.262838625314506,0.83051842769989
"BCL2;NOTCH1",-0.631373058227543,0.83051842769989
"NOTCH1;PRMT5",-0.763744616339272,0.853329897622711
"ATM;NOTCH1",-0.360758585495905,0.83051842769989
"BCL2L1;NOTCH1",-0.335733985317915,0.83051842769989
"KRAS;NOTCH1",-0.41769882649997,0.83051842769989
"CDK4;NOTCH1",-0.241348957943952,0.83051842769989
"CTNNB1;NOTCH1",-0.928084671950353,0.88361283857199
"BRAF;NOTCH1",-0.256795133761298,0.83051842769989
"MAP2K2;NOTCH1",-0.247902194604013,0.83051842769989
"NOTCH1;PIK3CA",-0.459421218660025,0.83051842769989
"IGF1R;NOTCH1",-0.315474048459997,0.83051842769989
"NOTCH1;TAZ",-0.207210044592362,0.83051842769989
"NOTCH1;WRN",-0.293438992829781,0.83051842769989
"AKT2;NOTCH1",-0.54266168789439,0.83051842769989
"NOTCH1;SRC",-0.231419354368924,0.83051842769989
"DNMT3B;NOTCH1",-0.518201013482695,0.83051842769989
"APC;NOTCH1",-0.219905627047147,0.83051842769989
"ERBB2;NOTCH1",-0.151344739083573,0.83051842769989
"NOTCH1;YAP1",-0.275456024868273,0.83051842769989
"NOTCH1;PTPN11",-0.269881148989647,0.83051842769989
"CHEK1;NOTCH1",-1.56774325853601,0.996820526247479
"JAK1;NOTCH1",-0.611890376747916,0.83051842769989
"AKT1;ERBB3",-0.328522868367401,0.83051842769989
"BRD4;ERBB3",-0.172559941553675,0.83051842769989
"ERBB3;MYC",-1.40043380127516,0.996820526247479
"ERBB3;MAP2K1",-0.11632794015447,0.83051842769989
"ERBB3;MAPK1",-0.24757897662653,0.83051842769989
"ERBB3;WEE1",-0.860932979781627,0.864680931476723
"ARID1A;ERBB3",-0.442298187530395,0.83051842769989
"ERBB3;PRMT1",-1.38412905534974,0.996820526247479
"ERBB3;PARP1",-1.04844000906343,0.914255364463964
"ERBB3;PORCN",-0.335412417990276,0.83051842769989
"ERBB3;MDM2",-0.581673955459983,0.83051842769989
"EGFR;ERBB3",-0.498643210140448,0.83051842769989
"ERBB3;SMAD4",-0.242174778197935,0.83051842769989
"DNMT1;ERBB3",-0.512455291275343,0.83051842769989
"ERBB3;RAF1",-0.195354932747461,0.83051842769989
"CDK6;ERBB3",-0.769714270321891,0.854104319555729
"ATR;ERBB3",-0.980486271401045,0.898358785445461
"ERBB3;MCL1",-0.098939088121305,0.83051842769989
"BCL2;ERBB3",-0.653853088753604,0.83051842769989
"ERBB3;PRMT5",-0.749433517574919,0.850735461509962
"ATM;ERBB3",-0.275260842087712,0.83051842769989
"BCL2L1;ERBB3",-0.295940255672591,0.83051842769989
"ERBB3;KRAS",-0.434055576811981,0.83051842769989
"CDK4;ERBB3",-0.165071386689536,0.83051842769989
"CTNNB1;ERBB3",-0.972457608022772,0.896268538975162
"BRAF;ERBB3",-0.0520455413608553,0.83051842769989
"ERBB3;MAP2K2",0.0402379056949286,0.83051842769989
"ERBB3;PIK3CA",-0.544187454457092,0.83051842769989
"ERBB3;IGF1R",-0.253926788307223,0.83051842769989
"ERBB3;TAZ",-0.170979870414274,0.83051842769989
"ERBB3;WRN",-0.269603711517934,0.83051842769989
"AKT2;ERBB3",-0.55199675338713,0.83051842769989
"ERBB3;SRC",-0.107391496208281,0.83051842769989
"DNMT3B;ERBB3",-0.522473918887474,0.83051842769989
"APC;ERBB3",-0.247289152874473,0.83051842769989
"ERBB2;ERBB3",-0.0906693120738943,0.83051842769989
"ERBB3;YAP1",-0.307448160814463,0.83051842769989
"ERBB3;PTPN11",-0.188090124580858,0.83051842769989
"CHEK1;ERBB3",-1.64038705758172,0.996820526247479
"ERBB3;JAK1",-0.519343320153161,0.83051842769989
"AKT1;NAMPT",-0.313951487810769,0.83051842769989
"BRD4;NAMPT",-0.24333597984488,0.83051842769989
"MYC;NAMPT",-1.52490379282273,0.996820526247479
"MAP2K1;NAMPT",-0.24202650098385,0.83051842769989
"MAPK1;NAMPT",-0.173799565339872,0.83051842769989
"NAMPT;WEE1",-0.952471218374255,0.889777333530342
"ARID1A;NAMPT",-0.413143573445094,0.83051842769989
"NAMPT;PRMT1",-1.25648245018873,0.976196677960686
"NAMPT;PARP1",-1.08482553348931,0.922001026393481
"NAMPT;PORCN",-0.273881695489925,0.83051842769989
"MDM2;NAMPT",-0.594106141561908,0.83051842769989
"EGFR;NAMPT",-0.496523097319017,0.83051842769989
"NAMPT;SMAD4",-0.345351556894324,0.83051842769989
"DNMT1;NAMPT",-0.502934993783578,0.83051842769989
"NAMPT;RAF1",-0.161958573454956,0.83051842769989
"CDK6;NAMPT",-0.736557480289823,0.847770494812885
"ATR;NAMPT",-1.04926386253272,0.914344846135589
"MCL1;NAMPT",-0.187969447190021,0.83051842769989
"BCL2;NAMPT",-0.630233712939149,0.83051842769989
"NAMPT;PRMT5",-0.819272109825538,0.85826452060764
"ATM;NAMPT",-0.326517555425024,0.83051842769989
"BCL2L1;NAMPT",-0.266141755176129,0.83051842769989
"KRAS;NAMPT",-0.395035254346491,0.83051842769989
"CDK4;NAMPT",-0.219662274519011,0.83051842769989
"CTNNB1;NAMPT",-0.993201151458052,0.902755941389041
"BRAF;NAMPT",-0.166481671780735,0.83051842769989
"MAP2K2;NAMPT",-0.214405627930349,0.83051842769989
"NAMPT;PIK3CA",-0.503788565306415,0.83051842769989
"IGF1R;NAMPT",-0.340210675988172,0.83051842769989
"NAMPT;TAZ",-0.246578908670278,0.83051842769989
"NAMPT;WRN",-0.197988824977757,0.83051842769989
"AKT2;NAMPT",-0.534879549077842,0.83051842769989
"NAMPT;SRC",-0.244874984190815,0.83051842769989
"DNMT3B;NAMPT",-0.472407249445336,0.83051842769989
"APC;NAMPT",-0.255442356950592,0.83051842769989
"ERBB2;NAMPT",-0.132265088037305,0.83051842769989
"NAMPT;YAP1",-0.28204446510054,0.83051842769989
"NAMPT;PTPN11",-0.20307282442414,0.83051842769989
"CHEK1;NAMPT",-1.73804197143279,0.996820526247479
"JAK1;NAMPT",-0.581361224448586,0.83051842769989
"AKT1;CDK20",-0.330244416024989,0.83051842769989
"BRD4;CDK20",-0.21876488841091,0.83051842769989
"CDK20;MYC",-1.63580380294511,0.996820526247479
"CDK20;MAP2K1",-0.155022348637371,0.83051842769989
"CDK20;MAPK1",-0.23390778749521,0.83051842769989
"CDK20;WEE1",-0.864433620381996,0.864875045592771
"ARID1A;CDK20",-0.448929374056859,0.83051842769989
"CDK20;PRMT1",-1.33590549023727,0.99414539989075
"CDK20;PARP1",-1.09413307318663,0.922929863277658
"CDK20;PORCN",-0.356392173931325,0.83051842769989
"CDK20;MDM2",-0.56851054745422,0.83051842769989
"CDK20;EGFR",-0.480345059206314,0.83051842769989
"CDK20;SMAD4",-0.255440097624832,0.83051842769989
"CDK20;DNMT1",-0.596803803692819,0.83051842769989
"CDK20;RAF1",-0.235771016538598,0.83051842769989
"CDK20;CDK6",-0.694954236725013,0.837847137993441
"ATR;CDK20",-1.08713263086704,0.922001026393481
"CDK20;MCL1",-0.236468585020324,0.83051842769989
"BCL2;CDK20",-0.607690475120259,0.83051842769989
"CDK20;PRMT5",-0.845184516805239,0.861446481967918
"ATM;CDK20",-0.360799219473402,0.83051842769989
"BCL2L1;CDK20",-0.260486783325669,0.83051842769989
"CDK20;KRAS",-0.395397666263127,0.83051842769989
"CDK20;CDK4",-0.192858179879087,0.83051842769989
"CDK20;CTNNB1",-0.94324362854122,0.88767831676776
"BRAF;CDK20",-0.123511682276397,0.83051842769989
"CDK20;MAP2K2",-0.119436504824358,0.83051842769989
"CDK20;PIK3CA",-0.490009022369325,0.83051842769989
"CDK20;IGF1R",-0.278916672867789,0.83051842769989
"CDK20;TAZ",-0.214062073279289,0.83051842769989
"CDK20;WRN",-0.28807453884532,0.83051842769989
"AKT2;CDK20",-0.510797148506659,0.83051842769989
"CDK20;SRC",-0.157949161808601,0.83051842769989
"CDK20;DNMT3B",-0.508077159042832,0.83051842769989
"APC;CDK20",-0.205736624002836,0.83051842769989
"CDK20;ERBB2",-0.202185388002639,0.83051842769989
"CDK20;YAP1",-0.159097337778935,0.83051842769989
"CDK20;PTPN11",-0.235828332423703,0.83051842769989
"CDK20;CHEK1",-1.62766284802884,0.996820526247479
"CDK20;JAK1",-0.543689523923253,0.83051842769989
"AKT1;BIRC6",-0.353435566304442,0.83051842769989
"BIRC6;BRD4",-0.207597433991096,0.83051842769989
"BIRC6;MYC",-1.41516282630164,0.996820526247479
"BIRC6;MAP2K1",-0.0173070109916596,0.83051842769989
"BIRC6;MAPK1",-0.181682398905594,0.83051842769989
"BIRC6;WEE1",-0.90333655799027,0.876360056249955
"ARID1A;BIRC6",-0.4710064552532,0.83051842769989
"BIRC6;PRMT1",-1.29021713989277,0.98531350587617
"BIRC6;PARP1",-1.1053598120027,0.923850009252945
"BIRC6;PORCN",-0.298971075035374,0.83051842769989
"BIRC6;MDM2",-0.561047553739883,0.83051842769989
"BIRC6;EGFR",-0.417451092767666,0.83051842769989
"BIRC6;SMAD4",-0.362062194027869,0.83051842769989
"BIRC6;DNMT1",-0.59225174327376,0.83051842769989
"BIRC6;RAF1",-0.253649217706004,0.83051842769989
"BIRC6;CDK6",-0.565565541679955,0.83051842769989
"ATR;BIRC6",-1.0907120316921,0.922413808186972
"BIRC6;MCL1",-0.160203771619304,0.83051842769989
"BCL2;BIRC6",-0.595919380842693,0.83051842769989
"BIRC6;PRMT5",-0.841133961297742,0.860658710032528
"ATM;BIRC6",-0.314094693696992,0.83051842769989
"BCL2L1;BIRC6",-0.278808307436771,0.83051842769989
"BIRC6;KRAS",-0.449816387764798,0.83051842769989
"BIRC6;CDK4",-0.105199786739939,0.83051842769989
"BIRC6;CTNNB1",-1.04092167226845,0.913419946253691
"BIRC6;BRAF",-0.043596048773555,0.83051842769989
"BIRC6;MAP2K2",-0.0829496555177003,0.83051842769989
"BIRC6;PIK3CA",-0.545063190360446,0.83051842769989
"BIRC6;IGF1R",-0.332114502947664,0.83051842769989
"BIRC6;TAZ",-0.191374506062662,0.83051842769989
"BIRC6;WRN",-0.29740513622373,0.83051842769989
"AKT2;BIRC6",-0.509313453985967,0.83051842769989
"BIRC6;SRC",-0.0759502425620644,0.83051842769989
"BIRC6;DNMT3B",-0.501207979309734,0.83051842769989
"APC;BIRC6",-0.158221268427433,0.83051842769989
"BIRC6;ERBB2",-0.147634617879361,0.83051842769989
"BIRC6;YAP1",0.102756664719716,0.83051842769989
"BIRC6;PTPN11",-0.151685450220856,0.83051842769989
"BIRC6;CHEK1",-1.66731569894606,0.996820526247479
"BIRC6;JAK1",-0.562783777192865,0.83051842769989
"AKT1;UCK2",-0.352808010992634,0.83051842769989
"BRD4;UCK2",-0.275878276170034,0.83051842769989
"MYC;UCK2",-1.59644705553321,0.996820526247479
"MAP2K1;UCK2",-0.260497356006046,0.83051842769989
"MAPK1;UCK2",-0.291264410146791,0.83051842769989
"UCK2;WEE1",-0.877706923410153,0.868210001297814
"ARID1A;UCK2",-0.464098605597134,0.83051842769989
"PRMT1;UCK2",-1.3094803461904,0.98937615153971
"PARP1;UCK2",-1.0068547629923,0.905925782677944
"PORCN;UCK2",-0.292507901592231,0.83051842769989
"MDM2;UCK2",-0.469403452795313,0.83051842769989
"EGFR;UCK2",-0.487743559060507,0.83051842769989
"SMAD4;UCK2",-0.364554057195207,0.83051842769989
"DNMT1;UCK2",-0.529548329176872,0.83051842769989
"RAF1;UCK2",-0.271048787950172,0.83051842769989
"CDK6;UCK2",-0.715269139196787,0.843286517848186
"ATR;UCK2",-0.939479156404704,0.886526866769303
"MCL1;UCK2",-0.229209129260815,0.83051842769989
"BCL2;UCK2",-0.538067848981162,0.83051842769989
"PRMT5;UCK2",-0.756409995316674,0.852453577462463
"ATM;UCK2",-0.39181602433082,0.83051842769989
"BCL2L1;UCK2",-0.256690153487008,0.83051842769989
"KRAS;UCK2",-0.443412561467983,0.83051842769989
"CDK4;UCK2",-0.295022619179192,0.83051842769989
"CTNNB1;UCK2",-0.842615632283968,0.860876093248306
"BRAF;UCK2",-0.266352304554721,0.83051842769989
"MAP2K2;UCK2",-0.308332452308501,0.83051842769989
"PIK3CA;UCK2",-0.50479639939463,0.83051842769989
"IGF1R;UCK2",-0.308168126820247,0.83051842769989
"TAZ;UCK2",-0.290721807855441,0.83051842769989
"UCK2;WRN",-0.285413926697974,0.83051842769989
"AKT2;UCK2",-0.561519936700885,0.83051842769989
"SRC;UCK2",-0.295804572315261,0.83051842769989
"DNMT3B;UCK2",-0.504273224528028,0.83051842769989
"APC;UCK2",-0.266543972225357,0.83051842769989
"ERBB2;UCK2",-0.266748147588576,0.83051842769989
"UCK2;YAP1",-0.324222843605323,0.83051842769989
"PTPN11;UCK2",-0.234059789601118,0.83051842769989
"CHEK1;UCK2",-1.64367256064822,0.996820526247479
"JAK1;UCK2",-0.547355496352924,0.83051842769989
"AKT1;PRKACB",-0.331129336530762,0.83051842769989
"BRD4;PRKACB",-0.361110991582311,0.83051842769989
"MYC;PRKACB",-1.64465562176868,0.996820526247479
"MAP2K1;PRKACB",-0.374641779266272,0.83051842769989
"MAPK1;PRKACB",-0.313617546605932,0.83051842769989
"PRKACB;WEE1",-0.930779501293299,0.883973648667152
"ARID1A;PRKACB",-0.420316142319443,0.83051842769989
"PRKACB;PRMT1",-1.33878333133243,0.994559261927194
"PARP1;PRKACB",-1.06525234168644,0.918282616296707
"PORCN;PRKACB",-0.312847158622827,0.83051842769989
"MDM2;PRKACB",-0.54661098237918,0.83051842769989
"EGFR;PRKACB",-0.453041003196497,0.83051842769989
"PRKACB;SMAD4",-0.302116085202807,0.83051842769989
"DNMT1;PRKACB",-0.562655623110269,0.83051842769989
"PRKACB;RAF1",-0.327181789150584,0.83051842769989
"CDK6;PRKACB",-0.829818128154548,0.858667905495995
"ATR;PRKACB",-0.795228418550597,0.857223296658322
"MCL1;PRKACB",-0.263920143145261,0.83051842769989
"BCL2;PRKACB",-0.642980882134728,0.83051842769989
"PRKACB;PRMT5",-0.797332800685556,0.857283743205485
"ATM;PRKACB",-0.393905641858491,0.83051842769989
"BCL2L1;PRKACB",-0.176316404220823,0.83051842769989
"KRAS;PRKACB",-0.457887243012029,0.83051842769989
"CDK4;PRKACB",-0.338324605807231,0.83051842769989
"CTNNB1;PRKACB",-1.03234899153154,0.91231028271912
"BRAF;PRKACB",-0.36578219507774,0.83051842769989
"MAP2K2;PRKACB",-0.369507637942342,0.83051842769989
"PIK3CA;PRKACB",-0.55753588064377,0.83051842769989
"IGF1R;PRKACB",-0.26773252397743,0.83051842769989
"PRKACB;TAZ",-0.312529564614822,0.83051842769989
"PRKACB;WRN",-0.341432287789003,0.83051842769989
"AKT2;PRKACB",-0.480683680759859,0.83051842769989
"PRKACB;SRC",-0.308368255264071,0.83051842769989
"DNMT3B;PRKACB",-0.496813096760732,0.83051842769989
"APC;PRKACB",-0.28821469832311,0.83051842769989
"ERBB2;PRKACB",-0.349101872964178,0.83051842769989
"PRKACB;YAP1",-0.249895347327857,0.83051842769989
"PRKACB;PTPN11",-0.369478133898063,0.83051842769989
"CHEK1;PRKACB",-1.69970442988526,0.996820526247479
"JAK1;PRKACB",-0.607570102842548,0.83051842769989
"AKT1;ILK",-0.349283551591861,0.83051842769989
"BRD4;ILK",-0.245039614187772,0.83051842769989
"ILK;MYC",-1.35376379283859,0.99627433411809
"ILK;MAP2K1",-0.186659158310142,0.83051842769989
"ILK;MAPK1",-0.232572879357197,0.83051842769989
"ILK;WEE1",-0.823664055706018,0.858327427499431
"ARID1A;ILK",-0.424000760739432,0.83051842769989
"ILK;PRMT1",-1.33811889622723,0.994515863842088
"ILK;PARP1",-1.02852003988938,0.911251543949215
"ILK;PORCN",-0.346653798814392,0.83051842769989
"ILK;MDM2",-0.557602818371498,0.83051842769989
"EGFR;ILK",-0.362374943717433,0.83051842769989
"ILK;SMAD4",-0.369727472717049,0.83051842769989
"DNMT1;ILK",-0.226890873745183,0.83051842769989
"ILK;RAF1",-0.182791716882152,0.83051842769989
"CDK6;ILK",-0.773464312415037,0.854846968704009
"ATR;ILK",-1.08821952280442,0.922001026393481
"ILK;MCL1",0.355189401570401,0.83051842769989
"BCL2;ILK",-0.666305366632655,0.83051842769989
"ILK;PRMT5",-0.86305499174563,0.864875045592771
"ATM;ILK",-0.359834971859675,0.83051842769989
"BCL2L1;ILK",-0.226728226724796,0.83051842769989
"ILK;KRAS",-0.385447439465604,0.83051842769989
"CDK4;ILK",-0.22293430102531,0.83051842769989
"CTNNB1;ILK",-0.990469640882685,0.902017973044251
"BRAF;ILK",-0.206752247817502,0.83051842769989
"ILK;MAP2K2",-0.168944859967235,0.83051842769989
"ILK;PIK3CA",-0.493975005918194,0.83051842769989
"IGF1R;ILK",-0.297464512382347,0.83051842769989
"ILK;TAZ",-0.194484776396123,0.83051842769989
"ILK;WRN",-0.276759636940735,0.83051842769989
"AKT2;ILK",-0.491081991918669,0.83051842769989
"ILK;SRC",-0.199398206488806,0.83051842769989
"DNMT3B;ILK",-0.536960103554936,0.83051842769989
"APC;ILK",-0.2286132036757,0.83051842769989
"ERBB2;ILK",-0.204208444746775,0.83051842769989
"ILK;YAP1",-0.299054446392201,0.83051842769989
"ILK;PTPN11",-0.184758180910529,0.83051842769989
"CHEK1;ILK",-1.73712979207549,0.996820526247479
"ILK;JAK1",-0.618397704693712,0.83051842769989
"AKT1;MAP2K4",-0.379050139586657,0.83051842769989
"BRD4;MAP2K4",-0.302857835704197,0.83051842769989
"MAP2K4;MYC",-1.63944285990042,0.996820526247479
"MAP2K1;MAP2K4",-0.328936232568948,0.83051842769989
"MAP2K4;MAPK1",-0.297408067763021,0.83051842769989
"MAP2K4;WEE1",-0.90218559494601,0.876113000379041
"ARID1A;MAP2K4",-0.453847796927633,0.83051842769989
"MAP2K4;PRMT1",-1.30633241490818,0.989008370661862
"MAP2K4;PARP1",-1.12278975041436,0.924916103508183
"MAP2K4;PORCN",-0.353414605524628,0.83051842769989
"MAP2K4;MDM2",-0.575179085860926,0.83051842769989
"EGFR;MAP2K4",-0.476909721169649,0.83051842769989
"MAP2K4;SMAD4",-0.365663348103508,0.83051842769989
"DNMT1;MAP2K4",-0.56915596531249,0.83051842769989
"MAP2K4;RAF1",-0.265291056560914,0.83051842769989
"CDK6;MAP2K4",-0.780395816971461,0.855392982465961
"ATR;MAP2K4",-1.0852757382303,0.922001026393481
"MAP2K4;MCL1",-0.258206237616741,0.83051842769989
"BCL2;MAP2K4",-0.65989837772098,0.83051842769989
"MAP2K4;PRMT5",-0.840902328406295,0.860658710032528
"ATM;MAP2K4",-0.354079378879651,0.83051842769989
"BCL2L1;MAP2K4",-0.294138902430025,0.83051842769989
"KRAS;MAP2K4",-0.437726547551141,0.83051842769989
"CDK4;MAP2K4",-0.2800319858095,0.83051842769989
"CTNNB1;MAP2K4",-1.0041010092444,0.905162702593527
"BRAF;MAP2K4",-0.320379069765216,0.83051842769989
"MAP2K2;MAP2K4",-0.329605107385173,0.83051842769989
"MAP2K4;PIK3CA",-0.453463299593957,0.83051842769989
"IGF1R;MAP2K4",-0.300470173700062,0.83051842769989
"MAP2K4;TAZ",-0.273417463649878,0.83051842769989
"MAP2K4;WRN",-0.293887352394655,0.83051842769989
"AKT2;MAP2K4",-0.535165155389829,0.83051842769989
"MAP2K4;SRC",-0.276008885130064,0.83051842769989
"DNMT3B;MAP2K4",-0.531809308856739,0.83051842769989
"APC;MAP2K4",-0.321225649609836,0.83051842769989
"ERBB2;MAP2K4",-0.313873984613202,0.83051842769989
"MAP2K4;YAP1",-0.314401828099902,0.83051842769989
"MAP2K4;PTPN11",-0.289678197166122,0.83051842769989
"CHEK1;MAP2K4",-1.57456701373872,0.996820526247479
"JAK1;MAP2K4",-0.599102318828116,0.83051842769989
"AKT1;NTRK1",-0.334304308409485,0.83051842769989
"BRD4;NTRK1",-0.240067924734685,0.83051842769989
"MYC;NTRK1",-1.65131542999721,0.996820526247479
"MAP2K1;NTRK1",-0.0796652922384624,0.83051842769989
"MAPK1;NTRK1",-0.192996677459636,0.83051842769989
"NTRK1;WEE1",-0.877394132074995,0.868121654494612
"ARID1A;NTRK1",-0.452188352390055,0.83051842769989
"NTRK1;PRMT1",-1.17663849784749,0.948029370938388
"NTRK1;PARP1",-1.09941946937236,0.923452397685076
"NTRK1;PORCN",-0.271752114259094,0.83051842769989
"MDM2;NTRK1",-0.517911977723081,0.83051842769989
"EGFR;NTRK1",-0.444385088837054,0.83051842769989
"NTRK1;SMAD4",-0.253975667455786,0.83051842769989
"DNMT1;NTRK1",-0.6021964922723,0.83051842769989
"NTRK1;RAF1",-0.268283537430315,0.83051842769989
"CDK6;NTRK1",-0.71038582419892,0.841953357183135
"ATR;NTRK1",-1.03789075517895,0.913419946253691
"MCL1;NTRK1",0.078538498785281,0.83051842769989
"BCL2;NTRK1",-0.566052744292086,0.83051842769989
"NTRK1;PRMT5",-0.830216371085257,0.858667905495995
"ATM;NTRK1",-0.344184734072328,0.83051842769989
"BCL2L1;NTRK1",-0.256306865388864,0.83051842769989
"KRAS;NTRK1",-0.453844257952792,0.83051842769989
"CDK4;NTRK1",-0.0891325732681629,0.83051842769989
"CTNNB1;NTRK1",-1.03588791343505,0.913394991889077
"BRAF;NTRK1",0.0196623257679617,0.83051842769989
"MAP2K2;NTRK1",-0.146208823895815,0.83051842769989
"NTRK1;PIK3CA",-0.520352784442439,0.83051842769989
"IGF1R;NTRK1",-0.202268888532486,0.83051842769989
"NTRK1;TAZ",-0.12175455720318,0.83051842769989
"NTRK1;WRN",-0.213662515170825,0.83051842769989
"AKT2;NTRK1",-0.525332114853954,0.83051842769989
"NTRK1;SRC",-0.0753768811053927,0.83051842769989
"DNMT3B;NTRK1",-0.475065798616534,0.83051842769989
"APC;NTRK1",-0.216727461070612,0.83051842769989
"ERBB2;NTRK1",-0.125093920725118,0.83051842769989
"NTRK1;YAP1",-0.293897495554922,0.83051842769989
"NTRK1;PTPN11",-0.160700381497662,0.83051842769989
"CHEK1;NTRK1",-1.72594299436602,0.996820526247479
"JAK1;NTRK1",-0.583319638071831,0.83051842769989
"AKT1;WASL",-0.176526443803684,0.83051842769989
"BRD4;WASL",-0.250076702900202,0.83051842769989
"MYC;WASL",-1.55343131541799,0.996820526247479
"MAP2K1;WASL",-0.26048790753618,0.83051842769989
"MAPK1;WASL",-0.297421938203803,0.83051842769989
"WASL;WEE1",-0.779827588829944,0.855392982465961
"ARID1A;WASL",-0.465531012876891,0.83051842769989
"PRMT1;WASL",-1.33747022215228,0.994421301330497
"PARP1;WASL",-1.04668968974397,0.913937683631205
"PORCN;WASL",-0.30100701431808,0.83051842769989
"MDM2;WASL",-0.550320047366383,0.83051842769989
"EGFR;WASL",-0.398328511348373,0.83051842769989
"SMAD4;WASL",-0.360903047534033,0.83051842769989
"DNMT1;WASL",-0.500625784727898,0.83051842769989
"RAF1;WASL",-0.243927520931684,0.83051842769989
"CDK6;WASL",-0.816701564868921,0.858150763100959
"ATR;WASL",-1.06757113685051,0.918877335897772
"MCL1;WASL",-0.322579888311675,0.83051842769989
"BCL2;WASL",-0.662958096839381,0.83051842769989
"PRMT5;WASL",-0.839803869147969,0.860473806873855
"ATM;WASL",-0.21091223347247,0.83051842769989
"BCL2L1;WASL",-0.190521335707069,0.83051842769989
"KRAS;WASL",-0.363532370211761,0.83051842769989
"CDK4;WASL",-0.246719054511216,0.83051842769989
"CTNNB1;WASL",-1.01014584393707,0.907078303192916
"BRAF;WASL",-0.221777617176427,0.83051842769989
"MAP2K2;WASL",-0.292805700337282,0.83051842769989
"PIK3CA;WASL",-0.451508604246768,0.83051842769989
"IGF1R;WASL",-0.320893538198349,0.83051842769989
"TAZ;WASL",-0.287709373799812,0.83051842769989
"WASL;WRN",-0.324404249278114,0.83051842769989
"AKT2;WASL",-0.521111430054536,0.83051842769989
"SRC;WASL",-0.255033397645405,0.83051842769989
"DNMT3B;WASL",-0.4761727894662,0.83051842769989
"APC;WASL",-0.311686189315207,0.83051842769989
"ERBB2;WASL",-0.189905934006126,0.83051842769989
"WASL;YAP1",-0.276710947845818,0.83051842769989
"PTPN11;WASL",-0.28553016233461,0.83051842769989
"CHEK1;WASL",-1.5390735232118,0.996820526247479
"JAK1;WASL",-0.604385381795985,0.83051842769989
"AKT1;OPA1",-0.294574960445947,0.83051842769989
"BRD4;OPA1",-0.249499427831123,0.83051842769989
"MYC;OPA1",-1.51508894132799,0.996820526247479
"MAP2K1;OPA1",-0.0476818532209727,0.83051842769989
"MAPK1;OPA1",-0.12329587817501,0.83051842769989
"OPA1;WEE1",-0.839358652448149,0.860418450565195
"ARID1A;OPA1",-0.475013493997679,0.83051842769989
"OPA1;PRMT1",-1.2734061547789,0.981123201355568
"OPA1;PARP1",-1.0846311952833,0.922001026393481
"OPA1;PORCN",-0.262547729353491,0.83051842769989
"MDM2;OPA1",-0.532060418584342,0.83051842769989
"EGFR;OPA1",-0.488606703310789,0.83051842769989
"OPA1;SMAD4",-0.20992199867628,0.83051842769989
"DNMT1;OPA1",-0.607001422812539,0.83051842769989
"OPA1;RAF1",-0.250866130720321,0.83051842769989
"CDK6;OPA1",-0.759830444744063,0.853063081294386
"ATR;OPA1",-0.946840883363123,0.88834744878386
"MCL1;OPA1",-0.0726703010520895,0.83051842769989
"BCL2;OPA1",-0.634223245165156,0.83051842769989
"OPA1;PRMT5",-0.825838220423881,0.858367750999105
"ATM;OPA1",-0.338502847571876,0.83051842769989
"BCL2L1;OPA1",-0.329908558083927,0.83051842769989
"KRAS;OPA1",-0.399620914844728,0.83051842769989
"CDK4;OPA1",-0.134182172495086,0.83051842769989
"CTNNB1;OPA1",-0.848917703934194,0.862579524140995
"BRAF;OPA1",0.0530951987698875,0.83051842769989
"MAP2K2;OPA1",-0.145335215965876,0.83051842769989
"OPA1;PIK3CA",-0.506632294661008,0.83051842769989
"IGF1R;OPA1",-0.344344658625375,0.83051842769989
"OPA1;TAZ",0.046537043268431,0.83051842769989
"OPA1;WRN",-0.189405377267734,0.83051842769989
"AKT2;OPA1",-0.527916912091484,0.83051842769989
"OPA1;SRC",-0.120767860710866,0.83051842769989
"DNMT3B;OPA1",-0.448807563953256,0.83051842769989
"APC;OPA1",-0.201455127131647,0.83051842769989
"ERBB2;OPA1",-0.104636505740275,0.83051842769989
"OPA1;YAP1",-0.299768648904988,0.83051842769989
"OPA1;PTPN11",-0.168105806046335,0.83051842769989
"CHEK1;OPA1",-1.67442227359037,0.996820526247479
"JAK1;OPA1",-0.515516425545089,0.83051842769989
"AKT1;CDCA5",-0.344435062427455,0.83051842769989
"BRD4;CDCA5",-0.245407954425985,0.83051842769989
"CDCA5;MYC",-1.6251304068378,0.996820526247479
"CDCA5;MAP2K1",-0.100858720880849,0.83051842769989
"CDCA5;MAPK1",-0.190817899209965,0.83051842769989
"CDCA5;WEE1",-0.827402077664453,0.858367750999105
"ARID1A;CDCA5",-0.421737137582631,0.83051842769989
"CDCA5;PRMT1",-1.38784763410749,0.996820526247479
"CDCA5;PARP1",-1.05694013657222,0.916435879305616
"CDCA5;PORCN",-0.271750429471662,0.83051842769989
"CDCA5;MDM2",-0.524127182458149,0.83051842769989
"CDCA5;EGFR",-0.503461106429855,0.83051842769989
"CDCA5;SMAD4",-0.318437688398507,0.83051842769989
"CDCA5;DNMT1",-0.591579765168735,0.83051842769989
"CDCA5;RAF1",-0.285755668187121,0.83051842769989
"CDCA5;CDK6",-0.763167098646933,0.853329897622711
"ATR;CDCA5",-1.08171413090125,0.921488432930172
"CDCA5;MCL1",-0.058071369721989,0.83051842769989
"BCL2;CDCA5",-0.617279586887584,0.83051842769989
"CDCA5;PRMT5",-0.778061832598799,0.855392982465961
"ATM;CDCA5",-0.330694228241325,0.83051842769989
"BCL2L1;CDCA5",-0.330127362817907,0.83051842769989
"CDCA5;KRAS",-0.389494440704298,0.83051842769989
"CDCA5;CDK4",-0.103150362752886,0.83051842769989
"CDCA5;CTNNB1",-1.04715948622627,0.913965240315988
"BRAF;CDCA5",-0.106942323349503,0.83051842769989
"CDCA5;MAP2K2",-0.128326620968173,0.83051842769989
"CDCA5;PIK3CA",-0.560383422431179,0.83051842769989
"CDCA5;IGF1R",-0.31462612379636,0.83051842769989
"CDCA5;TAZ",-0.124864671596879,0.83051842769989
"CDCA5;WRN",-0.327191787914759,0.83051842769989
"AKT2;CDCA5",-0.563487128395033,0.83051842769989
"CDCA5;SRC",-0.109261537384043,0.83051842769989
"CDCA5;DNMT3B",-0.536802306603222,0.83051842769989
"APC;CDCA5",-0.241996137869606,0.83051842769989
"CDCA5;ERBB2",-0.102942266513949,0.83051842769989
"CDCA5;YAP1",-0.282129620903742,0.83051842769989
"CDCA5;PTPN11",-0.116107770374412,0.83051842769989
"CDCA5;CHEK1",-1.66210752090385,0.996820526247479
"CDCA5;JAK1",-0.589574226509971,0.83051842769989
"AKT1;FKBP1A",-0.292428394927024,0.83051842769989
"BRD4;FKBP1A",-0.200575528536898,0.83051842769989
"FKBP1A;MYC",-1.62112204241715,0.996820526247479
"FKBP1A;MAP2K1",-0.276586866088672,0.83051842769989
"FKBP1A;MAPK1",-0.27284180974709,0.83051842769989
"FKBP1A;WEE1",-0.82735664278573,0.858367750999105
"ARID1A;FKBP1A",-0.437673318143738,0.83051842769989
"FKBP1A;PRMT1",-1.35644723414416,0.996592679322723
"FKBP1A;PARP1",-1.07982480351787,0.921466202808487
"FKBP1A;PORCN",-0.338740759406589,0.83051842769989
"FKBP1A;MDM2",-0.577926709631003,0.83051842769989
"EGFR;FKBP1A",-0.513700528732237,0.83051842769989
"FKBP1A;SMAD4",-0.372302215005652,0.83051842769989
"DNMT1;FKBP1A",-0.468243997327973,0.83051842769989
"FKBP1A;RAF1",-0.25426332543375,0.83051842769989
"CDK6;FKBP1A",-0.80806048940329,0.858126395032604
"ATR;FKBP1A",-1.1246483975402,0.924916103508183
"FKBP1A;MCL1",-0.270631074885634,0.83051842769989
"BCL2;FKBP1A",-0.557916921291351,0.83051842769989
"FKBP1A;PRMT5",-0.769232435905884,0.854077135207975
"ATM;FKBP1A",-0.398709318763667,0.83051842769989
"BCL2L1;FKBP1A",-0.26442961282251,0.83051842769989
"FKBP1A;KRAS",-0.40399729278201,0.83051842769989
"CDK4;FKBP1A",-0.16042014399833,0.83051842769989
"CTNNB1;FKBP1A",-0.944770404291776,0.887878207912766
"BRAF;FKBP1A",-0.16817540037766,0.83051842769989
"FKBP1A;MAP2K2",-0.27429164225407,0.83051842769989
"FKBP1A;PIK3CA",-0.481622922070034,0.83051842769989
"FKBP1A;IGF1R",-0.359586675109472,0.83051842769989
"FKBP1A;TAZ",-0.260061054853266,0.83051842769989
"FKBP1A;WRN",-0.29727055219876,0.83051842769989
"AKT2;FKBP1A",-0.574011449245997,0.83051842769989
"FKBP1A;SRC",-0.244075345969775,0.83051842769989
"DNMT3B;FKBP1A",-0.546639936799929,0.83051842769989
"APC;FKBP1A",-0.237851430806518,0.83051842769989
"ERBB2;FKBP1A",-0.252157028420657,0.83051842769989
"FKBP1A;YAP1",-0.30802572692339,0.83051842769989
"FKBP1A;PTPN11",-0.25048947057825,0.83051842769989
"CHEK1;FKBP1A",-1.56120443317339,0.996820526247479
"FKBP1A;JAK1",-0.608770644894938,0.83051842769989
"AKT1;PKM",-0.294736790027783,0.83051842769989
"BRD4;PKM",-0.206100487618216,0.83051842769989
"MYC;PKM",-1.47584474169638,0.996820526247479
"MAP2K1;PKM",-0.312852083966473,0.83051842769989
"MAPK1;PKM",-0.316609326444468,0.83051842769989
"PKM;WEE1",-0.662553568808875,0.83051842769989
"ARID1A;PKM",-0.457201618252443,0.83051842769989
"PKM;PRMT1",-1.29088699090475,0.985393754411589
"PARP1;PKM",-1.11283440742387,0.924382932435966
"PKM;PORCN",-0.266176157853109,0.83051842769989
"MDM2;PKM",-0.503144324122374,0.83051842769989
"EGFR;PKM",-0.495119092351086,0.83051842769989
"PKM;SMAD4",-0.233983200942245,0.83051842769989
"DNMT1;PKM",-0.560744345511008,0.83051842769989
"PKM;RAF1",-0.331016510921216,0.83051842769989
"CDK6;PKM",-0.769594383690651,0.854104319555729
"ATR;PKM",-1.1229071749376,0.924916103508183
"MCL1;PKM",-0.277565157818618,0.83051842769989
"BCL2;PKM",-0.594436255999709,0.83051842769989
"PKM;PRMT5",-0.780311282252111,0.855392982465961
"ATM;PKM",-0.347644615179915,0.83051842769989
"BCL2L1;PKM",-0.324432504200439,0.83051842769989
"KRAS;PKM",-0.421716536761306,0.83051842769989
"CDK4;PKM",-0.298136654056606,0.83051842769989
"CTNNB1;PKM",-1.04044158932401,0.913419946253691
"BRAF;PKM",-0.32875775995185,0.83051842769989
"MAP2K2;PKM",-0.33093805254516,0.83051842769989
"PIK3CA;PKM",-0.471322142509795,0.83051842769989
"IGF1R;PKM",-0.291339525860904,0.83051842769989
"PKM;TAZ",-0.1749512920365,0.83051842769989
"PKM;WRN",-0.330681857870911,0.83051842769989
"AKT2;PKM",-0.546047038822851,0.83051842769989
"PKM;SRC",-0.31830116310194,0.83051842769989
"DNMT3B;PKM",-0.546750959195793,0.83051842769989
"APC;PKM",-0.292467068931766,0.83051842769989
"ERBB2;PKM",-0.325500964480143,0.83051842769989
"PKM;YAP1",-0.311010121312144,0.83051842769989
"PKM;PTPN11",-0.33509614279389,0.83051842769989
"CHEK1;PKM",-1.76789788595323,0.996820526247479
"JAK1;PKM",-0.620152834337989,0.83051842769989
"AKT1;MAP3K2",-0.340189358812247,0.83051842769989
"BRD4;MAP3K2",-0.232297862452641,0.83051842769989
"MAP3K2;MYC",-1.63818376926853,0.996820526247479
"MAP2K1;MAP3K2",-0.157915005856422,0.83051842769989
"MAP3K2;MAPK1",-0.176192119352203,0.83051842769989
"MAP3K2;WEE1",-0.673967917568796,0.832565648578959
"ARID1A;MAP3K2",-0.398573983277243,0.83051842769989
"MAP3K2;PRMT1",-1.22673099328331,0.967074612552126
"MAP3K2;PARP1",-1.06099125569568,0.91759429283435
"MAP3K2;PORCN",-0.285871564342324,0.83051842769989
"MAP3K2;MDM2",-0.547539923826706,0.83051842769989
"EGFR;MAP3K2",-0.45142190706283,0.83051842769989
"MAP3K2;SMAD4",-0.288281273008457,0.83051842769989
"DNMT1;MAP3K2",-0.472335184541487,0.83051842769989
"MAP3K2;RAF1",-0.273499805339104,0.83051842769989
"CDK6;MAP3K2",-0.755290884739821,0.852305685905957
"ATR;MAP3K2",-0.965666215000898,0.894036854199057
"MAP3K2;MCL1",-0.0816236317038265,0.83051842769989
"BCL2;MAP3K2",-0.579265501949972,0.83051842769989
"MAP3K2;PRMT5",-0.845108362018813,0.861446481967918
"ATM;MAP3K2",-0.379551432364701,0.83051842769989
"BCL2L1;MAP3K2",-0.281967995146338,0.83051842769989
"KRAS;MAP3K2",-0.320035406399384,0.83051842769989
"CDK4;MAP3K2",-0.158324644461298,0.83051842769989
"CTNNB1;MAP3K2",-0.995386334466634,0.903060996412981
"BRAF;MAP3K2",0.0597981807177689,0.83051842769989
"MAP2K2;MAP3K2",-0.0768019273817176,0.83051842769989
"MAP3K2;PIK3CA",-0.427161545122813,0.83051842769989
"IGF1R;MAP3K2",-0.254361595380099,0.83051842769989
"MAP3K2;TAZ",-0.0518977735882754,0.83051842769989
"MAP3K2;WRN",-0.180562071974062,0.83051842769989
"AKT2;MAP3K2",-0.519921439672844,0.83051842769989
"MAP3K2;SRC",-0.156455383236262,0.83051842769989
"DNMT3B;MAP3K2",-0.535096182408035,0.83051842769989
"APC;MAP3K2",-0.253983662243429,0.83051842769989
"ERBB2;MAP3K2",-0.0825631183867334,0.83051842769989
"MAP3K2;YAP1",-0.254773235635609,0.83051842769989
"MAP3K2;PTPN11",-0.145915165359397,0.83051842769989
"CHEK1;MAP3K2",-1.79345898178201,0.996820526247479
"JAK1;MAP3K2",-0.492996764391863,0.83051842769989
"AKT1;RAD50",-0.35681038225656,0.83051842769989
"BRD4;RAD50",-0.27543722767192,0.83051842769989
"MYC;RAD50",-1.45613322654545,0.996820526247479
"MAP2K1;RAD50",-0.222486851697799,0.83051842769989
"MAPK1;RAD50",-0.237143376209764,0.83051842769989
"RAD50;WEE1",-0.884541101748216,0.870387220411506
"ARID1A;RAD50",-0.453392137960846,0.83051842769989
"PRMT1;RAD50",-1.31052823818922,0.989416986682973
"PARP1;RAD50",-1.09418026090154,0.922929863277658
"PORCN;RAD50",-0.196250482955973,0.83051842769989
"MDM2;RAD50",-0.578347016544015,0.83051842769989
"EGFR;RAD50",-0.488363834647089,0.83051842769989
"RAD50;SMAD4",-0.292224689074639,0.83051842769989
"DNMT1;RAD50",-0.545743888575638,0.83051842769989
"RAD50;RAF1",-0.214727345803602,0.83051842769989
"CDK6;RAD50",-0.807193151414086,0.858087473581107
"ATR;RAD50",-1.07031665653172,0.919653057041565
"MCL1;RAD50",-0.281300881435545,0.83051842769989
"BCL2;RAD50",-0.628093113389125,0.83051842769989
"PRMT5;RAD50",-0.809243606001334,0.858150763100959
"ATM;RAD50",-0.367044320990709,0.83051842769989
"BCL2L1;RAD50",-0.347364458583663,0.83051842769989
"KRAS;RAD50",-0.4187049026098,0.83051842769989
"CDK4;RAD50",-0.282136819414314,0.83051842769989
"CTNNB1;RAD50",-0.997964665812853,0.903815041900204
"BRAF;RAD50",-0.253287254471789,0.83051842769989
"MAP2K2;RAD50",-0.282058031953033,0.83051842769989
"PIK3CA;RAD50",-0.537005388033515,0.83051842769989
"IGF1R;RAD50",-0.348424234687043,0.83051842769989
"RAD50;TAZ",-0.193018805376233,0.83051842769989
"RAD50;WRN",-0.275130794959783,0.83051842769989
"AKT2;RAD50",-0.552366609455309,0.83051842769989
"RAD50;SRC",-0.274103313219436,0.83051842769989
"DNMT3B;RAD50",-0.477365786679239,0.83051842769989
"APC;RAD50",-0.250507256828301,0.83051842769989
"ERBB2;RAD50",-0.188771131403975,0.83051842769989
"RAD50;YAP1",-0.245594256252588,0.83051842769989
"PTPN11;RAD50",-0.221435024559,0.83051842769989
"CHEK1;RAD50",-1.60267043372935,0.996820526247479
"JAK1;RAD50",-0.550113793125104,0.83051842769989
"AKT1;NUMA1",-0.395241444297529,0.83051842769989
"BRD4;NUMA1",-0.385571579541639,0.83051842769989
"MYC;NUMA1",-1.6061295833655,0.996820526247479
"MAP2K1;NUMA1",-0.407891575897342,0.83051842769989
"MAPK1;NUMA1",-0.417640986165056,0.83051842769989
"NUMA1;WEE1",-0.955149338502759,0.8901992167144
"ARID1A;NUMA1",-0.393271640009915,0.83051842769989
"NUMA1;PRMT1",-0.717940144856737,0.844039243239132
"NUMA1;PARP1",-1.12164401391173,0.924916103508183
"NUMA1;PORCN",-0.388152868485238,0.83051842769989
"MDM2;NUMA1",-0.5080344798707,0.83051842769989
"EGFR;NUMA1",-0.436982538097736,0.83051842769989
"NUMA1;SMAD4",-0.377499811714708,0.83051842769989
"DNMT1;NUMA1",-0.578937912685232,0.83051842769989
"NUMA1;RAF1",-0.398107804842547,0.83051842769989
"CDK6;NUMA1",-0.760081656681717,0.853063081294386
"ATR;NUMA1",-0.972849112687944,0.896337057005221
"MCL1;NUMA1",-0.257390864208042,0.83051842769989
"BCL2;NUMA1",-0.656945721318982,0.83051842769989
"NUMA1;PRMT5",-0.822923471250299,0.85826452060764
"ATM;NUMA1",-0.266857582894121,0.83051842769989
"BCL2L1;NUMA1",-0.368235219421403,0.83051842769989
"KRAS;NUMA1",-0.460341747255214,0.83051842769989
"CDK4;NUMA1",-0.409945443019313,0.83051842769989
"CTNNB1;NUMA1",-1.01881318099962,0.90935463268898
"BRAF;NUMA1",-0.440209568210623,0.83051842769989
"MAP2K2;NUMA1",-0.432351327029922,0.83051842769989
"NUMA1;PIK3CA",-0.53927056647081,0.83051842769989
"IGF1R;NUMA1",-0.435615745753169,0.83051842769989
"NUMA1;TAZ",-0.415535372688113,0.83051842769989
"NUMA1;WRN",-0.304925839193949,0.83051842769989
"AKT2;NUMA1",-0.525411616041752,0.83051842769989
"NUMA1;SRC",-0.345696494531266,0.83051842769989
"DNMT3B;NUMA1",-0.44153371766508,0.83051842769989
"APC;NUMA1",-0.382368046359683,0.83051842769989
"ERBB2;NUMA1",-0.441180237973912,0.83051842769989
"NUMA1;YAP1",-0.393494376268368,0.83051842769989
"NUMA1;PTPN11",-0.389587912765073,0.83051842769989
"CHEK1;NUMA1",-1.66510561937762,0.996820526247479
"JAK1;NUMA1",-0.535243420730079,0.83051842769989
"AKT1;CDK10",-0.360892706834439,0.83051842769989
"BRD4;CDK10",-0.249946301131237,0.83051842769989
"CDK10;MYC",-1.50466582545269,0.996820526247479
"CDK10;MAP2K1",-0.251965856951677,0.83051842769989
"CDK10;MAPK1",-0.276321230365645,0.83051842769989
"CDK10;WEE1",-0.87224214086678,0.866255591032839
"ARID1A;CDK10",-0.448425549744693,0.83051842769989
"CDK10;PRMT1",-1.37658281221598,0.996820526247479
"CDK10;PARP1",-1.11056244090754,0.924121252169155
"CDK10;PORCN",-0.354817392334105,0.83051842769989
"CDK10;MDM2",-0.557740773203588,0.83051842769989
"CDK10;EGFR",-0.508000817439582,0.83051842769989
"CDK10;SMAD4",-0.346998048522321,0.83051842769989
"CDK10;DNMT1",-0.601736006197246,0.83051842769989
"CDK10;RAF1",-0.113059767733987,0.83051842769989
"CDK10;CDK6",-0.803608952978597,0.857723760949488
"ATR;CDK10",-1.08509618144328,0.922001026393481
"CDK10;MCL1",-0.298149422726562,0.83051842769989
"BCL2;CDK10",-0.579138791687336,0.83051842769989
"CDK10;PRMT5",-0.779726113597786,0.855392982465961
"ATM;CDK10",-0.311163698333762,0.83051842769989
"BCL2L1;CDK10",-0.307378274941466,0.83051842769989
"CDK10;KRAS",-0.451915005909211,0.83051842769989
"CDK10;CDK4",-0.201287644504552,0.83051842769989
"CDK10;CTNNB1",-0.97892261198215,0.898245831863528
"BRAF;CDK10",-0.125100589198606,0.83051842769989
"CDK10;MAP2K2",-0.188529765392118,0.83051842769989
"CDK10;PIK3CA",-0.51391733053482,0.83051842769989
"CDK10;IGF1R",-0.269885607184703,0.83051842769989
"CDK10;TAZ",-0.292653471814,0.83051842769989
"CDK10;WRN",-0.286934227995538,0.83051842769989
"AKT2;CDK10",-0.569154799122431,0.83051842769989
"CDK10;SRC",-0.193988012049454,0.83051842769989
"CDK10;DNMT3B",-0.51946159400251,0.83051842769989
"APC;CDK10",-0.25442035498615,0.83051842769989
"CDK10;ERBB2",-0.140193271723877,0.83051842769989
"CDK10;YAP1",-0.321729446433626,0.83051842769989
"CDK10;PTPN11",-0.287976359601937,0.83051842769989
"CDK10;CHEK1",-1.55756430423124,0.996820526247479
"CDK10;JAK1",-0.565720047397177,0.83051842769989
"AKT1;TYRO3",-0.317760768788325,0.83051842769989
"BRD4;TYRO3",-0.127707916693309,0.83051842769989
"MYC;TYRO3",-1.36925907454878,0.996820526247479
"MAP2K1;TYRO3",-0.127538041506031,0.83051842769989
"MAPK1;TYRO3",-0.227956518059228,0.83051842769989
"TYRO3;WEE1",-0.953792041120774,0.88992719643538
"ARID1A;TYRO3",-0.477104066145302,0.83051842769989
"PRMT1;TYRO3",-1.22902786031846,0.96796005662696
"PARP1;TYRO3",-1.06285663246463,0.91791222028104
"PORCN;TYRO3",-0.317829574279107,0.83051842769989
"MDM2;TYRO3",-0.587176093240248,0.83051842769989
"EGFR;TYRO3",-0.462338740203452,0.83051842769989
"SMAD4;TYRO3",-0.352448748476676,0.83051842769989
"DNMT1;TYRO3",-0.577019836954404,0.83051842769989
"RAF1;TYRO3",-0.188221053705892,0.83051842769989
"CDK6;TYRO3",-0.805723368058808,0.858016621107286
"ATR;TYRO3",-0.929728427398815,0.883895272446356
"MCL1;TYRO3",-0.0911419266297086,0.83051842769989
"BCL2;TYRO3",-0.63119488459964,0.83051842769989
"PRMT5;TYRO3",-0.671880002400628,0.83173992559053
"ATM;TYRO3",-0.33580992001579,0.83051842769989
"BCL2L1;TYRO3",-0.302798441508773,0.83051842769989
"KRAS;TYRO3",-0.420963712980806,0.83051842769989
"CDK4;TYRO3",-0.156959496556075,0.83051842769989
"CTNNB1;TYRO3",-1.03806249403847,0.913419946253691
"BRAF;TYRO3",-0.160632574717656,0.83051842769989
"MAP2K2;TYRO3",-0.108637945683752,0.83051842769989
"PIK3CA;TYRO3",-0.477711079777246,0.83051842769989
"IGF1R;TYRO3",-0.225841564083838,0.83051842769989
"TAZ;TYRO3",-0.187477743675351,0.83051842769989
"TYRO3;WRN",-0.316929598119398,0.83051842769989
"AKT2;TYRO3",-0.474395552020834,0.83051842769989
"SRC;TYRO3",-0.178282062367347,0.83051842769989
"DNMT3B;TYRO3",-0.525270576762721,0.83051842769989
"APC;TYRO3",-0.237032803188627,0.83051842769989
"ERBB2;TYRO3",-0.128388746539549,0.83051842769989
"TYRO3;YAP1",-0.115122039621607,0.83051842769989
"PTPN11;TYRO3",-0.153480222307726,0.83051842769989
"CHEK1;TYRO3",-1.7358606569829,0.996820526247479
"JAK1;TYRO3",-0.519785880758571,0.83051842769989
"AKT1;PDK4",-0.336610348791112,0.83051842769989
"BRD4;PDK4",-0.251830939274728,0.83051842769989
"MYC;PDK4",-1.568725301011,0.996820526247479
"MAP2K1;PDK4",-0.205516589627307,0.83051842769989
"MAPK1;PDK4",-0.19330911657147,0.83051842769989
"PDK4;WEE1",-0.914879799042172,0.879623264437974
"ARID1A;PDK4",-0.440306895733671,0.83051842769989
"PDK4;PRMT1",-1.38635670891025,0.996820526247479
"PARP1;PDK4",-1.10727244899632,0.923895399117375
"PDK4;PORCN",-0.311221945594426,0.83051842769989
"MDM2;PDK4",-0.5344960452911,0.83051842769989
"EGFR;PDK4",-0.382930700937143,0.83051842769989
"PDK4;SMAD4",-0.345138868329746,0.83051842769989
"DNMT1;PDK4",-0.471654699571787,0.83051842769989
"PDK4;RAF1",-0.261123883594569,0.83051842769989
"CDK6;PDK4",-0.810016042368706,0.858150763100959
"ATR;PDK4",-0.995325594507157,0.903060996412981
"MCL1;PDK4",-0.105606793924224,0.83051842769989
"BCL2;PDK4",-0.614163514364913,0.83051842769989
"PDK4;PRMT5",-0.646293558114051,0.83051842769989
"ATM;PDK4",-0.375737296967044,0.83051842769989
"BCL2L1;PDK4",-0.217552879777167,0.83051842769989
"KRAS;PDK4",-0.42544200289706,0.83051842769989
"CDK4;PDK4",-0.24607701107185,0.83051842769989
"CTNNB1;PDK4",-0.929105285263191,0.88388389267434
"BRAF;PDK4",-0.111862877581641,0.83051842769989
"MAP2K2;PDK4",-0.0812652183029397,0.83051842769989
"PDK4;PIK3CA",-0.510106448910557,0.83051842769989
"IGF1R;PDK4",-0.34405434830284,0.83051842769989
"PDK4;TAZ",-0.159107626520898,0.83051842769989
"PDK4;WRN",-0.309740828520952,0.83051842769989
"AKT2;PDK4",-0.528897459637684,0.83051842769989
"PDK4;SRC",-0.163288704329956,0.83051842769989
"DNMT3B;PDK4",-0.520650043384763,0.83051842769989
"APC;PDK4",-0.132581666473458,0.83051842769989
"ERBB2;PDK4",-0.233738571729048,0.83051842769989
"PDK4;YAP1",-0.317324439050113,0.83051842769989
"PDK4;PTPN11",-0.15990139280915,0.83051842769989
"CHEK1;PDK4",-1.60811529519244,0.996820526247479
"JAK1;PDK4",-0.533033069842835,0.83051842769989
"AKT1;UBE2N",-0.323044138487442,0.83051842769989
"BRD4;UBE2N",-0.18645937426115,0.83051842769989
"MYC;UBE2N",-1.5675768161778,0.996820526247479
"MAP2K1;UBE2N",-0.0989470141693503,0.83051842769989
"MAPK1;UBE2N",-0.197975703544142,0.83051842769989
"UBE2N;WEE1",-0.826578293817264,0.858367750999105
"ARID1A;UBE2N",-0.357356880616873,0.83051842769989
"PRMT1;UBE2N",-1.23201949437827,0.968918732804684
"PARP1;UBE2N",-1.01606343536923,0.908637160991967
"PORCN;UBE2N",-0.336507684297534,0.83051842769989
"MDM2;UBE2N",-0.515880100467729,0.83051842769989
"EGFR;UBE2N",-0.481892725100997,0.83051842769989
"SMAD4;UBE2N",-0.243503735663125,0.83051842769989
"DNMT1;UBE2N",-0.566109650290712,0.83051842769989
"RAF1;UBE2N",-0.236418400178314,0.83051842769989
"CDK6;UBE2N",-0.806033955030985,0.858068185464122
"ATR;UBE2N",-1.08402902705278,0.922001026393481
"MCL1;UBE2N",-0.0724014082924249,0.83051842769989
"BCL2;UBE2N",-0.550189728851606,0.83051842769989
"PRMT5;UBE2N",-0.635657770251351,0.83051842769989
"ATM;UBE2N",-0.336008815790077,0.83051842769989
"BCL2L1;UBE2N",-0.299699871439693,0.83051842769989
"KRAS;UBE2N",-0.297802065471788,0.83051842769989
"CDK4;UBE2N",-0.117630164447436,0.83051842769989
"CTNNB1;UBE2N",-0.890409021803795,0.872442647887631
"BRAF;UBE2N",0.0925691555865292,0.83051842769989
"MAP2K2;UBE2N",-0.0825889465632203,0.83051842769989
"PIK3CA;UBE2N",-0.522130008332079,0.83051842769989
"IGF1R;UBE2N",-0.312339468563542,0.83051842769989
"TAZ;UBE2N",-0.108491342898173,0.83051842769989
"UBE2N;WRN",-0.265617217304249,0.83051842769989
"AKT2;UBE2N",-0.465323299051123,0.83051842769989
"SRC;UBE2N",-0.102064152165673,0.83051842769989
"DNMT3B;UBE2N",-0.471978344138676,0.83051842769989
"APC;UBE2N",-0.101477972401027,0.83051842769989
"ERBB2;UBE2N",-0.0892354128408065,0.83051842769989
"UBE2N;YAP1",-0.181150231953696,0.83051842769989
"PTPN11;UBE2N",-0.108531726025411,0.83051842769989
"CHEK1;UBE2N",-1.60289178291319,0.996820526247479
"JAK1;UBE2N",-0.589839775652136,0.83051842769989
"AKT1;NUP43",-0.365602346013652,0.83051842769989
"BRD4;NUP43",-0.220386773967789,0.83051842769989
"MYC;NUP43",-1.63527114032917,0.996820526247479
"MAP2K1;NUP43",-0.0914275556540622,0.83051842769989
"MAPK1;NUP43",-0.231311794011088,0.83051842769989
"NUP43;WEE1",-0.789028349495265,0.856024639264969
"ARID1A;NUP43",-0.419898263429317,0.83051842769989
"NUP43;PRMT1",-1.36282787383912,0.996820526247479
"NUP43;PARP1",-1.11912435966343,0.924916103508183
"NUP43;PORCN",-0.331343881885863,0.83051842769989
"MDM2;NUP43",-0.582696341111679,0.83051842769989
"EGFR;NUP43",-0.47074785208769,0.83051842769989
"NUP43;SMAD4",-0.340434630595629,0.83051842769989
"DNMT1;NUP43",-0.578801615591988,0.83051842769989
"NUP43;RAF1",-0.269163184137037,0.83051842769989
"CDK6;NUP43",-0.603881453749152,0.83051842769989
"ATR;NUP43",-1.11077536875858,0.924121252169155
"MCL1;NUP43",-0.116037667436337,0.83051842769989
"BCL2;NUP43",-0.661320623300821,0.83051842769989
"NUP43;PRMT5",-0.771755944616198,0.854333222750557
"ATM;NUP43",-0.399053832918201,0.83051842769989
"BCL2L1;NUP43",-0.278933400013124,0.83051842769989
"KRAS;NUP43",-0.40462541745077,0.83051842769989
"CDK4;NUP43",-0.151410752743552,0.83051842769989
"CTNNB1;NUP43",-0.917340781240272,0.880324161116903
"BRAF;NUP43",-0.0896840432404068,0.83051842769989
"MAP2K2;NUP43",-0.0698595376498452,0.83051842769989
"NUP43;PIK3CA",-0.439649265399431,0.83051842769989
"IGF1R;NUP43",-0.256328403451016,0.83051842769989
"NUP43;TAZ",-0.174240128438865,0.83051842769989
"NUP43;WRN",-0.341261465067627,0.83051842769989
"AKT2;NUP43",-0.539551666537917,0.83051842769989
"NUP43;SRC",-0.0719302238192439,0.83051842769989
"DNMT3B;NUP43",-0.390306671434685,0.83051842769989
"APC;NUP43",-0.247692130290813,0.83051842769989
"ERBB2;NUP43",-0.0715933892702596,0.83051842769989
"NUP43;YAP1",-0.259905395365199,0.83051842769989
"NUP43;PTPN11",-0.148714282144982,0.83051842769989
"CHEK1;NUP43",-1.75296483636746,0.996820526247479
"JAK1;NUP43",-0.591682323999633,0.83051842769989
"AKT1;PRKCA",-0.292645264339514,0.83051842769989
"BRD4;PRKCA",-0.11925858739655,0.83051842769989
"MYC;PRKCA",-1.61569176655646,0.996820526247479
"MAP2K1;PRKCA",-0.205858182618092,0.83051842769989
"MAPK1;PRKCA",-0.227182557009379,0.83051842769989
"PRKCA;WEE1",-0.886039728362887,0.8708239406581
"ARID1A;PRKCA",-0.4654056802359,0.83051842769989
"PRKCA;PRMT1",-1.30951823397944,0.98937615153971
"PARP1;PRKCA",-1.08835013730172,0.922001026393481
"PORCN;PRKCA",-0.282537493293338,0.83051842769989
"MDM2;PRKCA",-0.589437777142909,0.83051842769989
"EGFR;PRKCA",-0.499367029646889,0.83051842769989
"PRKCA;SMAD4",-0.370391077052252,0.83051842769989
"DNMT1;PRKCA",-0.604079594521708,0.83051842769989
"PRKCA;RAF1",-0.278538427895562,0.83051842769989
"CDK6;PRKCA",-0.730578462354482,0.846498950077454
"ATR;PRKCA",-1.08880154496202,0.922032270037093
"MCL1;PRKCA",-0.107592381923603,0.83051842769989
"BCL2;PRKCA",-0.580956061482918,0.83051842769989
"PRKCA;PRMT5",-0.720696213810163,0.844439406238368
"ATM;PRKCA",-0.380157194796145,0.83051842769989
"BCL2L1;PRKCA",-0.289568382397845,0.83051842769989
"KRAS;PRKCA",-0.418066895360335,0.83051842769989
"CDK4;PRKCA",-0.160641936040327,0.83051842769989
"CTNNB1;PRKCA",-0.87805948951466,0.868309133562437
"BRAF;PRKCA",-0.103461362278431,0.83051842769989
"MAP2K2;PRKCA",-0.112177948825938,0.83051842769989
"PIK3CA;PRKCA",-0.512692003606573,0.83051842769989
"IGF1R;PRKCA",-0.310331831540969,0.83051842769989
"PRKCA;TAZ",-0.161151627679166,0.83051842769989
"PRKCA;WRN",-0.342435001737325,0.83051842769989
"AKT2;PRKCA",-0.576426963085055,0.83051842769989
"PRKCA;SRC",-0.183738781814482,0.83051842769989
"DNMT3B;PRKCA",-0.474520029140764,0.83051842769989
"APC;PRKCA",-0.177694741078776,0.83051842769989
"ERBB2;PRKCA",-0.182658337585291,0.83051842769989
"PRKCA;YAP1",-0.313643704542344,0.83051842769989
"PRKCA;PTPN11",-0.166940503299061,0.83051842769989
"CHEK1;PRKCA",-1.40708399097816,0.996820526247479
"JAK1;PRKCA",-0.596625350341549,0.83051842769989
"AKT1;CDCA3",-0.251944539090702,0.83051842769989
"BRD4;CDCA3",-0.227061479902157,0.83051842769989
"CDCA3;MYC",-1.63447202962025,0.996820526247479
"CDCA3;MAP2K1",-0.0273561269421411,0.83051842769989
"CDCA3;MAPK1",-0.167343573752656,0.83051842769989
"CDCA3;WEE1",-0.727705800692491,0.845738990547818
"ARID1A;CDCA3",-0.383861165494709,0.83051842769989
"CDCA3;PRMT1",-1.22515164774975,0.966662002543323
"CDCA3;PARP1",-1.0971169306791,0.92317363085918
"CDCA3;PORCN",-0.308740626675291,0.83051842769989
"CDCA3;MDM2",-0.51092686302652,0.83051842769989
"CDCA3;EGFR",-0.291692647992926,0.83051842769989
"CDCA3;SMAD4",-0.274709812671144,0.83051842769989
"CDCA3;DNMT1",-0.608353429747841,0.83051842769989
"CDCA3;RAF1",-0.220809794045065,0.83051842769989
"CDCA3;CDK6",-0.784058607756111,0.855443174457673
"ATR;CDCA3",-1.04134230106402,0.913419946253691
"CDCA3;MCL1",0.0128417432955164,0.83051842769989
"BCL2;CDCA3",-0.469387017759538,0.83051842769989
"CDCA3;PRMT5",-0.732984404294059,0.846894296689334
"ATM;CDCA3",-0.378798963395244,0.83051842769989
"BCL2L1;CDCA3",-0.344853114010966,0.83051842769989
"CDCA3;KRAS",-0.445499328239714,0.83051842769989
"CDCA3;CDK4",-0.0957747952226476,0.83051842769989
"CDCA3;CTNNB1",-0.994166038269897,0.90294929591295
"BRAF;CDCA3",0.199822145599473,0.83051842769989
"CDCA3;MAP2K2",-0.129961953628406,0.83051842769989
"CDCA3;PIK3CA",-0.417328216745667,0.83051842769989
"CDCA3;IGF1R",-0.311633504172551,0.83051842769989
"CDCA3;TAZ",-0.123738616692744,0.83051842769989
"CDCA3;WRN",-0.335117008193018,0.83051842769989
"AKT2;CDCA3",-0.569608752602871,0.83051842769989
"CDCA3;SRC",-0.158134776246698,0.83051842769989
"CDCA3;DNMT3B",-0.479595426664309,0.83051842769989
"APC;CDCA3",-0.0467657426399652,0.83051842769989
"CDCA3;ERBB2",-0.120005303050895,0.83051842769989
"CDCA3;YAP1",-0.308385553670795,0.83051842769989
"CDCA3;PTPN11",-0.143869513133466,0.83051842769989
"CDCA3;CHEK1",-1.75849709254006,0.996820526247479
"CDCA3;JAK1",-0.614471082995067,0.83051842769989
"ADK;AKT1",-0.24433419821065,0.83051842769989
"ADK;BRD4",-0.235480321383368,0.83051842769989
"ADK;MYC",-1.4984003204338,0.996820526247479
"ADK;MAP2K1",-0.080852377064542,0.83051842769989
"ADK;MAPK1",-0.200323676459316,0.83051842769989
"ADK;WEE1",-0.879851045831064,0.86893137690102
"ADK;ARID1A",-0.411481264047409,0.83051842769989
"ADK;PRMT1",-1.24720788891671,0.973726107332361
"ADK;PARP1",-1.00421225165441,0.905162702593527
"ADK;PORCN",-0.30922465350467,0.83051842769989
"ADK;MDM2",-0.522667427709317,0.83051842769989
"ADK;EGFR",-0.385632367938498,0.83051842769989
"ADK;SMAD4",-0.26544494505799,0.83051842769989
"ADK;DNMT1",-0.546297558654746,0.83051842769989
"ADK;RAF1",-0.279070243695799,0.83051842769989
"ADK;CDK6",-0.744526919004123,0.849830868468076
"ADK;ATR",-0.903557365803517,0.876436724636159
"ADK;MCL1",-0.136323922917341,0.83051842769989
"ADK;BCL2",-0.625683160676302,0.83051842769989
"ADK;PRMT5",-0.836827144759994,0.860241480708258
"ADK;ATM",-0.368976619368031,0.83051842769989
"ADK;BCL2L1",-0.333185981639541,0.83051842769989
"ADK;KRAS",-0.455533184423179,0.83051842769989
"ADK;CDK4",-0.0720397688281126,0.83051842769989
"ADK;CTNNB1",-0.989206452326594,0.901524252272762
"ADK;BRAF",-0.0615940210951925,0.83051842769989
"ADK;MAP2K2",-0.098970722721917,0.83051842769989
"ADK;PIK3CA",-0.443236161335781,0.83051842769989
"ADK;IGF1R",-0.226183378742375,0.83051842769989
"ADK;TAZ",-0.173371229052687,0.83051842769989
"ADK;WRN",-0.301189280990561,0.83051842769989
"ADK;AKT2",-0.526363842676027,0.83051842769989
"ADK;SRC",-0.132247928296269,0.83051842769989
"ADK;DNMT3B",-0.514612469959764,0.83051842769989
"ADK;APC",-0.184900225531993,0.83051842769989
"ADK;ERBB2",-0.00638391933138727,0.83051842769989
"ADK;YAP1",-0.317055829978891,0.83051842769989
"ADK;PTPN11",-0.13757314044578,0.83051842769989
"ADK;CHEK1",-1.75748668091435,0.996820526247479
"ADK;JAK1",-0.601020954492003,0.83051842769989
"AKT1;MADD",-0.375806264590024,0.83051842769989
"BRD4;MADD",-0.238752768794503,0.83051842769989
"MADD;MYC",-1.57300972522819,0.996820526247479
"MADD;MAP2K1",-0.237865899883731,0.83051842769989
"MADD;MAPK1",-0.265412238636065,0.83051842769989
"MADD;WEE1",-0.879206080401079,0.86865921985826
"ARID1A;MADD",-0.48183116016843,0.83051842769989
"MADD;PRMT1",-1.30372496600572,0.988310155108431
"MADD;PARP1",-1.12251202608196,0.924916103508183
"MADD;PORCN",-0.261351442601383,0.83051842769989
"MADD;MDM2",-0.557676089180481,0.83051842769989
"EGFR;MADD",-0.475328882594951,0.83051842769989
"MADD;SMAD4",-0.351734187423682,0.83051842769989
"DNMT1;MADD",-0.594799148397725,0.83051842769989
"MADD;RAF1",-0.288610739424522,0.83051842769989
"CDK6;MADD",-0.779751990676505,0.855392982465961
"ATR;MADD",-1.0424521866332,0.913419946253691
"MADD;MCL1",-0.261878712653206,0.83051842769989
"BCL2;MADD",-0.624396718376016,0.83051842769989
"MADD;PRMT5",-0.865713287824799,0.865049125002658
"ATM;MADD",-0.375694691713925,0.83051842769989
"BCL2L1;MADD",-0.255571779950984,0.83051842769989
"KRAS;MADD",-0.459496996937283,0.83051842769989
"CDK4;MADD",-0.26040827450647,0.83051842769989
"CTNNB1;MADD",-0.880002291408363,0.868966193078051
"BRAF;MADD",-0.244695243186958,0.83051842769989
"MADD;MAP2K2",-0.224749995052653,0.83051842769989
"MADD;PIK3CA",-0.485341460556275,0.83051842769989
"IGF1R;MADD",-0.283154376764155,0.83051842769989
"MADD;TAZ",-0.267674379540985,0.83051842769989
"MADD;WRN",-0.22032964197773,0.83051842769989
"AKT2;MADD",-0.518192110639051,0.83051842769989
"MADD;SRC",-0.266438955930734,0.83051842769989
"DNMT3B;MADD",-0.479325499856394,0.83051842769989
"APC;MADD",-0.176501083337313,0.83051842769989
"ERBB2;MADD",-0.221298568955735,0.83051842769989
"MADD;YAP1",-0.2552088150572,0.83051842769989
"MADD;PTPN11",-0.178714545972737,0.83051842769989
"CHEK1;MADD",-1.55250780357423,0.996820526247479
"JAK1;MADD",-0.614119126771567,0.83051842769989
"AKT1;ATP1A1",-0.947144555016398,0.888419172219788
"ATP1A1;BRD4",-0.78225215553659,0.855443174457673
"ATP1A1;MYC",-1.02374005427857,0.910105533879193
"ATP1A1;MAP2K1",-0.866636185436037,0.865204922839714
"ATP1A1;MAPK1",-0.978560114155666,0.898085623487228
"ATP1A1;WEE1",-0.581492058174177,0.83051842769989
"ARID1A;ATP1A1",-0.903676323359242,0.876452797775967
"ATP1A1;PRMT1",-0.908607120703686,0.877701927968793
"ATP1A1;PARP1",-1.07270737234952,0.919963971753561
"ATP1A1;PORCN",-0.961484802954253,0.8924246114239
"ATP1A1;MDM2",-0.868317147607307,0.865507228575333
"ATP1A1;EGFR",-0.922164408461739,0.882051187071915
"ATP1A1;SMAD4",-0.928393070681694,0.883713201342677
"ATP1A1;DNMT1",-0.631611865135265,0.83051842769989
"ATP1A1;RAF1",-0.961900229887096,0.89254196224503
"ATP1A1;CDK6",-0.80410589613647,0.857723760949488
"ATP1A1;ATR",-0.698808761625756,0.839087366557132
"ATP1A1;MCL1",-0.933153587597173,0.884742580438376
"ATP1A1;BCL2",-0.864350693249377,0.864875045592771
"ATP1A1;PRMT5",-0.821474211890029,0.85826452060764
"ATM;ATP1A1",-0.937346584306126,0.885896344551282
"ATP1A1;BCL2L1",-0.782384677991501,0.855443174457673
"ATP1A1;KRAS",-0.80651940451832,0.858087473581107
"ATP1A1;CDK4",-0.985923743310336,0.900260194625156
"ATP1A1;CTNNB1",-0.82757063651119,0.858367750999105
"ATP1A1;BRAF",-0.731961458681691,0.846768350181847
"ATP1A1;MAP2K2",-0.891175320340345,0.872743533967808
"ATP1A1;PIK3CA",-0.721292438323697,0.844449268748353
"ATP1A1;IGF1R",-0.705120093421674,0.840997214405429
"ATP1A1;TAZ",-0.896946397262631,0.874291246168425
"ATP1A1;WRN",-0.799175762030373,0.857292527748453
"AKT2;ATP1A1",-0.9204525577975,0.881448236403525
"ATP1A1;SRC",-0.985641141922056,0.900174825847149
"ATP1A1;DNMT3B",-0.977511670463819,0.897682660571982
"APC;ATP1A1",-0.955449771149621,0.8901992167144
"ATP1A1;ERBB2",-0.895320749190559,0.873823687585778
"ATP1A1;YAP1",-0.938889427298816,0.886446311735771
"ATP1A1;PTPN11",-0.961957498945174,0.89254196224503
"ATP1A1;CHEK1",-0.575536624817333,0.83051842769989
"ATP1A1;JAK1",-0.936604925118733,0.88577539106553
"AKT1;PTK2B",-0.307007924098598,0.83051842769989
"BRD4;PTK2B",-0.209480999526004,0.83051842769989
"MYC;PTK2B",-1.59320882449716,0.996820526247479
"MAP2K1;PTK2B",-0.0787906745362116,0.83051842769989
"MAPK1;PTK2B",-0.187288898636659,0.83051842769989
"PTK2B;WEE1",-0.838589806297288,0.860372130595238
"ARID1A;PTK2B",-0.421678021223222,0.83051842769989
"PRMT1;PTK2B",-1.25321455076648,0.975149581218497
"PARP1;PTK2B",-1.1180078896313,0.924916103508183
"PORCN;PTK2B",-0.278976855871817,0.83051842769989
"MDM2;PTK2B",-0.524550222655862,0.83051842769989
"EGFR;PTK2B",-0.503111992096511,0.83051842769989
"PTK2B;SMAD4",-0.285476722408182,0.83051842769989
"DNMT1;PTK2B",-0.57395079307089,0.83051842769989
"PTK2B;RAF1",-0.274091551077552,0.83051842769989
"CDK6;PTK2B",-0.796017353674148,0.857223296658322
"ATR;PTK2B",-1.02518628470282,0.910726621086925
"MCL1;PTK2B",-0.122936875724188,0.83051842769989
"BCL2;PTK2B",-0.647131760540551,0.83051842769989
"PRMT5;PTK2B",-0.74033533625714,0.848766792027181
"ATM;PTK2B",-0.400525443750872,0.83051842769989
"BCL2L1;PTK2B",-0.324552588927441,0.83051842769989
"KRAS;PTK2B",-0.404559711753521,0.83051842769989
"CDK4;PTK2B",-0.136573216026163,0.83051842769989
"CTNNB1;PTK2B",-0.937919521590426,0.886034112553178
"BRAF;PTK2B",-0.143215727834226,0.83051842769989
"MAP2K2;PTK2B",-0.15607292464839,0.83051842769989
"PIK3CA;PTK2B",-0.525068053783742,0.83051842769989
"IGF1R;PTK2B",-0.349675729972105,0.83051842769989
"PTK2B;TAZ",-0.0904260619379231,0.83051842769989
"PTK2B;WRN",-0.287694591205944,0.83051842769989
"AKT2;PTK2B",-0.530381611813045,0.83051842769989
"PTK2B;SRC",-0.0776683190931547,0.83051842769989
"DNMT3B;PTK2B",-0.429246246569246,0.83051842769989
"APC;PTK2B",-0.25192719348042,0.83051842769989
"ERBB2;PTK2B",-0.144522964777627,0.83051842769989
"PTK2B;YAP1",-0.245957693559063,0.83051842769989
"PTK2B;PTPN11",-0.15054293398999,0.83051842769989
"CHEK1;PTK2B",-1.74800163807577,0.996820526247479
"JAK1;PTK2B",-0.538785221250722,0.83051842769989
"AKT1;PINX1",-0.308236847130152,0.83051842769989
"BRD4;PINX1",-0.32040774753359,0.83051842769989
"MYC;PINX1",-1.64507410139442,0.996820526247479
"MAP2K1;PINX1",-0.2605171947723,0.83051842769989
"MAPK1;PINX1",-0.292634929928213,0.83051842769989
"PINX1;WEE1",-0.922845649590358,0.882183904360788
"ARID1A;PINX1",-0.480064310909698,0.83051842769989
"PINX1;PRMT1",-1.29046654401033,0.985349944240018
"PARP1;PINX1",-1.07570339495394,0.920476754109352
"PINX1;PORCN",-0.332528047070782,0.83051842769989
"MDM2;PINX1",-0.545189541372955,0.83051842769989
"EGFR;PINX1",-0.492081533414047,0.83051842769989
"PINX1;SMAD4",-0.295777086731529,0.83051842769989
"DNMT1;PINX1",-0.614155650898468,0.83051842769989
"PINX1;RAF1",-0.331781917196919,0.83051842769989
"CDK6;PINX1",-0.829063402240116,0.858667905495995
"ATR;PINX1",-1.04038977705145,0.913419946253691
"MCL1;PINX1",-0.317717081800066,0.83051842769989
"BCL2;PINX1",-0.667244359113122,0.83051842769989
"PINX1;PRMT5",-0.792407240367629,0.856844608927936
"ATM;PINX1",-0.368833832578055,0.83051842769989
"BCL2L1;PINX1",-0.369347238500255,0.83051842769989
"KRAS;PINX1",-0.423777209125229,0.83051842769989
"CDK4;PINX1",-0.369121180115915,0.83051842769989
"CTNNB1;PINX1",-0.970980444598549,0.895719317246834
"BRAF;PINX1",-0.245083134592661,0.83051842769989
"MAP2K2;PINX1",-0.196689954423015,0.83051842769989
"PIK3CA;PINX1",-0.531678177237616,0.83051842769989
"IGF1R;PINX1",-0.34717806276577,0.83051842769989
"PINX1;TAZ",-0.313571488145132,0.83051842769989
"PINX1;WRN",-0.215638828692147,0.83051842769989
"AKT2;PINX1",-0.577415376919923,0.83051842769989
"PINX1;SRC",-0.360874416895867,0.83051842769989
"DNMT3B;PINX1",-0.498583304244432,0.83051842769989
"APC;PINX1",-0.291370792312497,0.83051842769989
"ERBB2;PINX1",-0.329470835189309,0.83051842769989
"PINX1;YAP1",-0.336836006645985,0.83051842769989
"PINX1;PTPN11",-0.328651250899828,0.83051842769989
"CHEK1;PINX1",-1.6664474060301,0.996820526247479
"JAK1;PINX1",-0.591671494833291,0.83051842769989
"AKT1;KIF2A",-0.388137265846723,0.83051842769989
"BRD4;KIF2A",-0.348068111233175,0.83051842769989
"KIF2A;MYC",-1.59288954009804,0.996820526247479
"KIF2A;MAP2K1",-0.374742688986313,0.83051842769989
"KIF2A;MAPK1",-0.365707120720709,0.83051842769989
"KIF2A;WEE1",-0.952610944913895,0.889777333530342
"ARID1A;KIF2A",-0.466825391070049,0.83051842769989
"KIF2A;PRMT1",-1.39129793626347,0.996820526247479
"KIF2A;PARP1",-1.09872997278798,0.923386522220011
"KIF2A;PORCN",-0.315005197156776,0.83051842769989
"KIF2A;MDM2",-0.519985516745356,0.83051842769989
"EGFR;KIF2A",-0.490123789282105,0.83051842769989
"KIF2A;SMAD4",-0.205998518499684,0.83051842769989
"DNMT1;KIF2A",-0.60547195925814,0.83051842769989
"KIF2A;RAF1",-0.382141117115423,0.83051842769989
"CDK6;KIF2A",-0.626308863497181,0.83051842769989
"ATR;KIF2A",-1.08729962901003,0.922001026393481
"KIF2A;MCL1",-0.325095431986384,0.83051842769989
"BCL2;KIF2A",-0.659779033786642,0.83051842769989
"KIF2A;PRMT5",-0.662081290086607,0.83051842769989
"ATM;KIF2A",-0.384588627384685,0.83051842769989
"BCL2L1;KIF2A",-0.340449032810415,0.83051842769989
"KIF2A;KRAS",-0.46343916072386,0.83051842769989
"CDK4;KIF2A",-0.37436671985996,0.83051842769989
"CTNNB1;KIF2A",-0.971624221171399,0.896046915936072
"BRAF;KIF2A",-0.323066695523077,0.83051842769989
"KIF2A;MAP2K2",-0.351870079687752,0.83051842769989
"KIF2A;PIK3CA",-0.481552684334928,0.83051842769989
"IGF1R;KIF2A",-0.292659527844014,0.83051842769989
"KIF2A;TAZ",-0.369445789826604,0.83051842769989
"KIF2A;WRN",-0.354171121793099,0.83051842769989
"AKT2;KIF2A",-0.572231545717178,0.83051842769989
"KIF2A;SRC",-0.353217375736001,0.83051842769989
"DNMT3B;KIF2A",-0.544808493207914,0.83051842769989
"APC;KIF2A",-0.279354793383881,0.83051842769989
"ERBB2;KIF2A",-0.386307323240599,0.83051842769989
"KIF2A;YAP1",-0.343611989909554,0.83051842769989
"KIF2A;PTPN11",-0.321073657806539,0.83051842769989
"CHEK1;KIF2A",-1.79302081264652,0.996820526247479
"JAK1;KIF2A",-0.612200842351053,0.83051842769989
"AKT1;PRKDC",-0.373723289083957,0.83051842769989
"BRD4;PRKDC",-0.14332969348177,0.83051842769989
"MYC;PRKDC",-1.57287960353245,0.996820526247479
"MAP2K1;PRKDC",-0.0861676960560286,0.83051842769989
"MAPK1;PRKDC",-0.213664601126175,0.83051842769989
"PRKDC;WEE1",-0.865131148601822,0.865027463644771
"ARID1A;PRKDC",-0.455716419821543,0.83051842769989
"PRKDC;PRMT1",-1.37963212634966,0.996820526247479
"PARP1;PRKDC",-0.966192450247115,0.89418579121591
"PORCN;PRKDC",-0.334222019320862,0.83051842769989
"MDM2;PRKDC",-0.530087305712482,0.83051842769989
"EGFR;PRKDC",-0.494151052593141,0.83051842769989
"PRKDC;SMAD4",-0.344682570587028,0.83051842769989
"DNMT1;PRKDC",-0.538261502056645,0.83051842769989
"PRKDC;RAF1",-0.0320349208076257,0.83051842769989
"CDK6;PRKDC",-0.796902901827362,0.857223296658322
"ATR;PRKDC",-1.09660358378816,0.92317363085918
"MCL1;PRKDC",0.0184781155421121,0.83051842769989
"BCL2;PRKDC",-0.533076308295212,0.83051842769989
"PRKDC;PRMT5",-0.802178942418003,0.857445669988327
"ATM;PRKDC",-0.351531364686552,0.83051842769989
"BCL2L1;PRKDC",-0.34678445812913,0.83051842769989
"KRAS;PRKDC",-0.403096697329911,0.83051842769989
"CDK4;PRKDC",-0.104832785307234,0.83051842769989
"CTNNB1;PRKDC",-0.848540669729984,0.862535598276301
"BRAF;PRKDC",-0.0562874475741002,0.83051842769989
"MAP2K2;PRKDC",-0.0519377088954855,0.83051842769989
"PIK3CA;PRKDC",-0.420092366173909,0.83051842769989
"IGF1R;PRKDC",-0.352844034504051,0.83051842769989
"PRKDC;TAZ",-0.1692568420751,0.83051842769989
"PRKDC;WRN",-0.324673997418529,0.83051842769989
"AKT2;PRKDC",-0.504776011284084,0.83051842769989
"PRKDC;SRC",-0.14392414778139,0.83051842769989
"DNMT3B;PRKDC",-0.436889051435015,0.83051842769989
"APC;PRKDC",-0.255284374924549,0.83051842769989
"ERBB2;PRKDC",-0.0739345185750869,0.83051842769989
"PRKDC;YAP1",-0.256917825450689,0.83051842769989
"PRKDC;PTPN11",-0.118259411214463,0.83051842769989
"CHEK1;PRKDC",-1.65035982831723,0.996820526247479
"JAK1;PRKDC",-0.585660171772026,0.83051842769989
"AKT1;CDK2",-0.371912993220887,0.83051842769989
"BRD4;CDK2",-0.275142942939899,0.83051842769989
"CDK2;MYC",-1.3995338590916,0.996820526247479
"CDK2;MAP2K1",-0.326543989137532,0.83051842769989
"CDK2;MAPK1",-0.331788213662528,0.83051842769989
"CDK2;WEE1",-0.655498261639661,0.83051842769989
"ARID1A;CDK2",-0.345803164255781,0.83051842769989
"CDK2;PRMT1",-1.22468335784129,0.966512652681962
"CDK2;PARP1",-1.01938968889384,0.90935463268898
"CDK2;PORCN",-0.356777580835412,0.83051842769989
"CDK2;MDM2",-0.587154726786739,0.83051842769989
"CDK2;EGFR",-0.444763176259018,0.83051842769989
"CDK2;SMAD4",-0.370383060290121,0.83051842769989
"CDK2;DNMT1",-0.617127453974747,0.83051842769989
"CDK2;RAF1",-0.290818498446326,0.83051842769989
"CDK2;CDK6",-0.764960508626048,0.853446458154709
"ATR;CDK2",-1.00716026607417,0.906050265115547
"CDK2;MCL1",-0.335023968290993,0.83051842769989
"BCL2;CDK2",-0.588245957478631,0.83051842769989
"CDK2;PRMT5",-0.83362598719011,0.858921569465377
"ATM;CDK2",-0.356056950502603,0.83051842769989
"BCL2L1;CDK2",-0.286142416341906,0.83051842769989
"CDK2;KRAS",-0.328647587270753,0.83051842769989
"CDK2;CDK4",-0.311169396407051,0.83051842769989
"CDK2;CTNNB1",-0.953992485889222,0.88992719643538
"BRAF;CDK2",-0.329502616356519,0.83051842769989
"CDK2;MAP2K2",-0.199783593465554,0.83051842769989
"CDK2;PIK3CA",-0.510429915944212,0.83051842769989
"CDK2;IGF1R",-0.361959183255299,0.83051842769989
"CDK2;TAZ",-0.193574335006682,0.83051842769989
"CDK2;WRN",-0.192613780344458,0.83051842769989
"AKT2;CDK2",-0.500488575949375,0.83051842769989
"CDK2;SRC",-0.261786440798822,0.83051842769989
"CDK2;DNMT3B",-0.395030649730977,0.83051842769989
"APC;CDK2",-0.345970562583774,0.83051842769989
"CDK2;ERBB2",-0.326766954777085,0.83051842769989
"CDK2;YAP1",-0.220555523223018,0.83051842769989
"CDK2;PTPN11",-0.290956746967753,0.83051842769989
"CDK2;CHEK1",-1.51366791918759,0.996820526247479
"CDK2;JAK1",-0.618226929515135,0.83051842769989
"AKT1;MCMBP",-0.0980010178867189,0.83051842769989
"BRD4;MCMBP",-0.235027777969903,0.83051842769989
"MCMBP;MYC",-1.35344552333801,0.99627433411809
"MAP2K1;MCMBP",-0.180442339119439,0.83051842769989
"MAPK1;MCMBP",-0.167022269869635,0.83051842769989
"MCMBP;WEE1",-0.698076891511426,0.838794797210262
"ARID1A;MCMBP",-0.476718508758114,0.83051842769989
"MCMBP;PRMT1",-1.22186534012674,0.965498489631501
"MCMBP;PARP1",-1.08164273067305,0.921488432930172
"MCMBP;PORCN",-0.187579044434185,0.83051842769989
"MCMBP;MDM2",-0.451804693075333,0.83051842769989
"EGFR;MCMBP",-0.492940598954038,0.83051842769989
"MCMBP;SMAD4",-0.312156454564621,0.83051842769989
"DNMT1;MCMBP",-0.605216444649076,0.83051842769989
"MCMBP;RAF1",-0.232152561359847,0.83051842769989
"CDK6;MCMBP",-0.750997323363438,0.851147158300069
"ATR;MCMBP",-1.08482574426338,0.922001026393481
"MCL1;MCMBP",-0.0742755858606358,0.83051842769989
"BCL2;MCMBP",-0.628538129693926,0.83051842769989
"MCMBP;PRMT5",-0.776615369073685,0.855392982465961
"ATM;MCMBP",-0.292533453006402,0.83051842769989
"BCL2L1;MCMBP",-0.331941832536032,0.83051842769989
"KRAS;MCMBP",-0.418593742479287,0.83051842769989
"CDK4;MCMBP",-0.178012999629657,0.83051842769989
"CTNNB1;MCMBP",-1.03866288742002,0.913419946253691
"BRAF;MCMBP",-0.150868754161446,0.83051842769989
"MAP2K2;MCMBP",-0.153123318984133,0.83051842769989
"MCMBP;PIK3CA",-0.534833198085959,0.83051842769989
"IGF1R;MCMBP",-0.327016911270821,0.83051842769989
"MCMBP;TAZ",-0.116551229380029,0.83051842769989
"MCMBP;WRN",-0.284254635110702,0.83051842769989
"AKT2;MCMBP",-0.46397102951595,0.83051842769989
"MCMBP;SRC",-0.128357917902317,0.83051842769989
"DNMT3B;MCMBP",-0.533813903935185,0.83051842769989
"APC;MCMBP",-0.192900550636341,0.83051842769989
"ERBB2;MCMBP",-0.147289015272563,0.83051842769989
"MCMBP;YAP1",-0.194141078002642,0.83051842769989
"MCMBP;PTPN11",-0.0634047652306935,0.83051842769989
"CHEK1;MCMBP",-1.74297360900769,0.996820526247479
"JAK1;MCMBP",-0.619726231334777,0.83051842769989
"AKT1;CCNE2",-0.426469770529674,0.83051842769989
"BRD4;CCNE2",-0.388722925604141,0.83051842769989
"CCNE2;MYC",-1.6517545815314,0.996820526247479
"CCNE2;MAP2K1",-0.37461242243195,0.83051842769989
"CCNE2;MAPK1",-0.333724262544718,0.83051842769989
"CCNE2;WEE1",-0.717858226706973,0.844039243239132
"ARID1A;CCNE2",-0.423543392365669,0.83051842769989
"CCNE2;PRMT1",-1.28711984491609,0.984832058962639
"CCNE2;PARP1",-1.12148784864325,0.924916103508183
"CCNE2;PORCN",-0.421676463893117,0.83051842769989
"CCNE2;MDM2",-0.581740131772727,0.83051842769989
"CCNE2;EGFR",-0.484178744499902,0.83051842769989
"CCNE2;SMAD4",-0.422710924998261,0.83051842769989
"CCNE2;DNMT1",-0.570445318448364,0.83051842769989
"CCNE2;RAF1",-0.302865226859858,0.83051842769989
"CCNE2;CDK6",-0.680593906058074,0.834301709255521
"ATR;CCNE2",-1.07302788225657,0.920027594089205
"CCNE2;MCL1",-0.427490088240598,0.83051842769989
"BCL2;CCNE2",-0.609302304043595,0.83051842769989
"CCNE2;PRMT5",-0.813882517763288,0.858150763100959
"ATM;CCNE2",-0.357514743396459,0.83051842769989
"BCL2L1;CCNE2",-0.417487917462396,0.83051842769989
"CCNE2;KRAS",-0.440037073313209,0.83051842769989
"CCNE2;CDK4",-0.387177326305576,0.83051842769989
"CCNE2;CTNNB1",-1.03599191079528,0.913394991889077
"BRAF;CCNE2",-0.389670393703045,0.83051842769989
"CCNE2;MAP2K2",-0.419018510863749,0.83051842769989
"CCNE2;PIK3CA",-0.561773870049144,0.83051842769989
"CCNE2;IGF1R",-0.393216804138259,0.83051842769989
"CCNE2;TAZ",-0.365141749258885,0.83051842769989
"CCNE2;WRN",-0.334248845591478,0.83051842769989
"AKT2;CCNE2",-0.482618290534409,0.83051842769989
"CCNE2;SRC",-0.0693329070040082,0.83051842769989
"CCNE2;DNMT3B",-0.53144457081284,0.83051842769989
"APC;CCNE2",-0.363184192151206,0.83051842769989
"CCNE2;ERBB2",-0.403635102139272,0.83051842769989
"CCNE2;YAP1",-0.430928681194238,0.83051842769989
"CCNE2;PTPN11",-0.355127308038844,0.83051842769989
"CCNE2;CHEK1",-1.39910554087279,0.996820526247479
"CCNE2;JAK1",-0.587566225013389,0.83051842769989
"AKT1;ARID1B",-0.392360607969285,0.83051842769989
"ARID1B;BRD4",-0.403082547372481,0.83051842769989
"ARID1B;MYC",-1.51958804955078,0.996820526247479
"ARID1B;MAP2K1",-0.390390071687575,0.83051842769989
"ARID1B;MAPK1",-0.349290275699307,0.83051842769989
"ARID1B;WEE1",-0.86482716387711,0.864928575339576
"ARID1A;ARID1B",-0.345118164673276,0.83051842769989
"ARID1B;PRMT1",-1.31706046520395,0.99065930421518
"ARID1B;PARP1",-1.12398999430173,0.924916103508183
"ARID1B;PORCN",-0.353293898045239,0.83051842769989
"ARID1B;MDM2",-0.525580370411247,0.83051842769989
"ARID1B;EGFR",-0.497508817862514,0.83051842769989
"ARID1B;SMAD4",-0.3148003948524,0.83051842769989
"ARID1B;DNMT1",-0.623530569151657,0.83051842769989
"ARID1B;RAF1",-0.339502179460804,0.83051842769989
"ARID1B;CDK6",-0.633347438179959,0.83051842769989
"ARID1B;ATR",-0.951069011194411,0.88961022770074
"ARID1B;MCL1",-0.346703610135761,0.83051842769989
"ARID1B;BCL2",-0.6281468608868,0.83051842769989
"ARID1B;PRMT5",-0.763515614336989,0.853329897622711
"ARID1B;ATM",-0.350082151628823,0.83051842769989
"ARID1B;BCL2L1",-0.331869283502124,0.83051842769989
"ARID1B;KRAS",-0.389335222948206,0.83051842769989
"ARID1B;CDK4",-0.391774623818121,0.83051842769989
"ARID1B;CTNNB1",-1.02228847560274,0.909698541690166
"ARID1B;BRAF",-0.36044670493042,0.83051842769989
"ARID1B;MAP2K2",-0.324667439229497,0.83051842769989
"ARID1B;PIK3CA",-0.543318276727274,0.83051842769989
"ARID1B;IGF1R",-0.371952218350107,0.83051842769989
"ARID1B;TAZ",-0.389767904001546,0.83051842769989
"ARID1B;WRN",-0.26942006717952,0.83051842769989
"AKT2;ARID1B",-0.537196000774327,0.83051842769989
"ARID1B;SRC",-0.386124640410269,0.83051842769989
"ARID1B;DNMT3B",-0.498658449545209,0.83051842769989
"APC;ARID1B",-0.376933236463837,0.83051842769989
"ARID1B;ERBB2",-0.33429503922927,0.83051842769989
"ARID1B;YAP1",-0.380532007259936,0.83051842769989
"ARID1B;PTPN11",-0.385907563109096,0.83051842769989
"ARID1B;CHEK1",-1.70992563530445,0.996820526247479
"ARID1B;JAK1",-0.595359806609311,0.83051842769989
"AKT1;MYCL",-0.364265610722108,0.83051842769989
"BRD4;MYCL",-0.198225902710297,0.83051842769989
"MYC;MYCL",-1.45830434584699,0.996820526247479
"MAP2K1;MYCL",-0.256452249786521,0.83051842769989
"MAPK1;MYCL",-0.237982944568588,0.83051842769989
"MYCL;WEE1",-0.87832365132888,0.868356025031073
"ARID1A;MYCL",-0.462687956616391,0.83051842769989
"MYCL;PRMT1",-1.38953239366299,0.996820526247479
"MYCL;PARP1",-1.10951145020369,0.924073925414799
"MYCL;PORCN",-0.319438491186697,0.83051842769989
"MDM2;MYCL",-0.523292647066245,0.83051842769989
"EGFR;MYCL",-0.459800153370321,0.83051842769989
"MYCL;SMAD4",-0.292318515047327,0.83051842769989
"DNMT1;MYCL",-0.558630350286788,0.83051842769989
"MYCL;RAF1",-0.301468720963782,0.83051842769989
"CDK6;MYCL",-0.731066681073232,0.846612911429626
"ATR;MYCL",-0.968513884032543,0.895182877009325
"MCL1;MYCL",-0.216578134346716,0.83051842769989
"BCL2;MYCL",-0.583836134162473,0.83051842769989
"MYCL;PRMT5",-0.832637652181776,0.858667905495995
"ATM;MYCL",-0.266279513968982,0.83051842769989
"BCL2L1;MYCL",-0.164126130439636,0.83051842769989
"KRAS;MYCL",-0.452672347916809,0.83051842769989
"CDK4;MYCL",-0.164959869715892,0.83051842769989
"CTNNB1;MYCL",-0.93714699642568,0.885894597158508
"BRAF;MYCL",-0.225591166383093,0.83051842769989
"MAP2K2;MYCL",-0.246103948161066,0.83051842769989
"MYCL;PIK3CA",-0.409634605077327,0.83051842769989
"IGF1R;MYCL",-0.357990983446925,0.83051842769989
"MYCL;TAZ",-0.235876291178201,0.83051842769989
"MYCL;WRN",-0.251733037925204,0.83051842769989
"AKT2;MYCL",-0.546167838464943,0.83051842769989
"MYCL;SRC",-0.267822766299903,0.83051842769989
"DNMT3B;MYCL",-0.534108382127654,0.83051842769989
"APC;MYCL",-0.258763900450571,0.83051842769989
"ERBB2;MYCL",-0.164465460175897,0.83051842769989
"MYCL;YAP1",-0.297546995119656,0.83051842769989
"MYCL;PTPN11",-0.197648182848056,0.83051842769989
"CHEK1;MYCL",-1.69155362222385,0.996820526247479
"JAK1;MYCL",-0.521771666328626,0.83051842769989
"AKT1;XRCC2",-0.259185396616034,0.83051842769989
"BRD4;XRCC2",-0.235122582649153,0.83051842769989
"MYC;XRCC2",-1.54409816941441,0.996820526247479
"MAP2K1;XRCC2",-0.123779663314496,0.83051842769989
"MAPK1;XRCC2",-0.24822071287822,0.83051842769989
"WEE1;XRCC2",-0.921749053806537,0.881912913461404
"ARID1A;XRCC2",-0.456647529741688,0.83051842769989
"PRMT1;XRCC2",-1.30735467544944,0.989164385207039
"PARP1;XRCC2",-1.11536237440661,0.924717238549349
"PORCN;XRCC2",-0.28347657574239,0.83051842769989
"MDM2;XRCC2",-0.587621585973645,0.83051842769989
"EGFR;XRCC2",-0.461844122590665,0.83051842769989
"SMAD4;XRCC2",-0.372797055379004,0.83051842769989
"DNMT1;XRCC2",-0.492121517359986,0.83051842769989
"RAF1;XRCC2",-0.267021864420647,0.83051842769989
"CDK6;XRCC2",-0.805544354791788,0.858016621107286
"ATR;XRCC2",-0.968292697857441,0.895159364711818
"MCL1;XRCC2",-0.149086201218603,0.83051842769989
"BCL2;XRCC2",-0.667140968762145,0.83051842769989
"PRMT5;XRCC2",-0.755618193298189,0.852317934867646
"ATM;XRCC2",-0.376882658977499,0.83051842769989
"BCL2L1;XRCC2",-0.323028159477577,0.83051842769989
"KRAS;XRCC2",-0.321132682444895,0.83051842769989
"CDK4;XRCC2",-0.173471801974722,0.83051842769989
"CTNNB1;XRCC2",-0.959236469868108,0.891578761489056
"BRAF;XRCC2",-0.128584952543619,0.83051842769989
"MAP2K2;XRCC2",-0.0584659811781713,0.83051842769989
"PIK3CA;XRCC2",-0.410639932487219,0.83051842769989
"IGF1R;XRCC2",-0.361118764029894,0.83051842769989
"TAZ;XRCC2",-0.0898489457636584,0.83051842769989
"WRN;XRCC2",-0.257303061795943,0.83051842769989
"AKT2;XRCC2",-0.560698966296836,0.83051842769989
"SRC;XRCC2",-0.175721724093918,0.83051842769989
"DNMT3B;XRCC2",-0.468001903209373,0.83051842769989
"APC;XRCC2",-0.226565996386684,0.83051842769989
"ERBB2;XRCC2",-0.125001504930363,0.83051842769989
"XRCC2;YAP1",-0.195757082246815,0.83051842769989
"PTPN11;XRCC2",-0.0978926291679917,0.83051842769989
"CHEK1;XRCC2",-1.71624287257249,0.996820526247479
"JAK1;XRCC2",-0.496889716890751,0.83051842769989
"AKT1;IMPDH2",-0.216601345978923,0.83051842769989
"BRD4;IMPDH2",-0.158458061684968,0.83051842769989
"IMPDH2;MYC",-1.61367216616793,0.996820526247479
"IMPDH2;MAP2K1",-0.0473008925034813,0.83051842769989
"IMPDH2;MAPK1",-0.23400169090453,0.83051842769989
"IMPDH2;WEE1",-0.845482859580863,0.861473588751517
"ARID1A;IMPDH2",-0.430965809675481,0.83051842769989
"IMPDH2;PRMT1",-0.972419980620121,0.896268538975162
"IMPDH2;PARP1",-0.919447895422654,0.880986000827842
"IMPDH2;PORCN",-0.33368994172079,0.83051842769989
"IMPDH2;MDM2",-0.503059703917517,0.83051842769989
"EGFR;IMPDH2",-0.480893328568441,0.83051842769989
"IMPDH2;SMAD4",-0.36458950772754,0.83051842769989
"DNMT1;IMPDH2",-0.458768570684939,0.83051842769989
"IMPDH2;RAF1",-0.275344228626439,0.83051842769989
"CDK6;IMPDH2",-0.798593650030098,0.857292527748453
"ATR;IMPDH2",-0.994437091223816,0.90294929591295
"IMPDH2;MCL1",-0.056773919304488,0.83051842769989
"BCL2;IMPDH2",-0.524269261322301,0.83051842769989
"IMPDH2;PRMT5",-0.810250098598022,0.858150763100959
"ATM;IMPDH2",-0.38221422045434,0.83051842769989
"BCL2L1;IMPDH2",-0.295341895544262,0.83051842769989
"IMPDH2;KRAS",-0.458748691454142,0.83051842769989
"CDK4;IMPDH2",-0.146865583748669,0.83051842769989
"CTNNB1;IMPDH2",-0.838897239797924,0.860372130595238
"BRAF;IMPDH2",-0.0328348792613577,0.83051842769989
"IMPDH2;MAP2K2",-0.105859510146647,0.83051842769989
"IMPDH2;PIK3CA",-0.496612395412003,0.83051842769989
"IGF1R;IMPDH2",-0.157581914644432,0.83051842769989
"IMPDH2;TAZ",-0.132833908717458,0.83051842769989
"IMPDH2;WRN",-0.33910078944087,0.83051842769989
"AKT2;IMPDH2",-0.486529810880965,0.83051842769989
"IMPDH2;SRC",-0.121328105534043,0.83051842769989
"DNMT3B;IMPDH2",-0.465074113127495,0.83051842769989
"APC;IMPDH2",-0.0254443767220915,0.83051842769989
"ERBB2;IMPDH2",-0.0997853364193974,0.83051842769989
"IMPDH2;YAP1",-0.31237441421857,0.83051842769989
"IMPDH2;PTPN11",-0.124666076057998,0.83051842769989
"CHEK1;IMPDH2",-1.77472886591212,0.996820526247479
"IMPDH2;JAK1",-0.564217430724845,0.83051842769989
"AKT1;EIF2AK1",-0.382098529370178,0.83051842769989
"BRD4;EIF2AK1",-0.114392276787051,0.83051842769989
"EIF2AK1;MYC",-1.59382430233693,0.996820526247479
"EIF2AK1;MAP2K1",-0.303635427878304,0.83051842769989
"EIF2AK1;MAPK1",-0.247036732109767,0.83051842769989
"EIF2AK1;WEE1",-0.90482246625016,0.876697180885368
"ARID1A;EIF2AK1",-0.44995394567932,0.83051842769989
"EIF2AK1;PRMT1",-1.30983742706801,0.989393819972919
"EIF2AK1;PARP1",-1.08858141744888,0.922032270037093
"EIF2AK1;PORCN",-0.322746951111044,0.83051842769989
"EIF2AK1;MDM2",-0.575689195451866,0.83051842769989
"EGFR;EIF2AK1",-0.454737027103061,0.83051842769989
"EIF2AK1;SMAD4",-0.373952418186269,0.83051842769989
"DNMT1;EIF2AK1",-0.309741341223885,0.83051842769989
"EIF2AK1;RAF1",-0.197965813728354,0.83051842769989
"CDK6;EIF2AK1",-0.802452994712938,0.857445669988327
"ATR;EIF2AK1",-1.12059655008106,0.924916103508183
"EIF2AK1;MCL1",-0.280325916607809,0.83051842769989
"BCL2;EIF2AK1",-0.623579471074783,0.83051842769989
"EIF2AK1;PRMT5",-0.781935404867198,0.855443174457673
"ATM;EIF2AK1",-0.324171789243167,0.83051842769989
"BCL2L1;EIF2AK1",-0.341258448700604,0.83051842769989
"EIF2AK1;KRAS",-0.341959658373773,0.83051842769989
"CDK4;EIF2AK1",-0.257218664167655,0.83051842769989
"CTNNB1;EIF2AK1",-0.889966588635612,0.872299770794536
"BRAF;EIF2AK1",-0.110004523812484,0.83051842769989
"EIF2AK1;MAP2K2",-0.202165262413937,0.83051842769989
"EIF2AK1;PIK3CA",-0.496049985235835,0.83051842769989
"EIF2AK1;IGF1R",-0.164410417498098,0.83051842769989
"EIF2AK1;TAZ",-0.276880023832765,0.83051842769989
"EIF2AK1;WRN",-0.302134654068463,0.83051842769989
"AKT2;EIF2AK1",-0.452050557451405,0.83051842769989
"EIF2AK1;SRC",-0.296129098285999,0.83051842769989
"DNMT3B;EIF2AK1",-0.458615423552162,0.83051842769989
"APC;EIF2AK1",-0.280536211437604,0.83051842769989
"EIF2AK1;ERBB2",-0.299997824662026,0.83051842769989
"EIF2AK1;YAP1",-0.309546129059741,0.83051842769989
"EIF2AK1;PTPN11",-0.2731007748174,0.83051842769989
"CHEK1;EIF2AK1",-1.76453722655755,0.996820526247479
"EIF2AK1;JAK1",-0.607545947556821,0.83051842769989
"AKT1;ITGB5",-0.378634064398775,0.83051842769989
"BRD4;ITGB5",-0.245384416240424,0.83051842769989
"ITGB5;MYC",-1.54611113006585,0.996820526247479
"ITGB5;MAP2K1",-0.0617489974412635,0.83051842769989
"ITGB5;MAPK1",-0.197786264888519,0.83051842769989
"ITGB5;WEE1",-0.780058150282936,0.855392982465961
"ARID1A;ITGB5",-0.380013139329183,0.83051842769989
"ITGB5;PRMT1",-1.24551248513895,0.973132910922577
"ITGB5;PARP1",-1.09671949772864,0.92317363085918
"ITGB5;PORCN",-0.2872876698479,0.83051842769989
"ITGB5;MDM2",-0.554493957888828,0.83051842769989
"EGFR;ITGB5",-0.49447084016272,0.83051842769989
"ITGB5;SMAD4",-0.333947953061733,0.83051842769989
"DNMT1;ITGB5",-0.578570873220428,0.83051842769989
"ITGB5;RAF1",-0.236839629640897,0.83051842769989
"CDK6;ITGB5",-0.716855328435774,0.843784137969227
"ATR;ITGB5",-1.11311962546881,0.92447995376351
"ITGB5;MCL1",0.0762673856940997,0.83051842769989
"BCL2;ITGB5",-0.542289237094118,0.83051842769989
"ITGB5;PRMT5",-0.710992364218933,0.841981018954274
"ATM;ITGB5",-0.369372793380574,0.83051842769989
"BCL2L1;ITGB5",-0.326505176203272,0.83051842769989
"ITGB5;KRAS",-0.375316760788858,0.83051842769989
"CDK4;ITGB5",-0.0929768203493513,0.83051842769989
"CTNNB1;ITGB5",-0.845699658574078,0.861473588751517
"BRAF;ITGB5",-0.044265995989505,0.83051842769989
"ITGB5;MAP2K2",-0.0730395476914319,0.83051842769989
"ITGB5;PIK3CA",-0.400964500573098,0.83051842769989
"IGF1R;ITGB5",-0.244422493572124,0.83051842769989
"ITGB5;TAZ",-0.199400289600279,0.83051842769989
"ITGB5;WRN",-0.330746964907295,0.83051842769989
"AKT2;ITGB5",-0.559541141182387,0.83051842769989
"ITGB5;SRC",-0.113963706305153,0.83051842769989
"DNMT3B;ITGB5",-0.514239066233795,0.83051842769989
"APC;ITGB5",-0.192238944208388,0.83051842769989
"ERBB2;ITGB5",-0.105356606401354,0.83051842769989
"ITGB5;YAP1",-0.208007033883734,0.83051842769989
"ITGB5;PTPN11",-0.0379316466034533,0.83051842769989
"CHEK1;ITGB5",-1.69672626394322,0.996820526247479
"ITGB5;JAK1",-0.485986781489371,0.83051842769989
"AKT1;SMAD2",-0.271999360731496,0.83051842769989
"BRD4;SMAD2",-0.203639965473947,0.83051842769989
"MYC;SMAD2",-1.59012241691195,0.996820526247479
"MAP2K1;SMAD2",-0.0750909904828861,0.83051842769989
"MAPK1;SMAD2",-0.223017934891916,0.83051842769989
"SMAD2;WEE1",-0.747051671227083,0.850506615113902
"ARID1A;SMAD2",-0.455875081396608,0.83051842769989
"PRMT1;SMAD2",-1.29297946715956,0.985828681460847
"PARP1;SMAD2",-1.11605330890823,0.924896231395191
"PORCN;SMAD2",-0.2788741826721,0.83051842769989
"MDM2;SMAD2",-0.511765609700172,0.83051842769989
"EGFR;SMAD2",-0.459994639098805,0.83051842769989
"SMAD2;SMAD4",-0.359886944593153,0.83051842769989
"DNMT1;SMAD2",-0.570891200099294,0.83051842769989
"RAF1;SMAD2",-0.288612814672276,0.83051842769989
"CDK6;SMAD2",-0.796844171736886,0.857223296658322
"ATR;SMAD2",-1.09340185341254,0.92268351704861
"MCL1;SMAD2",-0.165694804955682,0.83051842769989
"BCL2;SMAD2",-0.657033863200655,0.83051842769989
"PRMT5;SMAD2",-0.860547015546923,0.864680931476723
"ATM;SMAD2",-0.310575487590289,0.83051842769989
"BCL2L1;SMAD2",-0.259893875943152,0.83051842769989
"KRAS;SMAD2",-0.439913558128951,0.83051842769989
"CDK4;SMAD2",-0.192019006557846,0.83051842769989
"CTNNB1;SMAD2",-0.916555814403467,0.880075105662157
"BRAF;SMAD2",-0.137676269368174,0.83051842769989
"MAP2K2;SMAD2",-0.0717598404719028,0.83051842769989
"PIK3CA;SMAD2",-0.556614992925977,0.83051842769989
"IGF1R;SMAD2",-0.207255667265737,0.83051842769989
"SMAD2;TAZ",-0.124323717893555,0.83051842769989
"SMAD2;WRN",-0.218772194231783,0.83051842769989
"AKT2;SMAD2",-0.513176896354022,0.83051842769989
"SMAD2;SRC",-0.181315867823045,0.83051842769989
"DNMT3B;SMAD2",-0.466803443937504,0.83051842769989
"APC;SMAD2",-0.247851461223698,0.83051842769989
"ERBB2;SMAD2",-0.150221627417442,0.83051842769989
"SMAD2;YAP1",-0.315968100725328,0.83051842769989
"PTPN11;SMAD2",-0.203582185198714,0.83051842769989
"CHEK1;SMAD2",-1.73507610838049,0.996820526247479
"JAK1;SMAD2",-0.58384535195977,0.83051842769989
"AKT1;RALB",-0.379472602485043,0.83051842769989
"BRD4;RALB",-0.266146787746853,0.83051842769989
"MYC;RALB",-1.35519130350237,0.99643163599601
"MAP2K1;RALB",-0.271660668199552,0.83051842769989
"MAPK1;RALB",-0.156182346234419,0.83051842769989
"RALB;WEE1",-0.893932284707327,0.873505059580551
"ARID1A;RALB",-0.443933157348775,0.83051842769989
"PRMT1;RALB",-1.21310523460939,0.962272937727734
"PARP1;RALB",-1.10062936956152,0.923452397685076
"PORCN;RALB",-0.308830539602373,0.83051842769989
"MDM2;RALB",-0.574889445314634,0.83051842769989
"EGFR;RALB",-0.512228217139989,0.83051842769989
"RALB;SMAD4",-0.233287776329134,0.83051842769989
"DNMT1;RALB",-0.612899539767827,0.83051842769989
"RAF1;RALB",-0.259441794299307,0.83051842769989
"CDK6;RALB",-0.805313183531979,0.858016621107286
"ATR;RALB",-1.09829574654135,0.923367080805801
"MCL1;RALB",-0.250749006445631,0.83051842769989
"BCL2;RALB",-0.558231859726085,0.83051842769989
"PRMT5;RALB",-0.850850341738175,0.863082816599217
"ATM;RALB",-0.388011203978874,0.83051842769989
"BCL2L1;RALB",-0.316317324798479,0.83051842769989
"KRAS;RALB",-0.429726634025313,0.83051842769989
"CDK4;RALB",-0.26287932642037,0.83051842769989
"CTNNB1;RALB",-0.905010990480447,0.876705976238189
"BRAF;RALB",-0.286201616668529,0.83051842769989
"MAP2K2;RALB",-0.224644551860334,0.83051842769989
"PIK3CA;RALB",-0.506959303988889,0.83051842769989
"IGF1R;RALB",-0.347680013007382,0.83051842769989
"RALB;TAZ",-0.28016236120408,0.83051842769989
"RALB;WRN",-0.308954977393543,0.83051842769989
"AKT2;RALB",-0.493108879634414,0.83051842769989
"RALB;SRC",-0.210006523688871,0.83051842769989
"DNMT3B;RALB",-0.467607674894672,0.83051842769989
"APC;RALB",-0.238332818209572,0.83051842769989
"ERBB2;RALB",-0.10962615005016,0.83051842769989
"RALB;YAP1",-0.321201618542504,0.83051842769989
"PTPN11;RALB",-0.251514407005481,0.83051842769989
"CHEK1;RALB",-1.62706442934453,0.996820526247479
"JAK1;RALB",-0.592282748820212,0.83051842769989
"AKT1;CTC1",-0.36502698682254,0.83051842769989
"BRD4;CTC1",-0.275685138317365,0.83051842769989
"CTC1;MYC",-1.38525518926718,0.996820526247479
"CTC1;MAP2K1",-0.336893888409417,0.83051842769989
"CTC1;MAPK1",-0.302232384708255,0.83051842769989
"CTC1;WEE1",-0.889673190909073,0.872180403257427
"ARID1A;CTC1",-0.479015253257152,0.83051842769989
"CTC1;PRMT1",-1.21424709871831,0.962618900540505
"CTC1;PARP1",-1.0992254766327,0.923452397685076
"CTC1;PORCN",-0.316540949765337,0.83051842769989
"CTC1;MDM2",-0.506303108148125,0.83051842769989
"CTC1;EGFR",-0.433692835351425,0.83051842769989
"CTC1;SMAD4",-0.244757452792699,0.83051842769989
"CTC1;DNMT1",-0.563958867085112,0.83051842769989
"CTC1;RAF1",-0.221141343050381,0.83051842769989
"CDK6;CTC1",-0.72154980267853,0.844449268748353
"ATR;CTC1",-1.11715444374782,0.924896231395191
"CTC1;MCL1",-0.298117433591943,0.83051842769989
"BCL2;CTC1",-0.66883201908051,0.830950582195179
"CTC1;PRMT5",-0.827466977586197,0.858367750999105
"ATM;CTC1",-0.359462656713715,0.83051842769989
"BCL2L1;CTC1",-0.216853508347729,0.83051842769989
"CTC1;KRAS",-0.457959837294901,0.83051842769989
"CDK4;CTC1",-0.329570633361541,0.83051842769989
"CTC1;CTNNB1",-0.936539611547034,0.88577539106553
"BRAF;CTC1",-0.313713615017159,0.83051842769989
"CTC1;MAP2K2",-0.317610141300653,0.83051842769989
"CTC1;PIK3CA",-0.534611624715647,0.83051842769989
"CTC1;IGF1R",-0.29225742853291,0.83051842769989
"CTC1;TAZ",-0.339200322611877,0.83051842769989
"CTC1;WRN",-0.301892028328035,0.83051842769989
"AKT2;CTC1",-0.54362903500321,0.83051842769989
"CTC1;SRC",-0.275795771282744,0.83051842769989
"CTC1;DNMT3B",-0.545979712226325,0.83051842769989
"APC;CTC1",-0.334924426760505,0.83051842769989
"CTC1;ERBB2",-0.281372317558388,0.83051842769989
"CTC1;YAP1",-0.312830203494706,0.83051842769989
"CTC1;PTPN11",-0.314527682207757,0.83051842769989
"CHEK1;CTC1",-1.78706452070334,0.996820526247479
"CTC1;JAK1",-0.549182085310408,0.83051842769989
"AKT1;ARAF",-0.308701730656026,0.83051842769989
"ARAF;BRD4",-0.319526585315878,0.83051842769989
"ARAF;MYC",-1.6336619139274,0.996820526247479
"ARAF;MAP2K1",-0.367683180606571,0.83051842769989
"ARAF;MAPK1",-0.367420325469174,0.83051842769989
"ARAF;WEE1",-0.842903875836133,0.860989937436037
"ARAF;ARID1A",-0.449818707782627,0.83051842769989
"ARAF;PRMT1",-1.26565891382661,0.979035827416096
"ARAF;PARP1",-1.06455952385275,0.918240474739579
"ARAF;PORCN",-0.373490632730049,0.83051842769989
"ARAF;MDM2",-0.578150597498248,0.83051842769989
"ARAF;EGFR",-0.517440384805633,0.83051842769989
"ARAF;SMAD4",-0.383800648074212,0.83051842769989
"ARAF;DNMT1",-0.570958885939437,0.83051842769989
"ARAF;RAF1",-0.358469823024463,0.83051842769989
"ARAF;CDK6",-0.74157434964997,0.848926746149907
"ARAF;ATR",-1.02733551555984,0.911081572852605
"ARAF;MCL1",-0.331495007850586,0.83051842769989
"ARAF;BCL2",-0.550997879583634,0.83051842769989
"ARAF;PRMT5",-0.791311675324842,0.856844608927936
"ARAF;ATM",-0.269410445762111,0.83051842769989
"ARAF;BCL2L1",-0.360808744524829,0.83051842769989
"ARAF;KRAS",-0.41994256182004,0.83051842769989
"ARAF;CDK4",-0.34318860939044,0.83051842769989
"ARAF;CTNNB1",-0.998496548951386,0.903981450441053
"ARAF;BRAF",-0.32846842382396,0.83051842769989
"ARAF;MAP2K2",-0.369879614006874,0.83051842769989
"ARAF;PIK3CA",-0.522153896913797,0.83051842769989
"ARAF;IGF1R",-0.385524604678277,0.83051842769989
"ARAF;TAZ",-0.32736052880535,0.83051842769989
"ARAF;WRN",-0.307047370327548,0.83051842769989
"AKT2;ARAF",-0.539918432558577,0.83051842769989
"ARAF;SRC",-0.291410094739666,0.83051842769989
"ARAF;DNMT3B",-0.48739099022209,0.83051842769989
"APC;ARAF",-0.385062088776968,0.83051842769989
"ARAF;ERBB2",-0.376284968613732,0.83051842769989
"ARAF;YAP1",-0.387659293938863,0.83051842769989
"ARAF;PTPN11",-0.358592333416591,0.83051842769989
"ARAF;CHEK1",-1.76315165316691,0.996820526247479
"ARAF;JAK1",-0.621058627170485,0.83051842769989
"AKT1;FADD",-0.362540571733837,0.83051842769989
"BRD4;FADD",-0.162278480803205,0.83051842769989
"FADD;MYC",-1.49886236433646,0.996820526247479
"FADD;MAP2K1",-0.129575982334066,0.83051842769989
"FADD;MAPK1",-0.220971805295236,0.83051842769989
"FADD;WEE1",-0.919460441235455,0.880986000827842
"ARID1A;FADD",-0.41113585530305,0.83051842769989
"FADD;PRMT1",-1.29136965430324,0.985460261639596
"FADD;PARP1",-1.11703706798519,0.924896231395191
"FADD;PORCN",-0.302047500346921,0.83051842769989
"FADD;MDM2",-0.54654562848768,0.83051842769989
"EGFR;FADD",-0.485684092837716,0.83051842769989
"FADD;SMAD4",-0.373409194704998,0.83051842769989
"DNMT1;FADD",-0.341978854734254,0.83051842769989
"FADD;RAF1",-0.283514937652757,0.83051842769989
"CDK6;FADD",-0.796863825296655,0.857223296658322
"ATR;FADD",-0.89161968992924,0.87276876397307
"FADD;MCL1",-0.103776626251759,0.83051842769989
"BCL2;FADD",-0.624669247448591,0.83051842769989
"FADD;PRMT5",-0.833604008820903,0.858921569465377
"ATM;FADD",-0.337559368621905,0.83051842769989
"BCL2L1;FADD",-0.219578620503407,0.83051842769989
"FADD;KRAS",-0.314775561474554,0.83051842769989
"CDK4;FADD",-0.14281378396023,0.83051842769989
"CTNNB1;FADD",-0.863450873996906,0.864875045592771
"BRAF;FADD",-0.138823568234625,0.83051842769989
"FADD;MAP2K2",-0.105862968503191,0.83051842769989
"FADD;PIK3CA",-0.563457489131728,0.83051842769989
"FADD;IGF1R",-0.345377514778123,0.83051842769989
"FADD;TAZ",-0.17632993666677,0.83051842769989
"FADD;WRN",-0.285159781896763,0.83051842769989
"AKT2;FADD",-0.564493548435159,0.83051842769989
"FADD;SRC",-0.132133915552849,0.83051842769989
"DNMT3B;FADD",-0.546371509279492,0.83051842769989
"APC;FADD",-0.19867297726133,0.83051842769989
"ERBB2;FADD",-0.0665523235953324,0.83051842769989
"FADD;YAP1",-0.216672963010983,0.83051842769989
"FADD;PTPN11",-0.118076308665355,0.83051842769989
"CHEK1;FADD",-1.52483215123129,0.996820526247479
"FADD;JAK1",-0.590687704206838,0.83051842769989
"AKT1;KAT7",-0.364563087875184,0.83051842769989
"BRD4;KAT7",-0.0267915968486245,0.83051842769989
"KAT7;MYC",-1.45287269797107,0.996820526247479
"KAT7;MAP2K1",-0.103905325490826,0.83051842769989
"KAT7;MAPK1",-0.212622806197469,0.83051842769989
"KAT7;WEE1",-0.885146293291293,0.870480978199804
"ARID1A;KAT7",-0.473292947654293,0.83051842769989
"KAT7;PRMT1",-1.31097724793482,0.989517076667563
"KAT7;PARP1",-1.09711179564516,0.92317363085918
"KAT7;PORCN",-0.328347821086565,0.83051842769989
"KAT7;MDM2",-0.525441235107931,0.83051842769989
"EGFR;KAT7",-0.505565327992406,0.83051842769989
"KAT7;SMAD4",-0.273548153287627,0.83051842769989
"DNMT1;KAT7",-0.621923242388597,0.83051842769989
"KAT7;RAF1",-0.252749421951016,0.83051842769989
"CDK6;KAT7",-0.783111548183267,0.855443174457673
"ATR;KAT7",-1.00115779367573,0.904649075364505
"KAT7;MCL1",0.0555402219068159,0.83051842769989
"BCL2;KAT7",-0.584987376714606,0.83051842769989
"KAT7;PRMT5",-0.812205184503656,0.858150763100959
"ATM;KAT7",-0.330472249771818,0.83051842769989
"BCL2L1;KAT7",-0.199601028100269,0.83051842769989
"KAT7;KRAS",-0.326006460817963,0.83051842769989
"CDK4;KAT7",-0.0772706884824635,0.83051842769989
"CTNNB1;KAT7",-1.01321397656554,0.907863254198104
"BRAF;KAT7",0.0207446886789541,0.83051842769989
"KAT7;MAP2K2",-0.0429648891051602,0.83051842769989
"KAT7;PIK3CA",-0.548941752865847,0.83051842769989
"IGF1R;KAT7",-0.301281267357004,0.83051842769989
"KAT7;TAZ",-0.153717835164212,0.83051842769989
"KAT7;WRN",-0.281551258327475,0.83051842769989
"AKT2;KAT7",-0.476089478821295,0.83051842769989
"KAT7;SRC",-0.135779124521793,0.83051842769989
"DNMT3B;KAT7",-0.466531394515799,0.83051842769989
"APC;KAT7",-0.211018562279523,0.83051842769989
"ERBB2;KAT7",0.032487813916264,0.83051842769989
"KAT7;YAP1",-0.245393390313875,0.83051842769989
"KAT7;PTPN11",-0.0647920548111103,0.83051842769989
"CHEK1;KAT7",-1.5917875444425,0.996820526247479
"JAK1;KAT7",-0.546019864384809,0.83051842769989
"AKT1;JAK2",-0.412617747042056,0.83051842769989
"BRD4;JAK2",-0.370466991701503,0.83051842769989
"JAK2;MYC",-1.63591213758284,0.996820526247479
"JAK2;MAP2K1",-0.311967487405555,0.83051842769989
"JAK2;MAPK1",-0.375280380101687,0.83051842769989
"JAK2;WEE1",-0.856783687011967,0.864028834679315
"ARID1A;JAK2",-0.419394315493338,0.83051842769989
"JAK2;PRMT1",-1.23906151518052,0.971201520475174
"JAK2;PARP1",-1.1045703671942,0.92376303061524
"JAK2;PORCN",-0.281028888573467,0.83051842769989
"JAK2;MDM2",-0.58365321192926,0.83051842769989
"EGFR;JAK2",-0.498628543348242,0.83051842769989
"JAK2;SMAD4",-0.412998391766295,0.83051842769989
"DNMT1;JAK2",-0.524359884891333,0.83051842769989
"JAK2;RAF1",-0.359641799166034,0.83051842769989
"CDK6;JAK2",-0.665961806837208,0.83051842769989
"ATR;JAK2",-1.08365757250783,0.922001026393481
"JAK2;MCL1",-0.386789404113244,0.83051842769989
"BCL2;JAK2",-0.608668391009752,0.83051842769989
"JAK2;PRMT5",-0.830362507179657,0.858667905495995
"ATM;JAK2",-0.389549536816553,0.83051842769989
"BCL2L1;JAK2",-0.341993904973819,0.83051842769989
"JAK2;KRAS",-0.372919595724288,0.83051842769989
"CDK4;JAK2",-0.407481055624602,0.83051842769989
"CTNNB1;JAK2",-0.884618941199789,0.870387220411506
"BRAF;JAK2",-0.4022704647194,0.83051842769989
"JAK2;MAP2K2",-0.334223922610991,0.83051842769989
"JAK2;PIK3CA",-0.473947053891274,0.83051842769989
"IGF1R;JAK2",-0.398122225088378,0.83051842769989
"JAK2;TAZ",-0.388037804592845,0.83051842769989
"JAK2;WRN",-0.398294994696738,0.83051842769989
"AKT2;JAK2",-0.534719054985625,0.83051842769989
"JAK2;SRC",-0.412815325656857,0.83051842769989
"DNMT3B;JAK2",-0.540244194409672,0.83051842769989
"APC;JAK2",-0.327446237433704,0.83051842769989
"ERBB2;JAK2",-0.409250891356194,0.83051842769989
"JAK2;YAP1",-0.386195980721342,0.83051842769989
"JAK2;PTPN11",-0.396102474967075,0.83051842769989
"CHEK1;JAK2",-1.73442964160685,0.996820526247479
"JAK1;JAK2",-0.572464854148155,0.83051842769989
"AKT1;WWTR1",-0.313569679409318,0.83051842769989
"BRD4;WWTR1",-0.253793350834091,0.83051842769989
"MYC;WWTR1",-1.54288062727852,0.996820526247479
"MAP2K1;WWTR1",-0.184663085783109,0.83051842769989
"MAPK1;WWTR1",-0.23819737890786,0.83051842769989
"WEE1;WWTR1",-0.868944180647422,0.865507228575333
"ARID1A;WWTR1",-0.435575586443094,0.83051842769989
"PRMT1;WWTR1",-1.33034386085701,0.993073779693717
"PARP1;WWTR1",-1.07005176497636,0.919634631365067
"PORCN;WWTR1",-0.234684574248775,0.83051842769989
"MDM2;WWTR1",-0.56115690537213,0.83051842769989
"EGFR;WWTR1",-0.493888556623923,0.83051842769989
"SMAD4;WWTR1",-0.295001950833388,0.83051842769989
"DNMT1;WWTR1",-0.503519354379676,0.83051842769989
"RAF1;WWTR1",-0.226042233500562,0.83051842769989
"CDK6;WWTR1",-0.793704447268923,0.856933965766506
"ATR;WWTR1",-0.925975548395137,0.882968608689344
"MCL1;WWTR1",-0.185378262456108,0.83051842769989
"BCL2;WWTR1",-0.663437879047392,0.83051842769989
"PRMT5;WWTR1",-0.804664348731668,0.857781436932022
"ATM;WWTR1",-0.394883930300735,0.83051842769989
"BCL2L1;WWTR1",-0.316882554107878,0.83051842769989
"KRAS;WWTR1",-0.346873399936661,0.83051842769989
"CDK4;WWTR1",0.00916272347103245,0.83051842769989
"CTNNB1;WWTR1",-0.747776455163136,0.850506615113902
"BRAF;WWTR1",-0.200401159543526,0.83051842769989
"MAP2K2;WWTR1",-0.167284650908112,0.83051842769989
"PIK3CA;WWTR1",-0.458814026185788,0.83051842769989
"IGF1R;WWTR1",-0.266730195884397,0.83051842769989
"TAZ;WWTR1",-0.138786639401643,0.83051842769989
"WRN;WWTR1",-0.342020982093701,0.83051842769989
"AKT2;WWTR1",-0.52634203689791,0.83051842769989
"SRC;WWTR1",-0.175353326156387,0.83051842769989
"DNMT3B;WWTR1",-0.510831904539231,0.83051842769989
"APC;WWTR1",-0.186306991141435,0.83051842769989
"ERBB2;WWTR1",-0.11754755014332,0.83051842769989
"WWTR1;YAP1",-0.302461311020219,0.83051842769989
"PTPN11;WWTR1",-0.052106773107827,0.83051842769989
"CHEK1;WWTR1",-1.69454347794333,0.996820526247479
"JAK1;WWTR1",-0.613724420448611,0.83051842769989
"AKT1;ALPK2",-0.348272764295008,0.83051842769989
"ALPK2;BRD4",-0.365286330223398,0.83051842769989
"ALPK2;MYC",-1.57934090851838,0.996820526247479
"ALPK2;MAP2K1",-0.368462592409308,0.83051842769989
"ALPK2;MAPK1",-0.34175205336649,0.83051842769989
"ALPK2;WEE1",-0.91942479890805,0.880986000827842
"ALPK2;ARID1A",-0.440681611300464,0.83051842769989
"ALPK2;PRMT1",-1.23855358752529,0.971066210983354
"ALPK2;PARP1",-1.11661901750891,0.924896231395191
"ALPK2;PORCN",-0.321100302479518,0.83051842769989
"ALPK2;MDM2",-0.477935237310687,0.83051842769989
"ALPK2;EGFR",-0.466451954136737,0.83051842769989
"ALPK2;SMAD4",-0.364419674820708,0.83051842769989
"ALPK2;DNMT1",-0.553931260135135,0.83051842769989
"ALPK2;RAF1",-0.382133244891417,0.83051842769989
"ALPK2;CDK6",-0.792607089385012,0.856844608927936
"ALPK2;ATR",-1.04464587391458,0.913701590084969
"ALPK2;MCL1",-0.372515115702741,0.83051842769989
"ALPK2;BCL2",-0.629447584626623,0.83051842769989
"ALPK2;PRMT5",-0.814802533855659,0.858150763100959
"ALPK2;ATM",-0.311022704431019,0.83051842769989
"ALPK2;BCL2L1",-0.307385119871302,0.83051842769989
"ALPK2;KRAS",-0.426048953852904,0.83051842769989
"ALPK2;CDK4",-0.353157979014173,0.83051842769989
"ALPK2;CTNNB1",-0.962976428214812,0.892874850732417
"ALPK2;BRAF",-0.378988135901475,0.83051842769989
"ALPK2;MAP2K2",-0.30288031921844,0.83051842769989
"ALPK2;PIK3CA",-0.520689094915546,0.83051842769989
"ALPK2;IGF1R",-0.3529208957165,0.83051842769989
"ALPK2;TAZ",-0.339308132381862,0.83051842769989
"ALPK2;WRN",-0.256687923286022,0.83051842769989
"AKT2;ALPK2",-0.560390440412046,0.83051842769989
"ALPK2;SRC",-0.269189597950692,0.83051842769989
"ALPK2;DNMT3B",-0.510380557258777,0.83051842769989
"ALPK2;APC",-0.358069111602618,0.83051842769989
"ALPK2;ERBB2",-0.345841350274537,0.83051842769989
"ALPK2;YAP1",-0.360519124336594,0.83051842769989
"ALPK2;PTPN11",-0.361591664175811,0.83051842769989
"ALPK2;CHEK1",-1.66568949867948,0.996820526247479
"ALPK2;JAK1",-0.584737744450356,0.83051842769989
"AKT1;ICK",-0.353557040403879,0.83051842769989
"BRD4;ICK",-0.188212092501827,0.83051842769989
"ICK;MYC",-1.53596568820796,0.996820526247479
"ICK;MAP2K1",-0.1836246434458,0.83051842769989
"ICK;MAPK1",-0.172776714702812,0.83051842769989
"ICK;WEE1",-0.906492744527978,0.877036775745849
"ARID1A;ICK",-0.423229916217744,0.83051842769989
"ICK;PRMT1",-1.3459260051913,0.995343839073247
"ICK;PARP1",-1.07522644580254,0.920438060131278
"ICK;PORCN",-0.266365092608791,0.83051842769989
"ICK;MDM2",-0.494143642142346,0.83051842769989
"EGFR;ICK",-0.481828314384013,0.83051842769989
"ICK;SMAD4",-0.36947717640799,0.83051842769989
"DNMT1;ICK",-0.535001887027078,0.83051842769989
"ICK;RAF1",-0.228446483819681,0.83051842769989
"CDK6;ICK",-0.795749946556301,0.857223296658322
"ATR;ICK",-1.01324247169555,0.907863254198104
"ICK;MCL1",-0.189964038552789,0.83051842769989
"BCL2;ICK",-0.631746910448226,0.83051842769989
"ICK;PRMT5",-0.787523819689974,0.85591906556734
"ATM;ICK",-0.384443618771676,0.83051842769989
"BCL2L1;ICK",-0.318735182530417,0.83051842769989
"ICK;KRAS",-0.458841089129261,0.83051842769989
"CDK4;ICK",-0.181811655442785,0.83051842769989
"CTNNB1;ICK",-0.974460615881597,0.897020255562433
"BRAF;ICK",-0.180909796388152,0.83051842769989
"ICK;MAP2K2",-0.207803653592093,0.83051842769989
"ICK;PIK3CA",-0.537952795566898,0.83051842769989
"ICK;IGF1R",-0.312507998186894,0.83051842769989
"ICK;TAZ",-0.1875215377805,0.83051842769989
"ICK;WRN",-0.321351461296541,0.83051842769989
"AKT2;ICK",-0.515558985199092,0.83051842769989
"ICK;SRC",-0.18997359261818,0.83051842769989
"DNMT3B;ICK",-0.432608419240786,0.83051842769989
"APC;ICK",-0.179635807679666,0.83051842769989
"ERBB2;ICK",-0.151761422080252,0.83051842769989
"ICK;YAP1",-0.29845448760923,0.83051842769989
"ICK;PTPN11",-0.0672852483323887,0.83051842769989
"CHEK1;ICK",-1.71322684761137,0.996820526247479
"ICK;JAK1",-0.56328403010171,0.83051842769989
"AKT1;NEK11",-0.36180371135579,0.83051842769989
"BRD4;NEK11",-0.360925423851972,0.83051842769989
"MYC;NEK11",-1.51198896019493,0.996820526247479
"MAP2K1;NEK11",-0.358970910873089,0.83051842769989
"MAPK1;NEK11",-0.350541564798593,0.83051842769989
"NEK11;WEE1",-0.866781321821105,0.865204922839714
"ARID1A;NEK11",-0.47761518383474,0.83051842769989
"NEK11;PRMT1",-1.34858554576129,0.995820050339878
"NEK11;PARP1",-1.08792512632018,0.922001026393481
"NEK11;PORCN",-0.352450446004318,0.83051842769989
"MDM2;NEK11",-0.590516531980119,0.83051842769989
"EGFR;NEK11",-0.5099379888475,0.83051842769989
"NEK11;SMAD4",-0.33131473328622,0.83051842769989
"DNMT1;NEK11",-0.532015250678654,0.83051842769989
"NEK11;RAF1",-0.343173130370473,0.83051842769989
"CDK6;NEK11",-0.750368506292667,0.851039669906169
"ATR;NEK11",-0.818878441116958,0.85826452060764
"MCL1;NEK11",-0.353125740108501,0.83051842769989
"BCL2;NEK11",-0.524957617109501,0.83051842769989
"NEK11;PRMT5",-0.773326525196978,0.854846968704009
"ATM;NEK11",-0.38214003818422,0.83051842769989
"BCL2L1;NEK11",-0.278731465948821,0.83051842769989
"KRAS;NEK11",-0.431378733055406,0.83051842769989
"CDK4;NEK11",-0.29342445098528,0.83051842769989
"CTNNB1;NEK11",-0.88524025618506,0.870481991436598
"BRAF;NEK11",-0.320499628618791,0.83051842769989
"MAP2K2;NEK11",-0.325901156069683,0.83051842769989
"NEK11;PIK3CA",-0.551209364247333,0.83051842769989
"IGF1R;NEK11",-0.352289118275053,0.83051842769989
"NEK11;TAZ",-0.245949889754557,0.83051842769989
"NEK11;WRN",-0.159687359266756,0.83051842769989
"AKT2;NEK11",-0.475055403114785,0.83051842769989
"NEK11;SRC",-0.345167105073733,0.83051842769989
"DNMT3B;NEK11",-0.522511084294502,0.83051842769989
"APC;NEK11",-0.340180747262309,0.83051842769989
"ERBB2;NEK11",-0.349284722421519,0.83051842769989
"NEK11;YAP1",-0.324924871930896,0.83051842769989
"NEK11;PTPN11",-0.285312590452677,0.83051842769989
"CHEK1;NEK11",-1.39312725068819,0.996820526247479
"JAK1;NEK11",-0.614263174474671,0.83051842769989
"AKT1;PSMD4",-0.86279868409551,0.864875045592771
"BRD4;PSMD4",-0.933015326837813,0.884742580438376
"MYC;PSMD4",-1.27013111135108,0.980217008255164
"MAP2K1;PSMD4",-0.928896526322077,0.88382361654753
"MAPK1;PSMD4",-0.835755869797572,0.859835470553926
"PSMD4;WEE1",-0.717332170884197,0.843956568255552
"ARID1A;PSMD4",-0.945467101582564,0.888231399331582
"PRMT1;PSMD4",-0.974379143724468,0.897020255562433
"PARP1;PSMD4",-0.958720793873412,0.891490258864091
"PORCN;PSMD4",-0.895120287228322,0.873781267551765
"MDM2;PSMD4",-0.776263389355254,0.855392982465961
"EGFR;PSMD4",-0.878189668616859,0.86833145330871
"PSMD4;SMAD4",-0.906127626752539,0.876941814920505
"DNMT1;PSMD4",-0.677873364464739,0.833779680777528
"PSMD4;RAF1",-0.752592564039732,0.851450545270786
"CDK6;PSMD4",-0.821550311729342,0.85826452060764
"ATR;PSMD4",-0.7702158384399,0.854290408947958
"MCL1;PSMD4",-0.735177098558525,0.847480667578457
"BCL2;PSMD4",-0.760433007764691,0.853063081294386
"PRMT5;PSMD4",-0.643747715039547,0.83051842769989
"ATM;PSMD4",-0.91817919350626,0.880582815283327
"BCL2L1;PSMD4",-0.915784616655584,0.879834292106461
"KRAS;PSMD4",-0.751385894502219,0.851162302741496
"CDK4;PSMD4",-0.671540900640158,0.83173992559053
"CTNNB1;PSMD4",-0.960193738056164,0.891779664957189
"BRAF;PSMD4",-0.926128016761002,0.882992010196438
"MAP2K2;PSMD4",-0.954076092734464,0.88992719643538
"PIK3CA;PSMD4",-0.813212046875791,0.858150763100959
"IGF1R;PSMD4",-0.821715111958512,0.85826452060764
"PSMD4;TAZ",-0.910017305872922,0.878148768755188
"PSMD4;WRN",-0.831735797827798,0.858667905495995
"AKT2;PSMD4",-0.73324067447315,0.846924590321754
"PSMD4;SRC",-0.845142756084118,0.861446481967918
"DNMT3B;PSMD4",-0.763867075389799,0.853329897622711
"APC;PSMD4",-0.760059474482181,0.853063081294386
"ERBB2;PSMD4",-0.753959098979696,0.851921113220934
"PSMD4;YAP1",-0.861643525019263,0.864680931476723
"PSMD4;PTPN11",-0.957098101972017,0.89082779819734
"CHEK1;PSMD4",-1.0637210950635,0.918127019138725
"JAK1;PSMD4",-0.513312161863826,0.83051842769989
"AKT1;CDK3",-0.361147089903303,0.83051842769989
"BRD4;CDK3",-0.0408171623846725,0.83051842769989
"CDK3;MYC",-1.63395444344844,0.996820526247479
"CDK3;MAP2K1",-0.0159646750001662,0.83051842769989
"CDK3;MAPK1",-0.0854789535938781,0.83051842769989
"CDK3;WEE1",-0.884242224702661,0.870387220411506
"ARID1A;CDK3",-0.418508781791037,0.83051842769989
"CDK3;PRMT1",-1.38897769137644,0.996820526247479
"CDK3;PARP1",-1.09702606366197,0.92317363085918
"CDK3;PORCN",-0.336749933388249,0.83051842769989
"CDK3;MDM2",-0.457912125711422,0.83051842769989
"CDK3;EGFR",-0.502212499839184,0.83051842769989
"CDK3;SMAD4",-0.341407117413997,0.83051842769989
"CDK3;DNMT1",-0.553699460020897,0.83051842769989
"CDK3;RAF1",-0.242738852150737,0.83051842769989
"CDK3;CDK6",-0.711965144779024,0.842296013694594
"ATR;CDK3",-1.02906068886514,0.911432555016277
"CDK3;MCL1",-0.0659128371420137,0.83051842769989
"BCL2;CDK3",-0.666588311955462,0.83051842769989
"CDK3;PRMT5",-0.785454365969319,0.855597618930893
"ATM;CDK3",-0.244929630874979,0.83051842769989
"BCL2L1;CDK3",-0.279457386602377,0.83051842769989
"CDK3;KRAS",-0.426039199939897,0.83051842769989
"CDK3;CDK4",-0.0947228674221845,0.83051842769989
"CDK3;CTNNB1",-0.912625536682004,0.878936795281164
"BRAF;CDK3",-0.0757615954487958,0.83051842769989
"CDK3;MAP2K2",-0.150201681002924,0.83051842769989
"CDK3;PIK3CA",-0.523080002919916,0.83051842769989
"CDK3;IGF1R",-0.279541946377429,0.83051842769989
"CDK3;TAZ",-0.100983501641963,0.83051842769989
"CDK3;WRN",-0.315606515607439,0.83051842769989
"AKT2;CDK3",-0.47897231302859,0.83051842769989
"CDK3;SRC",-0.140704299863955,0.83051842769989
"CDK3;DNMT3B",-0.363966487287099,0.83051842769989
"APC;CDK3",-0.193428599254596,0.83051842769989
"CDK3;ERBB2",-0.121474755387412,0.83051842769989
"CDK3;YAP1",-0.260936488807222,0.83051842769989
"CDK3;PTPN11",-0.15316212448631,0.83051842769989
"CDK3;CHEK1",-1.77442254425024,0.996820526247479
"CDK3;JAK1",-0.594403980700732,0.83051842769989
"AKT1;FLCN",-0.278514784511722,0.83051842769989
"BRD4;FLCN",-0.170388907223551,0.83051842769989
"FLCN;MYC",-1.47865578117439,0.996820526247479
"FLCN;MAP2K1",-0.124448462702341,0.83051842769989
"FLCN;MAPK1",-0.196258918823647,0.83051842769989
"FLCN;WEE1",-0.80192346096952,0.857445669988327
"ARID1A;FLCN",-0.442768428685734,0.83051842769989
"FLCN;PRMT1",-1.35106170525281,0.996190953940186
"FLCN;PARP1",-1.00580647466734,0.905584035611023
"FLCN;PORCN",-0.323605136149281,0.83051842769989
"FLCN;MDM2",-0.576235804355655,0.83051842769989
"EGFR;FLCN",-0.388353391986207,0.83051842769989
"FLCN;SMAD4",-0.364870699458544,0.83051842769989
"DNMT1;FLCN",-0.47676187533405,0.83051842769989
"FLCN;RAF1",-0.0621921893321283,0.83051842769989
"CDK6;FLCN",-0.780367112413854,0.855392982465961
"ATR;FLCN",-1.06417213550698,0.9182116807466
"FLCN;MCL1",-0.0450317489443873,0.83051842769989
"BCL2;FLCN",-0.629797873085765,0.83051842769989
"FLCN;PRMT5",-0.800023576932132,0.857292527748453
"ATM;FLCN",-0.185807817290319,0.83051842769989
"BCL2L1;FLCN",-0.247848520339851,0.83051842769989
"FLCN;KRAS",-0.414605688526728,0.83051842769989
"CDK4;FLCN",-0.134691250545622,0.83051842769989
"CTNNB1;FLCN",-1.02069337658256,0.909425323589825
"BRAF;FLCN",0.0921947246775389,0.83051842769989
"FLCN;MAP2K2",-0.135522698623743,0.83051842769989
"FLCN;PIK3CA",-0.556723215560285,0.83051842769989
"FLCN;IGF1R",-0.340233776554182,0.83051842769989
"FLCN;TAZ",-0.125893226632837,0.83051842769989
"FLCN;WRN",-0.264611699946596,0.83051842769989
"AKT2;FLCN",-0.475341127123297,0.83051842769989
"FLCN;SRC",-0.0972443562289749,0.83051842769989
"DNMT3B;FLCN",-0.446855629787559,0.83051842769989
"APC;FLCN",-0.214890305560136,0.83051842769989
"ERBB2;FLCN",-0.0685418318568649,0.83051842769989
"FLCN;YAP1",-0.23182993399005,0.83051842769989
"FLCN;PTPN11",-0.186930606064214,0.83051842769989
"CHEK1;FLCN",-1.63177167896154,0.996820526247479
"FLCN;JAK1",-0.547385792577149,0.83051842769989
"AKT1;AKT3",-0.365035118050199,0.83051842769989
"AKT3;BRD4",-0.306797025774938,0.83051842769989
"AKT3;MYC",-1.61764400489254,0.996820526247479
"AKT3;MAP2K1",-0.330320915903156,0.83051842769989
"AKT3;MAPK1",-0.29531516279671,0.83051842769989
"AKT3;WEE1",-0.907098061202884,0.877314191789033
"AKT3;ARID1A",-0.464799481511685,0.83051842769989
"AKT3;PRMT1",-1.33339631745458,0.993674348483402
"AKT3;PARP1",-1.11039489315336,0.924121252169155
"AKT3;PORCN",-0.313655360509497,0.83051842769989
"AKT3;MDM2",-0.565516018442993,0.83051842769989
"AKT3;EGFR",-0.497938913502879,0.83051842769989
"AKT3;SMAD4",-0.28872966257088,0.83051842769989
"AKT3;DNMT1",-0.425194704036511,0.83051842769989
"AKT3;RAF1",-0.309355124962469,0.83051842769989
"AKT3;CDK6",-0.816189953324301,0.858150763100959
"AKT3;ATR",-1.11752260982997,0.924916103508183
"AKT3;MCL1",-0.29345057701725,0.83051842769989
"AKT3;BCL2",-0.590866397761518,0.83051842769989
"AKT3;PRMT5",-0.848661701548082,0.862551657983246
"AKT3;ATM",-0.375440379581566,0.83051842769989
"AKT3;BCL2L1",-0.268364644025726,0.83051842769989
"AKT3;KRAS",-0.444707791230785,0.83051842769989
"AKT3;CDK4",-0.31486988305209,0.83051842769989
"AKT3;CTNNB1",-0.992142359227591,0.902591929762792
"AKT3;BRAF",-0.328457014574416,0.83051842769989
"AKT3;MAP2K2",-0.282524816181244,0.83051842769989
"AKT3;PIK3CA",-0.555364874404656,0.83051842769989
"AKT3;IGF1R",-0.356633716578599,0.83051842769989
"AKT3;TAZ",-0.324947870775762,0.83051842769989
"AKT3;WRN",-0.323346205946515,0.83051842769989
"AKT2;AKT3",-0.500476872454709,0.83051842769989
"AKT3;SRC",-0.186051518238983,0.83051842769989
"AKT3;DNMT3B",-0.488154723395861,0.83051842769989
"AKT3;APC",-0.319018996453444,0.83051842769989
"AKT3;ERBB2",-0.250930077673357,0.83051842769989
"AKT3;YAP1",-0.265665407425555,0.83051842769989
"AKT3;PTPN11",-0.317228998909774,0.83051842769989
"AKT3;CHEK1",-1.55147408731415,0.996820526247479
"AKT3;JAK1",-0.602070675925964,0.83051842769989
"AKT1;CCND1",-0.871270173108834,0.865938989878464
"BRD4;CCND1",-0.830243102380255,0.858667905495995
"CCND1;MYC",-1.07588057647201,0.920476754109352
"CCND1;MAP2K1",-0.827226102673232,0.858367750999105
"CCND1;MAPK1",-0.814665796406793,0.858150763100959
"CCND1;WEE1",-0.68569149555315,0.835333570076776
"ARID1A;CCND1",-0.727915680443207,0.845738990547818
"CCND1;PRMT1",-0.953744279886577,0.88992719643538
"CCND1;PARP1",-1.11900920077524,0.924916103508183
"CCND1;PORCN",-0.820041405096307,0.85826452060764
"CCND1;MDM2",-0.627791137471158,0.83051842769989
"CCND1;EGFR",-0.844609708866061,0.861384496351732
"CCND1;SMAD4",-0.732964154753986,0.846894296689334
"CCND1;DNMT1",-0.81628675957438,0.858150763100959
"CCND1;RAF1",-0.751259081459512,0.851147158300069
"CCND1;CDK6",-0.839386322957399,0.860418450565195
"ATR;CCND1",-1.10573556517573,0.923850009252945
"CCND1;MCL1",-0.80650180974828,0.858087473581107
"BCL2;CCND1",-0.764557726672652,0.853329897622711
"CCND1;PRMT5",-0.580492281130619,0.83051842769989
"ATM;CCND1",-0.825009718952227,0.858367750999105
"BCL2L1;CCND1",-0.75911989758754,0.853063081294386
"CCND1;KRAS",-0.756969554043857,0.85252229265319
"CCND1;CDK4",-0.792499006656519,0.856844608927936
"CCND1;CTNNB1",-0.981010716588536,0.898499795268057
"BRAF;CCND1",-0.629234281838802,0.83051842769989
"CCND1;MAP2K2",-0.808474901539143,0.858145437136202
"CCND1;PIK3CA",-0.800118683810797,0.857292527748453
"CCND1;IGF1R",-0.864168288722126,0.864875045592771
"CCND1;TAZ",-0.82689366321001,0.858367750999105
"CCND1;WRN",-0.867565571018062,0.865424809493643
"AKT2;CCND1",-0.719596060603969,0.84410788938019
"CCND1;SRC",-0.681672397841668,0.834469795657793
"CCND1;DNMT3B",-0.811894951825831,0.858150763100959
"APC;CCND1",-0.868462522643216,0.865507228575333
"CCND1;ERBB2",-0.873663265981467,0.866712263603399
"CCND1;YAP1",-0.827847502436872,0.858418244837957
"CCND1;PTPN11",-0.700101119930718,0.839519819044122
"CCND1;CHEK1",-1.50032482740652,0.996820526247479
"CCND1;JAK1",-0.766029250482594,0.853545663641316
"AKT1;NF1",-0.375463428514023,0.83051842769989
"BRD4;NF1",-0.35073175164405,0.83051842769989
"MYC;NF1",-1.21231252043091,0.962027478310257
"MAP2K1;NF1",-0.282344914925606,0.83051842769989
"MAPK1;NF1",-0.270689474851015,0.83051842769989
"NF1;WEE1",-0.809255225170647,0.858150763100959
"ARID1A;NF1",-0.479865259529199,0.83051842769989
"NF1;PRMT1",-1.35321368662997,0.99627433411809
"NF1;PARP1",-1.04983700982977,0.914508096438299
"NF1;PORCN",-0.357565282229963,0.83051842769989
"MDM2;NF1",-0.518523160566527,0.83051842769989
"EGFR;NF1",-0.518329674883264,0.83051842769989
"NF1;SMAD4",-0.297496763940457,0.83051842769989
"DNMT1;NF1",-0.454141136846291,0.83051842769989
"NF1;RAF1",-0.354960156001562,0.83051842769989
"CDK6;NF1",-0.674467698560383,0.832674222898194
"ATR;NF1",-1.11163148040526,0.924121252169155
"MCL1;NF1",-0.354953537943979,0.83051842769989
"BCL2;NF1",-0.613698108275822,0.83051842769989
"NF1;PRMT5",-0.742877006595272,0.849255184259635
"ATM;NF1",-0.345151521498636,0.83051842769989
"BCL2L1;NF1",-0.354524737706138,0.83051842769989
"KRAS;NF1",-0.363583931363447,0.83051842769989
"CDK4;NF1",-0.362808798783346,0.83051842769989
"CTNNB1;NF1",-0.946221712380582,0.888231399331582
"BRAF;NF1",-0.292309877944006,0.83051842769989
"MAP2K2;NF1",-0.356429204001588,0.83051842769989
"NF1;PIK3CA",-0.435420011833045,0.83051842769989
"IGF1R;NF1",-0.350711326290536,0.83051842769989
"NF1;TAZ",-0.362616469114914,0.83051842769989
"NF1;WRN",-0.326213347690155,0.83051842769989
"AKT2;NF1",-0.526106715053647,0.83051842769989
"NF1;SRC",-0.352667820272342,0.83051842769989
"DNMT3B;NF1",-0.490997571194055,0.83051842769989
"APC;NF1",-0.322486787509497,0.83051842769989
"ERBB2;NF1",-0.355997802389954,0.83051842769989
"NF1;YAP1",-0.328117666709092,0.83051842769989
"NF1;PTPN11",-0.358008539519341,0.83051842769989
"CHEK1;NF1",-1.62502239216543,0.996820526247479
"JAK1;NF1",-0.574838587279894,0.83051842769989
"AKT1;PRKCG",-0.330297363387936,0.83051842769989
"BRD4;PRKCG",-0.257283456898967,0.83051842769989
"MYC;PRKCG",-1.613160078882,0.996820526247479
"MAP2K1;PRKCG",-0.235436096372572,0.83051842769989
"MAPK1;PRKCG",-0.236988138651676,0.83051842769989
"PRKCG;WEE1",-0.936567525188529,0.88577539106553
"ARID1A;PRKCG",-0.383608646463763,0.83051842769989
"PRKCG;PRMT1",-1.3294982576305,0.992860450564324
"PARP1;PRKCG",-1.10455417308472,0.92376303061524
"PORCN;PRKCG",-0.265136301542983,0.83051842769989
"MDM2;PRKCG",-0.58937114616886,0.83051842769989
"EGFR;PRKCG",-0.485888550506465,0.83051842769989
"PRKCG;SMAD4",-0.24035823132475,0.83051842769989
"DNMT1;PRKCG",-0.62639920642326,0.83051842769989
"PRKCG;RAF1",-0.261792546211673,0.83051842769989
"CDK6;PRKCG",-0.725175595324384,0.845296355906229
"ATR;PRKCG",-1.04138294396241,0.913419946253691
"MCL1;PRKCG",-0.217183489351245,0.83051842769989
"BCL2;PRKCG",-0.603671298217187,0.83051842769989
"PRKCG;PRMT5",-0.788531376774947,0.856024639264969
"ATM;PRKCG",-0.345088352826509,0.83051842769989
"BCL2L1;PRKCG",-0.332874965946301,0.83051842769989
"KRAS;PRKCG",-0.45585124522571,0.83051842769989
"CDK4;PRKCG",-0.0971464793718888,0.83051842769989
"CTNNB1;PRKCG",-0.87467903096629,0.867076776239677
"BRAF;PRKCG",-0.196834145351204,0.83051842769989
"MAP2K2;PRKCG",-0.227331071119379,0.83051842769989
"PIK3CA;PRKCG",-0.539204960981401,0.83051842769989
"IGF1R;PRKCG",-0.317420988034124,0.83051842769989
"PRKCG;TAZ",-0.153623135156549,0.83051842769989
"PRKCG;WRN",-0.261802945077349,0.83051842769989
"AKT2;PRKCG",-0.520774987354228,0.83051842769989
"PRKCG;SRC",-0.206067653002791,0.83051842769989
"DNMT3B;PRKCG",-0.504614483924324,0.83051842769989
"APC;PRKCG",-0.204506880762647,0.83051842769989
"ERBB2;PRKCG",-0.184031623265062,0.83051842769989
"PRKCG;YAP1",-0.285259933710502,0.83051842769989
"PRKCG;PTPN11",-0.213435148191298,0.83051842769989
"CHEK1;PRKCG",-1.63758107676475,0.996820526247479
"JAK1;PRKCG",-0.60130717636647,0.83051842769989
"AKT1;ASPM",-0.350497101072942,0.83051842769989
"ASPM;BRD4",-0.211800658855947,0.83051842769989
"ASPM;MYC",-1.428620731893,0.996820526247479
"ASPM;MAP2K1",-0.230280463126131,0.83051842769989
"ASPM;MAPK1",-0.23532639174896,0.83051842769989
"ASPM;WEE1",-0.795741791502934,0.857223296658322
"ARID1A;ASPM",-0.382393062752325,0.83051842769989
"ASPM;PRMT1",-1.27277224726071,0.981044074257579
"ASPM;PARP1",-1.04232874574638,0.913419946253691
"ASPM;PORCN",-0.348296476937718,0.83051842769989
"ASPM;MDM2",-0.475916236261317,0.83051842769989
"ASPM;EGFR",-0.470666343712785,0.83051842769989
"ASPM;SMAD4",-0.353478504273434,0.83051842769989
"ASPM;DNMT1",-0.562628454530268,0.83051842769989
"ASPM;RAF1",-0.244247261887872,0.83051842769989
"ASPM;CDK6",-0.825891981763232,0.858367750999105
"ASPM;ATR",-1.03063007676773,0.911807842275857
"ASPM;MCL1",-0.202074602129228,0.83051842769989
"ASPM;BCL2",-0.62385267225184,0.83051842769989
"ASPM;PRMT5",-0.82298900365559,0.85826452060764
"ASPM;ATM",-0.306397047234097,0.83051842769989
"ASPM;BCL2L1",-0.122881776193626,0.83051842769989
"ASPM;KRAS",-0.452769536888206,0.83051842769989
"ASPM;CDK4",-0.122833896518649,0.83051842769989
"ASPM;CTNNB1",-1.04481085402596,0.913701590084969
"ASPM;BRAF",-0.229528794445415,0.83051842769989
"ASPM;MAP2K2",-0.140286146138985,0.83051842769989
"ASPM;PIK3CA",-0.512020213031148,0.83051842769989
"ASPM;IGF1R",-0.356463051047814,0.83051842769989
"ASPM;TAZ",-0.222240891878168,0.83051842769989
"ASPM;WRN",-0.316960108825644,0.83051842769989
"AKT2;ASPM",-0.466288643961661,0.83051842769989
"ASPM;SRC",-0.210150478568607,0.83051842769989
"ASPM;DNMT3B",-0.531371225572445,0.83051842769989
"APC;ASPM",-0.121826770310904,0.83051842769989
"ASPM;ERBB2",-0.176053558869189,0.83051842769989
"ASPM;YAP1",-0.173485773107846,0.83051842769989
"ASPM;PTPN11",-0.0941889008145018,0.83051842769989
"ASPM;CHEK1",-1.71807859745555,0.996820526247479
"ASPM;JAK1",-0.491074735914799,0.83051842769989
"AKT1;CDK12",-0.572392996810229,0.83051842769989
"BRD4;CDK12",-0.553512708176239,0.83051842769989
"CDK12;MYC",-1.3465202350049,0.99547136924323
"CDK12;MAP2K1",-0.530457244894097,0.83051842769989
"CDK12;MAPK1",-0.542744484428524,0.83051842769989
"CDK12;WEE1",-0.936084219471936,0.88577539106553
"ARID1A;CDK12",-0.511095892923462,0.83051842769989
"CDK12;PRMT1",-1.14718257594218,0.934861542274174
"CDK12;PARP1",-1.0176594156659,0.909131303804002
"CDK12;PORCN",-0.559802339298403,0.83051842769989
"CDK12;MDM2",-0.45326183355073,0.83051842769989
"CDK12;EGFR",-0.51035314489484,0.83051842769989
"CDK12;SMAD4",-0.353695509158379,0.83051842769989
"CDK12;DNMT1",-0.621304550882557,0.83051842769989
"CDK12;RAF1",-0.513439453117298,0.83051842769989
"CDK12;CDK6",-0.818662587905184,0.85826452060764
"ATR;CDK12",-1.05892678456651,0.916998709795376
"CDK12;MCL1",-0.406560797796111,0.83051842769989
"BCL2;CDK12",-0.64756205428803,0.83051842769989
"CDK12;PRMT5",-0.788971747391713,0.856024639264969
"ATM;CDK12",-0.467159921080372,0.83051842769989
"BCL2L1;CDK12",-0.563229608892974,0.83051842769989
"CDK12;KRAS",-0.532485548499446,0.83051842769989
"CDK12;CDK4",-0.575106560229189,0.83051842769989
"CDK12;CTNNB1",-0.976308431118962,0.897406195314785
"BRAF;CDK12",-0.534871732859395,0.83051842769989
"CDK12;MAP2K2",-0.412284482108513,0.83051842769989
"CDK12;PIK3CA",-0.555020554437105,0.83051842769989
"CDK12;IGF1R",-0.395206466261146,0.83051842769989
"CDK12;TAZ",-0.453497302632094,0.83051842769989
"CDK12;WRN",-0.58245569699038,0.83051842769989
"AKT2;CDK12",-0.433834046223738,0.83051842769989
"CDK12;SRC",-0.512059900016395,0.83051842769989
"CDK12;DNMT3B",-0.525026837721236,0.83051842769989
"APC;CDK12",-0.570027815360065,0.83051842769989
"CDK12;ERBB2",-0.570539490855297,0.83051842769989
"CDK12;YAP1",-0.558178523222043,0.83051842769989
"CDK12;PTPN11",-0.54386958960881,0.83051842769989
"CDK12;CHEK1",-1.51862905530538,0.996820526247479
"CDK12;JAK1",-0.546658179478468,0.83051842769989
"AKT1;CDKL2",-0.276938087444347,0.83051842769989
"BRD4;CDKL2",-0.199839275540513,0.83051842769989
"CDKL2;MYC",-1.49440644893818,0.996820526247479
"CDKL2;MAP2K1",-0.263457712906334,0.83051842769989
"CDKL2;MAPK1",-0.237883818446863,0.83051842769989
"CDKL2;WEE1",-0.94295363905992,0.887560092113351
"ARID1A;CDKL2",-0.444172535850519,0.83051842769989
"CDKL2;PRMT1",-1.34221080598077,0.994803001460787
"CDKL2;PARP1",-1.05887312099275,0.916998709795376
"CDKL2;PORCN",-0.340761384536754,0.83051842769989
"CDKL2;MDM2",-0.583689733124292,0.83051842769989
"CDKL2;EGFR",-0.452542109103044,0.83051842769989
"CDKL2;SMAD4",-0.333090602370909,0.83051842769989
"CDKL2;DNMT1",-0.600547422767928,0.83051842769989
"CDKL2;RAF1",-0.273994895082056,0.83051842769989
"CDK6;CDKL2",-0.760365139848078,0.853063081294386
"ATR;CDKL2",-1.01278894975099,0.907707377217588
"CDKL2;MCL1",-0.190939958711034,0.83051842769989
"BCL2;CDKL2",-0.623388600520597,0.83051842769989
"CDKL2;PRMT5",-0.776472734380094,0.855392982465961
"ATM;CDKL2",-0.398458451319646,0.83051842769989
"BCL2L1;CDKL2",-0.305533912984931,0.83051842769989
"CDKL2;KRAS",-0.436582606565735,0.83051842769989
"CDK4;CDKL2",-0.269720086010716,0.83051842769989
"CDKL2;CTNNB1",-1.02177893632653,0.909544528705761
"BRAF;CDKL2",-0.235180291617126,0.83051842769989
"CDKL2;MAP2K2",-0.255663476513695,0.83051842769989
"CDKL2;PIK3CA",-0.222233130200132,0.83051842769989
"CDKL2;IGF1R",-0.191058144462784,0.83051842769989
"CDKL2;TAZ",-0.263448291018764,0.83051842769989
"CDKL2;WRN",-0.344394899097273,0.83051842769989
"AKT2;CDKL2",-0.540093009038617,0.83051842769989
"CDKL2;SRC",-0.26330680627771,0.83051842769989
"CDKL2;DNMT3B",-0.46300746807609,0.83051842769989
"APC;CDKL2",-0.151078152181113,0.83051842769989
"CDKL2;ERBB2",-0.276394074070076,0.83051842769989
"CDKL2;YAP1",-0.247324537999549,0.83051842769989
"CDKL2;PTPN11",-0.264769837917665,0.83051842769989
"CDKL2;CHEK1",-1.6069498890746,0.996820526247479
"CDKL2;JAK1",-0.60065116595054,0.83051842769989
"AKT1;IKBKG",-0.304351316553761,0.83051842769989
"BRD4;IKBKG",-0.221713825425233,0.83051842769989
"IKBKG;MYC",-1.60772354366383,0.996820526247479
"IKBKG;MAP2K1",-0.103918029161193,0.83051842769989
"IKBKG;MAPK1",-0.235967013622645,0.83051842769989
"IKBKG;WEE1",-0.551015626211883,0.83051842769989
"ARID1A;IKBKG",-0.469207689718714,0.83051842769989
"IKBKG;PRMT1",-1.35686384559167,0.996595748119488
"IKBKG;PARP1",-1.10150368797916,0.923452397685076
"IKBKG;PORCN",-0.313775995577773,0.83051842769989
"IKBKG;MDM2",-0.544790717192124,0.83051842769989
"EGFR;IKBKG",-0.49242396929281,0.83051842769989
"IKBKG;SMAD4",-0.313506680633836,0.83051842769989
"DNMT1;IKBKG",-0.590974358419995,0.83051842769989
"IKBKG;RAF1",-0.27093715782779,0.83051842769989
"CDK6;IKBKG",-0.791522840472871,0.856844608927936
"ATR;IKBKG",-0.911618231464927,0.878664671044186
"IKBKG;MCL1",-0.150900967776664,0.83051842769989
"BCL2;IKBKG",-0.615188870613646,0.83051842769989
"IKBKG;PRMT5",-0.853898451839714,0.863447416354116
"ATM;IKBKG",-0.378096560052665,0.83051842769989
"BCL2L1;IKBKG",-0.325452132795774,0.83051842769989
"IKBKG;KRAS",-0.410262919383497,0.83051842769989
"CDK4;IKBKG",-0.138945323556922,0.83051842769989
"CTNNB1;IKBKG",-0.971811035132327,0.896103202785768
"BRAF;IKBKG",-0.0278603225838946,0.83051842769989
"IKBKG;MAP2K2",-0.1521054187188,0.83051842769989
"IKBKG;PIK3CA",-0.508427739893491,0.83051842769989
"IGF1R;IKBKG",-0.337457275926541,0.83051842769989
"IKBKG;TAZ",-0.169207253958768,0.83051842769989
"IKBKG;WRN",-0.324259031723422,0.83051842769989
"AKT2;IKBKG",-0.512963848084912,0.83051842769989
"IKBKG;SRC",-0.0700333287764513,0.83051842769989
"DNMT3B;IKBKG",-0.486376542294012,0.83051842769989
"APC;IKBKG",-0.203615359138015,0.83051842769989
"ERBB2;IKBKG",-0.154178539415099,0.83051842769989
"IKBKG;YAP1",-0.305271431661775,0.83051842769989
"IKBKG;PTPN11",-0.0814368836704885,0.83051842769989
"CHEK1;IKBKG",-1.6952606104643,0.996820526247479
"IKBKG;JAK1",-0.583363398007979,0.83051842769989
"AKT1;CKS2",-0.353382591728275,0.83051842769989
"BRD4;CKS2",-0.184664904015695,0.83051842769989
"CKS2;MYC",-1.58760386016902,0.996820526247479
"CKS2;MAP2K1",-0.116084408306062,0.83051842769989
"CKS2;MAPK1",-0.16098740421312,0.83051842769989
"CKS2;WEE1",-0.73854186614942,0.848264934835957
"ARID1A;CKS2",-0.394701734219688,0.83051842769989
"CKS2;PRMT1",-1.26193241739627,0.977777730988303
"CKS2;PARP1",-1.09734642388418,0.92317363085918
"CKS2;PORCN",-0.242662913051711,0.83051842769989
"CKS2;MDM2",-0.56909189117021,0.83051842769989
"CKS2;EGFR",-0.497938807222776,0.83051842769989
"CKS2;SMAD4",-0.298283069552761,0.83051842769989
"CKS2;DNMT1",-0.617481889748392,0.83051842769989
"CKS2;RAF1",-0.236341970257993,0.83051842769989
"CDK6;CKS2",-0.705023082005093,0.840997214405429
"ATR;CKS2",-1.03609985561105,0.913394991889077
"CKS2;MCL1",-0.10329953470731,0.83051842769989
"BCL2;CKS2",-0.621619723738094,0.83051842769989
"CKS2;PRMT5",-0.733636541730054,0.847004727545268
"ATM;CKS2",-0.399281711943274,0.83051842769989
"BCL2L1;CKS2",-0.281811998068285,0.83051842769989
"CKS2;KRAS",-0.45558170263885,0.83051842769989
"CDK4;CKS2",-0.107899453432899,0.83051842769989
"CKS2;CTNNB1",-1.00299467474491,0.905025436424405
"BRAF;CKS2",-0.0942420200185845,0.83051842769989
"CKS2;MAP2K2",0.00567200127203135,0.83051842769989
"CKS2;PIK3CA",-0.543721411219451,0.83051842769989
"CKS2;IGF1R",-0.261633764507563,0.83051842769989
"CKS2;TAZ",-0.0876581425723518,0.83051842769989
"CKS2;WRN",-0.304996192678959,0.83051842769989
"AKT2;CKS2",-0.543996467236927,0.83051842769989
"CKS2;SRC",-0.168839054828769,0.83051842769989
"CKS2;DNMT3B",-0.499026537386052,0.83051842769989
"APC;CKS2",-0.211950522864202,0.83051842769989
"CKS2;ERBB2",-0.0555529675982994,0.83051842769989
"CKS2;YAP1",-0.218054641047329,0.83051842769989
"CKS2;PTPN11",-0.167931512211711,0.83051842769989
"CHEK1;CKS2",-1.77441525615686,0.996820526247479
"CKS2;JAK1",-0.58460868304147,0.83051842769989
"AKT1;SMAD9",-0.314542051377036,0.83051842769989
"BRD4;SMAD9",-0.273902615358676,0.83051842769989
"MYC;SMAD9",-1.45674370106297,0.996820526247479
"MAP2K1;SMAD9",-0.284862241670862,0.83051842769989
"MAPK1;SMAD9",-0.276120690082861,0.83051842769989
"SMAD9;WEE1",-0.72152329540639,0.844449268748353
"ARID1A;SMAD9",-0.389008567532518,0.83051842769989
"PRMT1;SMAD9",-1.34292680895969,0.994858700567091
"PARP1;SMAD9",-1.06523326899325,0.918282616296707
"PORCN;SMAD9",-0.247183879173303,0.83051842769989
"MDM2;SMAD9",-0.570732373346692,0.83051842769989
"EGFR;SMAD9",-0.502343577710782,0.83051842769989
"SMAD4;SMAD9",-0.285393559075894,0.83051842769989
"DNMT1;SMAD9",-0.528826027893007,0.83051842769989
"RAF1;SMAD9",-0.327471418039142,0.83051842769989
"CDK6;SMAD9",-0.794312914880161,0.857001671287594
"ATR;SMAD9",-1.01990424192041,0.909402347133541
"MCL1;SMAD9",0.20271348878936,0.83051842769989
"BCL2;SMAD9",-0.592647602222455,0.83051842769989
"PRMT5;SMAD9",-0.852796474753005,0.863220419071441
"ATM;SMAD9",-0.388153923325413,0.83051842769989
"BCL2L1;SMAD9",-0.286211630149909,0.83051842769989
"KRAS;SMAD9",-0.451701443307095,0.83051842769989
"CDK4;SMAD9",-0.329944225063945,0.83051842769989
"CTNNB1;SMAD9",-1.03849689322602,0.913419946253691
"BRAF;SMAD9",-0.274460822609848,0.83051842769989
"MAP2K2;SMAD9",-0.310794121592605,0.83051842769989
"PIK3CA;SMAD9",-0.478588415357837,0.83051842769989
"IGF1R;SMAD9",-0.22185468702638,0.83051842769989
"SMAD9;TAZ",-0.300849863175466,0.83051842769989
"SMAD9;WRN",-0.323403518998206,0.83051842769989
"AKT2;SMAD9",-0.533059083107808,0.83051842769989
"SMAD9;SRC",-0.278464159070951,0.83051842769989
"DNMT3B;SMAD9",-0.501883085708263,0.83051842769989
"APC;SMAD9",-0.32285505350522,0.83051842769989
"ERBB2;SMAD9",-0.31112656416952,0.83051842769989
"SMAD9;YAP1",-0.314402695605095,0.83051842769989
"PTPN11;SMAD9",-0.324199095265001,0.83051842769989
"CHEK1;SMAD9",-1.56206989706985,0.996820526247479
"JAK1;SMAD9",-0.613132107645518,0.83051842769989
"AKT1;PIM1",-0.374318508969577,0.83051842769989
"BRD4;PIM1",-0.141082516884986,0.83051842769989
"MYC;PIM1",-1.55719635513571,0.996820526247479
"MAP2K1;PIM1",-0.134839120177067,0.83051842769989
"MAPK1;PIM1",-0.228577479742822,0.83051842769989
"PIM1;WEE1",-0.752958420148256,0.851487838160446
"ARID1A;PIM1",-0.437153050131417,0.83051842769989
"PIM1;PRMT1",-1.23946616734727,0.971206944528141
"PARP1;PIM1",-1.11245650519476,0.924309844420724
"PIM1;PORCN",-0.243935245278262,0.83051842769989
"MDM2;PIM1",-0.562846365423621,0.83051842769989
"EGFR;PIM1",-0.476152576616911,0.83051842769989
"PIM1;SMAD4",-0.245408458979968,0.83051842769989
"DNMT1;PIM1",-0.538262325123641,0.83051842769989
"PIM1;RAF1",-0.235434227685027,0.83051842769989
"CDK6;PIM1",-0.778713777116862,0.855392982465961
"ATR;PIM1",-1.05902101974861,0.916998709795376
"MCL1;PIM1",-0.0696304577869107,0.83051842769989
"BCL2;PIM1",-0.620983769320376,0.83051842769989
"PIM1;PRMT5",-0.75644961904857,0.852453577462463
"ATM;PIM1",-0.379468512604986,0.83051842769989
"BCL2L1;PIM1",-0.346171772815684,0.83051842769989
"KRAS;PIM1",-0.400578405594322,0.83051842769989
"CDK4;PIM1",-0.0851949451631509,0.83051842769989
"CTNNB1;PIM1",-1.01257718190698,0.907638178737871
"BRAF;PIM1",0.0177548475875752,0.83051842769989
"MAP2K2;PIM1",-0.136000622503919,0.83051842769989
"PIK3CA;PIM1",-0.557484750501309,0.83051842769989
"IGF1R;PIM1",-0.290102999088296,0.83051842769989
"PIM1;TAZ",-0.181315926564991,0.83051842769989
"PIM1;WRN",-0.322106464994383,0.83051842769989
"AKT2;PIM1",-0.573562037588481,0.83051842769989
"PIM1;SRC",-0.103983689308999,0.83051842769989
"DNMT3B;PIM1",-0.501858217066683,0.83051842769989
"APC;PIM1",-0.233465429798751,0.83051842769989
"ERBB2;PIM1",-0.0520748320725666,0.83051842769989
"PIM1;YAP1",-0.242617649632884,0.83051842769989
"PIM1;PTPN11",-0.105724338907744,0.83051842769989
"CHEK1;PIM1",-1.7738029091384,0.996820526247479
"JAK1;PIM1",-0.541786850867036,0.83051842769989
"AKT1;GRK4",-0.334922647315608,0.83051842769989
"BRD4;GRK4",-0.224210110730814,0.83051842769989
"GRK4;MYC",-1.60183211060042,0.996820526247479
"GRK4;MAP2K1",-0.24291265901478,0.83051842769989
"GRK4;MAPK1",-0.230197565690767,0.83051842769989
"GRK4;WEE1",-0.899507928596849,0.875067678614416
"ARID1A;GRK4",-0.481472872897396,0.83051842769989
"GRK4;PRMT1",-1.214197619289,0.962618900540505
"GRK4;PARP1",-1.06232824220491,0.917780288985292
"GRK4;PORCN",-0.312035656537968,0.83051842769989
"GRK4;MDM2",-0.569434489773904,0.83051842769989
"EGFR;GRK4",-0.47221063748749,0.83051842769989
"GRK4;SMAD4",-0.354822427596318,0.83051842769989
"DNMT1;GRK4",-0.607016554706436,0.83051842769989
"GRK4;RAF1",-0.216197932078579,0.83051842769989
"CDK6;GRK4",-0.821875392623368,0.85826452060764
"ATR;GRK4",-0.969139144760931,0.895435159154328
"GRK4;MCL1",-0.23905481873798,0.83051842769989
"BCL2;GRK4",-0.604151469610271,0.83051842769989
"GRK4;PRMT5",-0.759526388356334,0.853063081294386
"ATM;GRK4",-0.387070852994608,0.83051842769989
"BCL2L1;GRK4",-0.322088047622304,0.83051842769989
"GRK4;KRAS",-0.406330162588287,0.83051842769989
"CDK4;GRK4",-0.185722160419447,0.83051842769989
"CTNNB1;GRK4",-0.985687021286023,0.900174825847149
"BRAF;GRK4",-0.153637726874199,0.83051842769989
"GRK4;MAP2K2",-0.205955743350992,0.83051842769989
"GRK4;PIK3CA",-0.406997285892373,0.83051842769989
"GRK4;IGF1R",-0.228423997068937,0.83051842769989
"GRK4;TAZ",-0.218033920405329,0.83051842769989
"GRK4;WRN",-0.253292028481474,0.83051842769989
"AKT2;GRK4",-0.5511648643468,0.83051842769989
"GRK4;SRC",-0.250831555083066,0.83051842769989
"DNMT3B;GRK4",-0.467914992650902,0.83051842769989
"APC;GRK4",-0.252920565019297,0.83051842769989
"ERBB2;GRK4",-0.238497915174454,0.83051842769989
"GRK4;YAP1",-0.235519503656258,0.83051842769989
"GRK4;PTPN11",-0.23325469545138,0.83051842769989
"CHEK1;GRK4",-1.7080778046299,0.996820526247479
"GRK4;JAK1",-0.55477981909852,0.83051842769989
"AKT1;HTRA2",-0.356342198216381,0.83051842769989
"BRD4;HTRA2",-0.238067313045775,0.83051842769989
"HTRA2;MYC",-1.60534375159258,0.996820526247479
"HTRA2;MAP2K1",-0.144225836287037,0.83051842769989
"HTRA2;MAPK1",-0.235771781544031,0.83051842769989
"HTRA2;WEE1",-0.909854376703181,0.878106436880023
"ARID1A;HTRA2",-0.409560654598112,0.83051842769989
"HTRA2;PRMT1",-1.31955589493354,0.990947749706839
"HTRA2;PARP1",-1.054915727162,0.916031691593794
"HTRA2;PORCN",-0.325151693823879,0.83051842769989
"HTRA2;MDM2",-0.537257933032673,0.83051842769989
"EGFR;HTRA2",-0.462985021276391,0.83051842769989
"HTRA2;SMAD4",-0.358616389930659,0.83051842769989
"DNMT1;HTRA2",-0.564864356392403,0.83051842769989
"HTRA2;RAF1",-0.301321027807196,0.83051842769989
"CDK6;HTRA2",-0.733479103595773,0.847002138136667
"ATR;HTRA2",-0.91293564897112,0.878936795281164
"HTRA2;MCL1",-0.19777111894586,0.83051842769989
"BCL2;HTRA2",-0.620740061647909,0.83051842769989
"HTRA2;PRMT5",-0.849954315808776,0.862818643261156
"ATM;HTRA2",-0.395037398734585,0.83051842769989
"BCL2L1;HTRA2",-0.324532642830092,0.83051842769989
"HTRA2;KRAS",-0.45114765593406,0.83051842769989
"CDK4;HTRA2",-0.0858664461459653,0.83051842769989
"CTNNB1;HTRA2",-1.03941664161841,0.913419946253691
"BRAF;HTRA2",-0.144703825301561,0.83051842769989
"HTRA2;MAP2K2",-0.0396981862003022,0.83051842769989
"HTRA2;PIK3CA",-0.547338575334756,0.83051842769989
"HTRA2;IGF1R",-0.339739310209496,0.83051842769989
"HTRA2;TAZ",-0.151256149259441,0.83051842769989
"HTRA2;WRN",-0.270184855693009,0.83051842769989
"AKT2;HTRA2",-0.554103130206848,0.83051842769989
"HTRA2;SRC",-0.186454132588257,0.83051842769989
"DNMT3B;HTRA2",-0.547119195806193,0.83051842769989
"APC;HTRA2",-0.241355380113007,0.83051842769989
"ERBB2;HTRA2",-0.168448720440467,0.83051842769989
"HTRA2;YAP1",-0.290330632490223,0.83051842769989
"HTRA2;PTPN11",-0.13392386244967,0.83051842769989
"CHEK1;HTRA2",-1.78176287993461,0.996820526247479
"HTRA2;JAK1",-0.523383112728708,0.83051842769989
"AKT1;UVRAG",-0.336160454263899,0.83051842769989
"BRD4;UVRAG",-0.306862805443013,0.83051842769989
"MYC;UVRAG",-1.44152567594791,0.996820526247479
"MAP2K1;UVRAG",-0.335579031805926,0.83051842769989
"MAPK1;UVRAG",-0.357628642685434,0.83051842769989
"UVRAG;WEE1",-0.806911989613702,0.858087473581107
"ARID1A;UVRAG",-0.397720046673428,0.83051842769989
"PRMT1;UVRAG",-1.38302580850776,0.996820526247479
"PARP1;UVRAG",-1.08741815573216,0.922001026393481
"PORCN;UVRAG",-0.327763643944298,0.83051842769989
"MDM2;UVRAG",-0.579513707450898,0.83051842769989
"EGFR;UVRAG",-0.457045377068348,0.83051842769989
"SMAD4;UVRAG",-0.316005112534133,0.83051842769989
"DNMT1;UVRAG",-0.536073589224224,0.83051842769989
"RAF1;UVRAG",-0.329857677635098,0.83051842769989
"CDK6;UVRAG",-0.618187355359117,0.83051842769989
"ATR;UVRAG",-1.10513245044346,0.923850009252945
"MCL1;UVRAG",-0.352028848410755,0.83051842769989
"BCL2;UVRAG",-0.6464640583094,0.83051842769989
"PRMT5;UVRAG",-0.76614804385681,0.853545663641316
"ATM;UVRAG",-0.342517141846979,0.83051842769989
"BCL2L1;UVRAG",-0.330810703501659,0.83051842769989
"KRAS;UVRAG",-0.40667477775688,0.83051842769989
"CDK4;UVRAG",-0.296130377240813,0.83051842769989
"CTNNB1;UVRAG",-0.98008037160734,0.898358785445461
"BRAF;UVRAG",-0.324655196889749,0.83051842769989
"MAP2K2;UVRAG",-0.257776041930061,0.83051842769989
"PIK3CA;UVRAG",-0.406968917831645,0.83051842769989
"IGF1R;UVRAG",-0.31950271552201,0.83051842769989
"TAZ;UVRAG",-0.287285059679283,0.83051842769989
"UVRAG;WRN",-0.29131916555207,0.83051842769989
"AKT2;UVRAG",-0.559656832874388,0.83051842769989
"SRC;UVRAG",-0.334220787944286,0.83051842769989
"DNMT3B;UVRAG",-0.446094449474469,0.83051842769989
"APC;UVRAG",-0.310752455437193,0.83051842769989
"ERBB2;UVRAG",-0.254592424171571,0.83051842769989
"UVRAG;YAP1",-0.203747320550799,0.83051842769989
"PTPN11;UVRAG",-0.313780577554031,0.83051842769989
"CHEK1;UVRAG",-1.6254124190931,0.996820526247479
"JAK1;UVRAG",-0.573177729451689,0.83051842769989
"AKT1;BAP1",-0.606424504691501,0.83051842769989
"BAP1;BRD4",-0.628592574848994,0.83051842769989
"BAP1;MYC",-1.43028341573508,0.996820526247479
"BAP1;MAP2K1",-0.656383257861755,0.83051842769989
"BAP1;MAPK1",-0.57574129738204,0.83051842769989
"BAP1;WEE1",-0.0436508250874162,0.83051842769989
"ARID1A;BAP1",-0.662253595706353,0.83051842769989
"BAP1;PRMT1",-1.20037957870806,0.957706861190335
"BAP1;PARP1",-1.06676410862716,0.918750401025326
"BAP1;PORCN",-0.677466873464107,0.833701166896416
"BAP1;MDM2",-0.620377172402329,0.83051842769989
"BAP1;EGFR",-0.680245728099141,0.834226888167053
"BAP1;SMAD4",-0.588442734047986,0.83051842769989
"BAP1;DNMT1",-0.639951616858664,0.83051842769989
"BAP1;RAF1",-0.694888817223697,0.837847137993441
"BAP1;CDK6",-0.700747668111716,0.839765215206092
"ATR;BAP1",-1.08672864970614,0.922001026393481
"BAP1;MCL1",-0.558835215314775,0.83051842769989
"BAP1;BCL2",-0.62506979063546,0.83051842769989
"BAP1;PRMT5",-0.685729858440977,0.835333570076776
"ATM;BAP1",-0.638556986610457,0.83051842769989
"BAP1;BCL2L1",-0.616762750319262,0.83051842769989
"BAP1;KRAS",-0.615975580064649,0.83051842769989
"BAP1;CDK4",-0.621076539606408,0.83051842769989
"BAP1;CTNNB1",-0.923066578298177,0.882206247858101
"BAP1;BRAF",-0.678752653788221,0.833959543448363
"BAP1;MAP2K2",-0.714742124171936,0.843220781514216
"BAP1;PIK3CA",-0.536981286702576,0.83051842769989
"BAP1;IGF1R",-0.538638827019286,0.83051842769989
"BAP1;TAZ",-0.710634946389642,0.841953357183135
"BAP1;WRN",-0.450669961975718,0.83051842769989
"AKT2;BAP1",-0.696155481626805,0.838300768263379
"BAP1;SRC",-0.577791672611259,0.83051842769989
"BAP1;DNMT3B",-0.706398411523586,0.841318653390918
"APC;BAP1",-0.599397822685978,0.83051842769989
"BAP1;ERBB2",-0.694566737090123,0.837847137993441
"BAP1;YAP1",-0.456380261740321,0.83051842769989
"BAP1;PTPN11",-0.644921265353891,0.83051842769989
"BAP1;CHEK1",-1.58355187040385,0.996820526247479
"BAP1;JAK1",-0.522525765715475,0.83051842769989
"AKT1;GALK1",-0.378061878346238,0.83051842769989
"BRD4;GALK1",-0.216079484556817,0.83051842769989
"GALK1;MYC",-1.53342598543418,0.996820526247479
"GALK1;MAP2K1",-0.204229216864042,0.83051842769989
"GALK1;MAPK1",-0.250804578562841,0.83051842769989
"GALK1;WEE1",-0.941845250567164,0.887343877263922
"ARID1A;GALK1",-0.419495635515696,0.83051842769989
"GALK1;PRMT1",-1.18765262073465,0.95271765721765
"GALK1;PARP1",-1.12335191265715,0.924916103508183
"GALK1;PORCN",-0.356946082362059,0.83051842769989
"GALK1;MDM2",-0.51583238335892,0.83051842769989
"EGFR;GALK1",-0.498976306668257,0.83051842769989
"GALK1;SMAD4",-0.344303956503909,0.83051842769989
"DNMT1;GALK1",-0.474716996704677,0.83051842769989
"GALK1;RAF1",-0.277778323309629,0.83051842769989
"CDK6;GALK1",-0.747732252526277,0.850506615113902
"ATR;GALK1",-0.89270539276807,0.873104771308809
"GALK1;MCL1",-0.263788683419128,0.83051842769989
"BCL2;GALK1",-0.637988663886749,0.83051842769989
"GALK1;PRMT5",-0.792881989280694,0.856844608927936
"ATM;GALK1",-0.375028021632208,0.83051842769989
"BCL2L1;GALK1",-0.297155480305454,0.83051842769989
"GALK1;KRAS",-0.432967039696877,0.83051842769989
"CDK4;GALK1",-0.223974814294934,0.83051842769989
"CTNNB1;GALK1",-0.983868724127868,0.899572598979304
"BRAF;GALK1",-0.207352140038271,0.83051842769989
"GALK1;MAP2K2",0.00371733165647536,0.83051842769989
"GALK1;PIK3CA",-0.515890433916721,0.83051842769989
"GALK1;IGF1R",-0.311091062616956,0.83051842769989
"GALK1;TAZ",-0.208625220166158,0.83051842769989
"GALK1;WRN",-0.325419706661255,0.83051842769989
"AKT2;GALK1",-0.570038181793972,0.83051842769989
"GALK1;SRC",-0.238094246594686,0.83051842769989
"DNMT3B;GALK1",-0.543646486606599,0.83051842769989
"APC;GALK1",-0.260650559362397,0.83051842769989
"ERBB2;GALK1",-0.258440841015668,0.83051842769989
"GALK1;YAP1",-0.295959212817921,0.83051842769989
"GALK1;PTPN11",-0.181781859410674,0.83051842769989
"CHEK1;GALK1",-1.55514254729212,0.996820526247479
"GALK1;JAK1",-0.559784102041003,0.83051842769989
"AKT1;ITGAV",-0.309219830298111,0.83051842769989
"BRD4;ITGAV",-0.258503718769604,0.83051842769989
"ITGAV;MYC",-1.6355090177496,0.996820526247479
"ITGAV;MAP2K1",-0.265210245762842,0.83051842769989
"ITGAV;MAPK1",-0.133063585018313,0.83051842769989
"ITGAV;WEE1",-0.718657545623618,0.84410788938019
"ARID1A;ITGAV",-0.461451964825085,0.83051842769989
"ITGAV;PRMT1",-1.38618380405791,0.996820526247479
"ITGAV;PARP1",-1.11856693921698,0.924916103508183
"ITGAV;PORCN",-0.33256933069913,0.83051842769989
"ITGAV;MDM2",-0.58908609817983,0.83051842769989
"EGFR;ITGAV",-0.510016064391255,0.83051842769989
"ITGAV;SMAD4",-0.308473696776816,0.83051842769989
"DNMT1;ITGAV",-0.494139499513145,0.83051842769989
"ITGAV;RAF1",-0.272574823915284,0.83051842769989
"CDK6;ITGAV",-0.767582713847788,0.853610623147136
"ATR;ITGAV",-1.07536348918632,0.920460052036969
"ITGAV;MCL1",-0.226066253454065,0.83051842769989
"BCL2;ITGAV",-0.64457826387113,0.83051842769989
"ITGAV;PRMT5",-0.819648698125064,0.85826452060764
"ATM;ITGAV",-0.401976858514707,0.83051842769989
"BCL2L1;ITGAV",-0.333042192650871,0.83051842769989
"ITGAV;KRAS",-0.390174677708782,0.83051842769989
"CDK4;ITGAV",-0.135376283150662,0.83051842769989
"CTNNB1;ITGAV",-0.894805107796873,0.873695243333637
"BRAF;ITGAV",-0.219692176652744,0.83051842769989
"ITGAV;MAP2K2",-0.194876753460871,0.83051842769989
"ITGAV;PIK3CA",-0.493795426013352,0.83051842769989
"IGF1R;ITGAV",-0.314872565909822,0.83051842769989
"ITGAV;TAZ",-0.244511378127198,0.83051842769989
"ITGAV;WRN",-0.22516005540489,0.83051842769989
"AKT2;ITGAV",-0.565998665288663,0.83051842769989
"ITGAV;SRC",-0.27347428838342,0.83051842769989
"DNMT3B;ITGAV",-0.53731916781742,0.83051842769989
"APC;ITGAV",-0.221357524735081,0.83051842769989
"ERBB2;ITGAV",-0.24641137729507,0.83051842769989
"ITGAV;YAP1",-0.181897360167166,0.83051842769989
"ITGAV;PTPN11",-0.234956438702375,0.83051842769989
"CHEK1;ITGAV",-1.78541308785927,0.996820526247479
"ITGAV;JAK1",-0.580287301601174,0.83051842769989
"AKT1;PLK3",-0.32879411716287,0.83051842769989
"BRD4;PLK3",-0.202168704456032,0.83051842769989
"MYC;PLK3",-1.61819119245569,0.996820526247479
"MAP2K1;PLK3",-0.175184067605579,0.83051842769989
"MAPK1;PLK3",-0.229460847552605,0.83051842769989
"PLK3;WEE1",-0.788852874339023,0.856024639264969
"ARID1A;PLK3",-0.438060700233503,0.83051842769989
"PLK3;PRMT1",-1.32542314544719,0.992239815786321
"PARP1;PLK3",-1.10620319815017,0.923850009252945
"PLK3;PORCN",-0.283131544107306,0.83051842769989
"MDM2;PLK3",-0.595870734600931,0.83051842769989
"EGFR;PLK3",-0.517656959778888,0.83051842769989
"PLK3;SMAD4",-0.279364428842679,0.83051842769989
"DNMT1;PLK3",-0.555705272855313,0.83051842769989
"PLK3;RAF1",-0.241870557011168,0.83051842769989
"CDK6;PLK3",-0.683739719587218,0.83502359948583
"ATR;PLK3",-0.940502010034583,0.886808853938425
"MCL1;PLK3",-0.077635044722214,0.83051842769989
"BCL2;PLK3",-0.640671841237228,0.83051842769989
"PLK3;PRMT5",-0.762178266519963,0.853329897622711
"ATM;PLK3",-0.365909316227378,0.83051842769989
"BCL2L1;PLK3",-0.230929420060998,0.83051842769989
"KRAS;PLK3",-0.456367195980828,0.83051842769989
"CDK4;PLK3",-0.183343698469726,0.83051842769989
"CTNNB1;PLK3",-1.03638989114791,0.913419946253691
"BRAF;PLK3",-0.123828851518847,0.83051842769989
"MAP2K2;PLK3",-0.133420777469852,0.83051842769989
"PIK3CA;PLK3",-0.523034097496957,0.83051842769989
"IGF1R;PLK3",-0.304812394004872,0.83051842769989
"PLK3;TAZ",-0.15635875170737,0.83051842769989
"PLK3;WRN",-0.314458461101635,0.83051842769989
"AKT2;PLK3",-0.571870756574599,0.83051842769989
"PLK3;SRC",-0.170109758468554,0.83051842769989
"DNMT3B;PLK3",-0.413575784980073,0.83051842769989
"APC;PLK3",-0.1538183142009,0.83051842769989
"ERBB2;PLK3",-0.154678862917217,0.83051842769989
"PLK3;YAP1",-0.252141128122246,0.83051842769989
"PLK3;PTPN11",-0.13163029556403,0.83051842769989
"CHEK1;PLK3",-1.7672447363159,0.996820526247479
"JAK1;PLK3",-0.583850824324656,0.83051842769989
"AKT1;RNF8",-0.304548429650044,0.83051842769989
"BRD4;RNF8",-0.0196190521348536,0.83051842769989
"MYC;RNF8",-1.53433249524895,0.996820526247479
"MAP2K1;RNF8",-0.126494987771834,0.83051842769989
"MAPK1;RNF8",-0.248315293045514,0.83051842769989
"RNF8;WEE1",-0.72135042953963,0.844449268748353
"ARID1A;RNF8",-0.40680488002565,0.83051842769989
"PRMT1;RNF8",-1.15147894097132,0.936850311502314
"PARP1;RNF8",-1.04036300781328,0.913419946253691
"PORCN;RNF8",-0.340139091517889,0.83051842769989
"MDM2;RNF8",-0.513086079571289,0.83051842769989
"EGFR;RNF8",-0.453566364661555,0.83051842769989
"RNF8;SMAD4",-0.264518274442325,0.83051842769989
"DNMT1;RNF8",-0.558976202697398,0.83051842769989
"RAF1;RNF8",-0.292593163781975,0.83051842769989
"CDK6;RNF8",-0.719913145606435,0.844228752022857
"ATR;RNF8",-1.03127873435333,0.911964714309598
"MCL1;RNF8",-0.0308740763021159,0.83051842769989
"BCL2;RNF8",-0.585433527209369,0.83051842769989
"PRMT5;RNF8",-0.860043897423501,0.8646310254416
"ATM;RNF8",-0.329398225900183,0.83051842769989
"BCL2L1;RNF8",-0.254539920564872,0.83051842769989
"KRAS;RNF8",-0.270334351693509,0.83051842769989
"CDK4;RNF8",0.0342216700746741,0.83051842769989
"CTNNB1;RNF8",-0.974598238766777,0.897044163188902
"BRAF;RNF8",-0.029554175189268,0.83051842769989
"MAP2K2;RNF8",-0.0906413005987775,0.83051842769989
"PIK3CA;RNF8",-0.529263405824613,0.83051842769989
"IGF1R;RNF8",-0.360723400716442,0.83051842769989
"RNF8;TAZ",-0.194643518766987,0.83051842769989
"RNF8;WRN",-0.33196078902288,0.83051842769989
"AKT2;RNF8",-0.534326732216242,0.83051842769989
"RNF8;SRC",-0.108492028662119,0.83051842769989
"DNMT3B;RNF8",-0.510710421286604,0.83051842769989
"APC;RNF8",-0.172319933351999,0.83051842769989
"ERBB2;RNF8",0.108058648733197,0.83051842769989
"RNF8;YAP1",-0.310700663687439,0.83051842769989
"PTPN11;RNF8",-0.108722039412802,0.83051842769989
"CHEK1;RNF8",-1.70022838622521,0.996820526247479
"JAK1;RNF8",-0.567074206108484,0.83051842769989
"AKT1;DCTN3",-0.213412876789727,0.83051842769989
"BRD4;DCTN3",-0.163541811772726,0.83051842769989
"DCTN3;MYC",-1.56062970210977,0.996820526247479
"DCTN3;MAP2K1",-0.0203031619359255,0.83051842769989
"DCTN3;MAPK1",-0.191241292239482,0.83051842769989
"DCTN3;WEE1",-0.471565975487569,0.83051842769989
"ARID1A;DCTN3",-0.367759325604632,0.83051842769989
"DCTN3;PRMT1",-1.19528539849547,0.95579251133123
"DCTN3;PARP1",-1.08726296792641,0.922001026393481
"DCTN3;PORCN",-0.32725225472745,0.83051842769989
"DCTN3;MDM2",-0.49005535704187,0.83051842769989
"DCTN3;EGFR",-0.357042862398898,0.83051842769989
"DCTN3;SMAD4",-0.214893508295993,0.83051842769989
"DCTN3;DNMT1",-0.485075468501692,0.83051842769989
"DCTN3;RAF1",-0.227413796669583,0.83051842769989
"CDK6;DCTN3",-0.756689126516214,0.85252229265319
"ATR;DCTN3",-1.12176487637275,0.924916103508183
"DCTN3;MCL1",0.0407721648533693,0.83051842769989
"BCL2;DCTN3",-0.64621582014159,0.83051842769989
"DCTN3;PRMT5",-0.838045489140717,0.860357002319739
"ATM;DCTN3",-0.315261808871696,0.83051842769989
"BCL2L1;DCTN3",-0.322787507913068,0.83051842769989
"DCTN3;KRAS",-0.401413366935673,0.83051842769989
"CDK4;DCTN3",-0.144567517746091,0.83051842769989
"CTNNB1;DCTN3",-1.00168489491546,0.904747301068926
"BRAF;DCTN3",-0.0968382868474777,0.83051842769989
"DCTN3;MAP2K2",-0.0838260692813562,0.83051842769989
"DCTN3;PIK3CA",-0.5604842872618,0.83051842769989
"DCTN3;IGF1R",-0.131350770179223,0.83051842769989
"DCTN3;TAZ",-0.0872584894814156,0.83051842769989
"DCTN3;WRN",-0.313495124288937,0.83051842769989
"AKT2;DCTN3",-0.450334267085812,0.83051842769989
"DCTN3;SRC",-0.144483577203096,0.83051842769989
"DCTN3;DNMT3B",-0.493932122386109,0.83051842769989
"APC;DCTN3",-0.235928047909146,0.83051842769989
"DCTN3;ERBB2",-0.105809854402747,0.83051842769989
"DCTN3;YAP1",-0.272412053384263,0.83051842769989
"DCTN3;PTPN11",-0.0138737698531328,0.83051842769989
"CHEK1;DCTN3",-1.74614914778379,0.996820526247479
"DCTN3;JAK1",-0.58044848374519,0.83051842769989
"AKT1;SRPK2",-0.311125054900249,0.83051842769989
"BRD4;SRPK2",-0.306140652452245,0.83051842769989
"MYC;SRPK2",-1.51558284769407,0.996820526247479
"MAP2K1;SRPK2",-0.24649820453788,0.83051842769989
"MAPK1;SRPK2",-0.30535159888304,0.83051842769989
"SRPK2;WEE1",-0.566767101752225,0.83051842769989
"ARID1A;SRPK2",-0.381864522447894,0.83051842769989
"PRMT1;SRPK2",-1.35922018929593,0.996820526247479
"PARP1;SRPK2",-1.12274430341064,0.924916103508183
"PORCN;SRPK2",-0.35024763832982,0.83051842769989
"MDM2;SRPK2",-0.478642059914456,0.83051842769989
"EGFR;SRPK2",-0.471707543259477,0.83051842769989
"SMAD4;SRPK2",-0.374948765429136,0.83051842769989
"DNMT1;SRPK2",-0.554564700088247,0.83051842769989
"RAF1;SRPK2",-0.233494251042278,0.83051842769989
"CDK6;SRPK2",-0.628967025357079,0.83051842769989
"ATR;SRPK2",-0.823930701311826,0.858327427499431
"MCL1;SRPK2",-0.290912752409103,0.83051842769989
"BCL2;SRPK2",-0.65396733916846,0.83051842769989
"PRMT5;SRPK2",-0.80361273193466,0.857723760949488
"ATM;SRPK2",-0.380220505809646,0.83051842769989
"BCL2L1;SRPK2",-0.298641893592098,0.83051842769989
"KRAS;SRPK2",-0.426814972628592,0.83051842769989
"CDK4;SRPK2",-0.241515084756635,0.83051842769989
"CTNNB1;SRPK2",-1.04754937104256,0.913965240315988
"BRAF;SRPK2",-0.297497137901188,0.83051842769989
"MAP2K2;SRPK2",-0.263009989490902,0.83051842769989
"PIK3CA;SRPK2",-0.279668279507137,0.83051842769989
"IGF1R;SRPK2",-0.316894864035489,0.83051842769989
"SRPK2;TAZ",-0.240326154423783,0.83051842769989
"SRPK2;WRN",-0.32833284917676,0.83051842769989
"AKT2;SRPK2",-0.531792285358282,0.83051842769989
"SRC;SRPK2",-0.235912226232856,0.83051842769989
"DNMT3B;SRPK2",-0.472169687400446,0.83051842769989
"APC;SRPK2",-0.144697456612938,0.83051842769989
"ERBB2;SRPK2",-0.286482811951589,0.83051842769989
"SRPK2;YAP1",-0.25455890426248,0.83051842769989
"PTPN11;SRPK2",-0.290422749089899,0.83051842769989
"CHEK1;SRPK2",-1.77295707837602,0.996820526247479
"JAK1;SRPK2",-0.583019279093232,0.83051842769989
"AKT1;STIL",-0.359106339546385,0.83051842769989
"BRD4;STIL",-0.212940617673677,0.83051842769989
"MYC;STIL",-1.58411959706227,0.996820526247479
"MAP2K1;STIL",-0.275694835625531,0.83051842769989
"MAPK1;STIL",-0.225642231277734,0.83051842769989
"STIL;WEE1",-0.686453996053724,0.835562019937211
"ARID1A;STIL",-0.474354139819466,0.83051842769989
"PRMT1;STIL",-1.35238158842728,0.99627433411809
"PARP1;STIL",-0.99445546530217,0.90294929591295
"PORCN;STIL",-0.358361098538328,0.83051842769989
"MDM2;STIL",-0.57464276186113,0.83051842769989
"EGFR;STIL",-0.456433251532869,0.83051842769989
"SMAD4;STIL",-0.327075210549641,0.83051842769989
"DNMT1;STIL",-0.61399037494937,0.83051842769989
"RAF1;STIL",-0.285305407935581,0.83051842769989
"CDK6;STIL",-0.787789130864618,0.855985495688177
"ATR;STIL",-1.01900832005531,0.90935463268898
"MCL1;STIL",-0.215096862598584,0.83051842769989
"BCL2;STIL",-0.613113770524663,0.83051842769989
"PRMT5;STIL",-0.670019911371564,0.831157777691031
"ATM;STIL",-0.357088484067052,0.83051842769989
"BCL2L1;STIL",-0.279739365388915,0.83051842769989
"KRAS;STIL",-0.362542942317677,0.83051842769989
"CDK4;STIL",-0.272221564777443,0.83051842769989
"CTNNB1;STIL",-0.89167862399875,0.87276876397307
"BRAF;STIL",-0.279310310729092,0.83051842769989
"MAP2K2;STIL",-0.231530434973162,0.83051842769989
"PIK3CA;STIL",-0.552361008860637,0.83051842769989
"IGF1R;STIL",-0.201208756584502,0.83051842769989
"STIL;TAZ",-0.225146968603786,0.83051842769989
"STIL;WRN",-0.286546785865705,0.83051842769989
"AKT2;STIL",-0.565474943373256,0.83051842769989
"SRC;STIL",-0.271478914555493,0.83051842769989
"DNMT3B;STIL",-0.426582121035605,0.83051842769989
"APC;STIL",-0.153264884570768,0.83051842769989
"ERBB2;STIL",-0.281964575071607,0.83051842769989
"STIL;YAP1",-0.279018371991855,0.83051842769989
"PTPN11;STIL",-0.260864594944023,0.83051842769989
"CHEK1;STIL",-1.74193426486723,0.996820526247479
"JAK1;STIL",-0.545001639021106,0.83051842769989
"AKT1;NEK2",-0.373039242963971,0.83051842769989
"BRD4;NEK2",-0.172264114917478,0.83051842769989
"MYC;NEK2",-1.55355252497086,0.996820526247479
"MAP2K1;NEK2",-0.0630761940407489,0.83051842769989
"MAPK1;NEK2",-0.248172948493507,0.83051842769989
"NEK2;WEE1",-0.871073719323875,0.865923620548883
"ARID1A;NEK2",-0.411932462090275,0.83051842769989
"NEK2;PRMT1",-1.39178608759677,0.996820526247479
"NEK2;PARP1",-1.08037045978565,0.921466202808487
"NEK2;PORCN",-0.358526734940916,0.83051842769989
"MDM2;NEK2",-0.47815301710933,0.83051842769989
"EGFR;NEK2",-0.472268709756549,0.83051842769989
"NEK2;SMAD4",-0.351749939881205,0.83051842769989
"DNMT1;NEK2",-0.617603326363096,0.83051842769989
"NEK2;RAF1",-0.282389211039014,0.83051842769989
"CDK6;NEK2",-0.778267755553525,0.855392982465961
"ATR;NEK2",-1.01708130344841,0.909012547801898
"MCL1;NEK2",-0.0161726521895193,0.83051842769989
"BCL2;NEK2",-0.647234843476498,0.83051842769989
"NEK2;PRMT5",-0.77406735442405,0.855003622828756
"ATM;NEK2",-0.362849314242939,0.83051842769989
"BCL2L1;NEK2",-0.297590606138563,0.83051842769989
"KRAS;NEK2",-0.333365676779361,0.83051842769989
"CDK4;NEK2",-0.0823239561981969,0.83051842769989
"CTNNB1;NEK2",-1.03827192990844,0.913419946253691
"BRAF;NEK2",0.00900159107943727,0.83051842769989
"MAP2K2;NEK2",-0.0553546605598056,0.83051842769989
"NEK2;PIK3CA",-0.526704857868491,0.83051842769989
"IGF1R;NEK2",-0.216631507202678,0.83051842769989
"NEK2;TAZ",-0.201152749001542,0.83051842769989
"NEK2;WRN",-0.322889787032554,0.83051842769989
"AKT2;NEK2",-0.575243341212228,0.83051842769989
"NEK2;SRC",-0.166048222337677,0.83051842769989
"DNMT3B;NEK2",-0.436452503514796,0.83051842769989
"APC;NEK2",-0.159379199228699,0.83051842769989
"ERBB2;NEK2",-0.0177143399412266,0.83051842769989
"NEK2;YAP1",-0.210566046412593,0.83051842769989
"NEK2;PTPN11",-0.069413814457778,0.83051842769989
"CHEK1;NEK2",-1.74855022870375,0.996820526247479
"JAK1;NEK2",-0.617871283537498,0.83051842769989
"AKT1;PRKCZ",-0.352274222014838,0.83051842769989
"BRD4;PRKCZ",-0.175348520356807,0.83051842769989
"MYC;PRKCZ",-1.50315043127246,0.996820526247479
"MAP2K1;PRKCZ",-0.112775239696648,0.83051842769989
"MAPK1;PRKCZ",-0.214400377225843,0.83051842769989
"PRKCZ;WEE1",-0.82657130264527,0.858367750999105
"ARID1A;PRKCZ",-0.348383902242446,0.83051842769989
"PRKCZ;PRMT1",-1.36447027832532,0.996820526247479
"PARP1;PRKCZ",-1.03283879946965,0.912483981675928
"PORCN;PRKCZ",-0.351633883469883,0.83051842769989
"MDM2;PRKCZ",-0.538680042376877,0.83051842769989
"EGFR;PRKCZ",-0.466948723124943,0.83051842769989
"PRKCZ;SMAD4",-0.372376286257809,0.83051842769989
"DNMT1;PRKCZ",-0.577041630078697,0.83051842769989
"PRKCZ;RAF1",-0.238354330936066,0.83051842769989
"CDK6;PRKCZ",-0.754117596971443,0.851921113220934
"ATR;PRKCZ",-1.04201644830637,0.913419946253691
"MCL1;PRKCZ",-0.161128633910901,0.83051842769989
"BCL2;PRKCZ",-0.606816554977419,0.83051842769989
"PRKCZ;PRMT5",-0.864485181305938,0.864875045592771
"ATM;PRKCZ",-0.393154273019124,0.83051842769989
"BCL2L1;PRKCZ",-0.304572642015128,0.83051842769989
"KRAS;PRKCZ",-0.413797820849212,0.83051842769989
"CDK4;PRKCZ",-0.141376403686891,0.83051842769989
"CTNNB1;PRKCZ",-0.933327611542244,0.884742580438376
"BRAF;PRKCZ",0.0270527686165908,0.83051842769989
"MAP2K2;PRKCZ",-0.0869878908403005,0.83051842769989
"PIK3CA;PRKCZ",-0.435768518464498,0.83051842769989
"IGF1R;PRKCZ",-0.357397496344547,0.83051842769989
"PRKCZ;TAZ",-0.150267486147328,0.83051842769989
"PRKCZ;WRN",-0.344970321337415,0.83051842769989
"AKT2;PRKCZ",-0.567709834307567,0.83051842769989
"PRKCZ;SRC",-0.140650000585926,0.83051842769989
"DNMT3B;PRKCZ",-0.464604051012558,0.83051842769989
"APC;PRKCZ",-0.246278648851842,0.83051842769989
"ERBB2;PRKCZ",-0.174051886436915,0.83051842769989
"PRKCZ;YAP1",-0.179861151117989,0.83051842769989
"PRKCZ;PTPN11",-0.135485161748948,0.83051842769989
"CHEK1;PRKCZ",-1.72745143560149,0.996820526247479
"JAK1;PRKCZ",-0.617235161308934,0.83051842769989
"AKT1;BCL2L2",-0.222896124622846,0.83051842769989
"BCL2L2;BRD4",-0.301893656381248,0.83051842769989
"BCL2L2;MYC",-1.63942015803158,0.996820526247479
"BCL2L2;MAP2K1",-0.31559735398038,0.83051842769989
"BCL2L2;MAPK1",-0.294253497463661,0.83051842769989
"BCL2L2;WEE1",-0.905277565546945,0.876724263235638
"ARID1A;BCL2L2",-0.319912027075199,0.83051842769989
"BCL2L2;PRMT1",-1.32167921351031,0.991383078499926
"BCL2L2;PARP1",-1.09678441678747,0.92317363085918
"BCL2L2;PORCN",-0.324535281566403,0.83051842769989
"BCL2L2;MDM2",-0.519141819333915,0.83051842769989
"BCL2L2;EGFR",-0.438044546024034,0.83051842769989
"BCL2L2;SMAD4",-0.366857163331706,0.83051842769989
"BCL2L2;DNMT1",-0.358429115455973,0.83051842769989
"BCL2L2;RAF1",-0.295577638535543,0.83051842769989
"BCL2L2;CDK6",-0.745856154445472,0.850186258292183
"ATR;BCL2L2",-0.979795627067678,0.898358785445461
"BCL2L2;MCL1",-0.317567407626222,0.83051842769989
"BCL2;BCL2L2",-0.652965267422041,0.83051842769989
"BCL2L2;PRMT5",-0.779536983060117,0.855392982465961
"ATM;BCL2L2",-0.39548244909331,0.83051842769989
"BCL2L1;BCL2L2",-0.284121990220853,0.83051842769989
"BCL2L2;KRAS",-0.39300139715299,0.83051842769989
"BCL2L2;CDK4",-0.217603494035976,0.83051842769989
"BCL2L2;CTNNB1",-0.97840645054046,0.898049173022824
"BCL2L2;BRAF",-0.266534946329934,0.83051842769989
"BCL2L2;MAP2K2",-0.234436801855885,0.83051842769989
"BCL2L2;PIK3CA",-0.4852565786669,0.83051842769989
"BCL2L2;IGF1R",-0.309055648299906,0.83051842769989
"BCL2L2;TAZ",-0.310293507908771,0.83051842769989
"BCL2L2;WRN",-0.309922938214761,0.83051842769989
"AKT2;BCL2L2",-0.568358651998252,0.83051842769989
"BCL2L2;SRC",-0.31235476185863,0.83051842769989
"BCL2L2;DNMT3B",-0.517419095073984,0.83051842769989
"APC;BCL2L2",-0.279931453495216,0.83051842769989
"BCL2L2;ERBB2",-0.311385008445849,0.83051842769989
"BCL2L2;YAP1",-0.319735235605257,0.83051842769989
"BCL2L2;PTPN11",-0.266112799097371,0.83051842769989
"BCL2L2;CHEK1",-1.67600045233027,0.996820526247479
"BCL2L2;JAK1",-0.463464877354267,0.83051842769989
"AKT1;TSC1",-0.361089909301325,0.83051842769989
"BRD4;TSC1",-0.166729925846477,0.83051842769989
"MYC;TSC1",-1.61567256007534,0.996820526247479
"MAP2K1;TSC1",-0.0822206602675203,0.83051842769989
"MAPK1;TSC1",-0.199397436472786,0.83051842769989
"TSC1;WEE1",-0.90869443372104,0.877701927968793
"ARID1A;TSC1",-0.365423133298246,0.83051842769989
"PRMT1;TSC1",-1.39042317367386,0.996820526247479
"PARP1;TSC1",-1.11888042299327,0.924916103508183
"PORCN;TSC1",-0.242470102290329,0.83051842769989
"MDM2;TSC1",-0.522373260554962,0.83051842769989
"EGFR;TSC1",-0.407967266114579,0.83051842769989
"SMAD4;TSC1",-0.341166591946902,0.83051842769989
"DNMT1;TSC1",-0.580938397153858,0.83051842769989
"RAF1;TSC1",-0.263189000442739,0.83051842769989
"CDK6;TSC1",-0.818715389871976,0.85826452060764
"ATR;TSC1",-1.08606152406878,0.922001026393481
"MCL1;TSC1",-0.0162617928846311,0.83051842769989
"BCL2;TSC1",-0.649925223036949,0.83051842769989
"PRMT5;TSC1",-0.867863572726866,0.865460087680959
"ATM;TSC1",-0.386231651436371,0.83051842769989
"BCL2L1;TSC1",-0.258900375982743,0.83051842769989
"KRAS;TSC1",-0.425519409050315,0.83051842769989
"CDK4;TSC1",-0.0699112592987089,0.83051842769989
"CTNNB1;TSC1",-1.01241348079637,0.907597062767499
"BRAF;TSC1",0.0712977961344006,0.83051842769989
"MAP2K2;TSC1",-0.0393707433384918,0.83051842769989
"PIK3CA;TSC1",-0.493140018176174,0.83051842769989
"IGF1R;TSC1",-0.357202506362901,0.83051842769989
"TAZ;TSC1",-0.11846695378983,0.83051842769989
"TSC1;WRN",-0.302810450159246,0.83051842769989
"AKT2;TSC1",-0.541350028800919,0.83051842769989
"SRC;TSC1",-0.170191133505718,0.83051842769989
"DNMT3B;TSC1",-0.460829424188405,0.83051842769989
"APC;TSC1",-0.229761589870155,0.83051842769989
"ERBB2;TSC1",-0.116555233026274,0.83051842769989
"TSC1;YAP1",-0.267737753125399,0.83051842769989
"PTPN11;TSC1",-0.05201138447111,0.83051842769989
"CHEK1;TSC1",-1.00393588071235,0.905162702593527
"JAK1;TSC1",-0.559860248013867,0.83051842769989
"AKT1;FNTA",-0.572989175942539,0.83051842769989
"BRD4;FNTA",-0.379292855670325,0.83051842769989
"FNTA;MYC",-1.39323778559747,0.996820526247479
"FNTA;MAP2K1",-0.60568235749161,0.83051842769989
"FNTA;MAPK1",-0.533459806069281,0.83051842769989
"FNTA;WEE1",-0.856518540721833,0.863982614994868
"ARID1A;FNTA",-0.524356128213625,0.83051842769989
"FNTA;PRMT1",-1.11142450927728,0.924121252169155
"FNTA;PARP1",-1.02181565738471,0.909544528705761
"FNTA;PORCN",-0.595795222999064,0.83051842769989
"FNTA;MDM2",-0.541606293344786,0.83051842769989
"EGFR;FNTA",-0.56377052881033,0.83051842769989
"FNTA;SMAD4",-0.59496802539837,0.83051842769989
"DNMT1;FNTA",-0.522033063308894,0.83051842769989
"FNTA;RAF1",-0.578023471503387,0.83051842769989
"CDK6;FNTA",-0.702090643825441,0.840111409048772
"ATR;FNTA",-0.956104662921707,0.89049197488008
"FNTA;MCL1",-0.47714665507066,0.83051842769989
"BCL2;FNTA",-0.598930758643702,0.83051842769989
"FNTA;PRMT5",-0.765257646567184,0.853446458154709
"ATM;FNTA",-0.502981390091456,0.83051842769989
"BCL2L1;FNTA",-0.572680324157302,0.83051842769989
"FNTA;KRAS",-0.467790459072379,0.83051842769989
"CDK4;FNTA",-0.57264133443329,0.83051842769989
"CTNNB1;FNTA",-0.845132200191127,0.861446481967918
"BRAF;FNTA",-0.651272333038222,0.83051842769989
"FNTA;MAP2K2",-0.53770608423744,0.83051842769989
"FNTA;PIK3CA",-0.653264632899474,0.83051842769989
"FNTA;IGF1R",-0.499175856271032,0.83051842769989
"FNTA;TAZ",-0.511831100314894,0.83051842769989
"FNTA;WRN",-0.576556852273363,0.83051842769989
"AKT2;FNTA",-0.626466171691637,0.83051842769989
"FNTA;SRC",-0.653564408130979,0.83051842769989
"DNMT3B;FNTA",-0.57172126698451,0.83051842769989
"APC;FNTA",-0.584668542054953,0.83051842769989
"ERBB2;FNTA",-0.656526137076335,0.83051842769989
"FNTA;YAP1",-0.620691273893015,0.83051842769989
"FNTA;PTPN11",-0.645932632414908,0.83051842769989
"CHEK1;FNTA",-1.59168820600614,0.996820526247479
"FNTA;JAK1",-0.614573609229428,0.83051842769989
"AKT1;AURKC",-0.323462272203524,0.83051842769989
"AURKC;BRD4",-0.199518132808947,0.83051842769989
"AURKC;MYC",-1.45820786734789,0.996820526247479
"AURKC;MAP2K1",-0.0973863801773522,0.83051842769989
"AURKC;MAPK1",-0.224190905840404,0.83051842769989
"AURKC;WEE1",-0.767610622952329,0.853610623147136
"ARID1A;AURKC",-0.436660692723978,0.83051842769989
"AURKC;PRMT1",-1.36619321570842,0.996820526247479
"AURKC;PARP1",-1.09063787714096,0.922413808186972
"AURKC;PORCN",-0.30732679992334,0.83051842769989
"AURKC;MDM2",-0.572625179698197,0.83051842769989
"AURKC;EGFR",-0.50154743495601,0.83051842769989
"AURKC;SMAD4",-0.365522666729951,0.83051842769989
"AURKC;DNMT1",-0.535625830048512,0.83051842769989
"AURKC;RAF1",-0.251097244223515,0.83051842769989
"AURKC;CDK6",-0.627839974165767,0.83051842769989
"ATR;AURKC",-1.0823010646126,0.921647581130944
"AURKC;MCL1",-0.0678983388853618,0.83051842769989
"AURKC;BCL2",-0.64117034457554,0.83051842769989
"AURKC;PRMT5",-0.863992291426535,0.864875045592771
"ATM;AURKC",-0.35459879969527,0.83051842769989
"AURKC;BCL2L1",-0.25649954542789,0.83051842769989
"AURKC;KRAS",-0.417869644811388,0.83051842769989
"AURKC;CDK4",-0.143095744086306,0.83051842769989
"AURKC;CTNNB1",-0.9833072455199,0.89947698489977
"AURKC;BRAF",-0.174419377784114,0.83051842769989
"AURKC;MAP2K2",-0.113156260068792,0.83051842769989
"AURKC;PIK3CA",-0.50552220861428,0.83051842769989
"AURKC;IGF1R",-0.358154930033054,0.83051842769989
"AURKC;TAZ",-0.129954549694146,0.83051842769989
"AURKC;WRN",-0.231436765224594,0.83051842769989
"AKT2;AURKC",-0.573855200675173,0.83051842769989
"AURKC;SRC",-0.142100292021102,0.83051842769989
"AURKC;DNMT3B",-0.481872554630448,0.83051842769989
"APC;AURKC",-0.221138530629304,0.83051842769989
"AURKC;ERBB2",-0.0640075502593817,0.83051842769989
"AURKC;YAP1",-0.274726807077696,0.83051842769989
"AURKC;PTPN11",-0.122228943956477,0.83051842769989
"AURKC;CHEK1",-1.7670161555577,0.996820526247479
"AURKC;JAK1",-0.623682819855458,0.83051842769989
"AKT1;CDK14",-0.313222309966339,0.83051842769989
"BRD4;CDK14",-0.234367448173582,0.83051842769989
"CDK14;MYC",-1.5716600939686,0.996820526247479
"CDK14;MAP2K1",-0.327439972311336,0.83051842769989
"CDK14;MAPK1",-0.271805428784195,0.83051842769989
"CDK14;WEE1",-0.866760836921193,0.865204922839714
"ARID1A;CDK14",-0.460505327491398,0.83051842769989
"CDK14;PRMT1",-1.39200110411101,0.996820526247479
"CDK14;PARP1",-1.10647306269097,0.923850009252945
"CDK14;PORCN",-0.347421918666795,0.83051842769989
"CDK14;MDM2",-0.538102854262483,0.83051842769989
"CDK14;EGFR",-0.414694403510856,0.83051842769989
"CDK14;SMAD4",-0.360922020184113,0.83051842769989
"CDK14;DNMT1",-0.439894873666285,0.83051842769989
"CDK14;RAF1",-0.307583872072421,0.83051842769989
"CDK14;CDK6",-0.829372675364145,0.858667905495995
"ATR;CDK14",-1.0955178656935,0.92317363085918
"CDK14;MCL1",-0.336440438287202,0.83051842769989
"BCL2;CDK14",-0.640709244013762,0.83051842769989
"CDK14;PRMT5",-0.663104214748691,0.83051842769989
"ATM;CDK14",-0.380165294060142,0.83051842769989
"BCL2L1;CDK14",-0.310121966701718,0.83051842769989
"CDK14;KRAS",-0.460127875985808,0.83051842769989
"CDK14;CDK4",-0.340493530785697,0.83051842769989
"CDK14;CTNNB1",-0.847930406378727,0.862287347091856
"BRAF;CDK14",-0.342047900157661,0.83051842769989
"CDK14;MAP2K2",-0.20567401939864,0.83051842769989
"CDK14;PIK3CA",-0.509219788563761,0.83051842769989
"CDK14;IGF1R",-0.345383232838448,0.83051842769989
"CDK14;TAZ",-0.309203587130596,0.83051842769989
"CDK14;WRN",-0.283066330297064,0.83051842769989
"AKT2;CDK14",-0.540528494283742,0.83051842769989
"CDK14;SRC",-0.302363951422484,0.83051842769989
"CDK14;DNMT3B",-0.504693592103705,0.83051842769989
"APC;CDK14",-0.329115095576003,0.83051842769989
"CDK14;ERBB2",-0.248766003992947,0.83051842769989
"CDK14;YAP1",-0.308617355645876,0.83051842769989
"CDK14;PTPN11",-0.283874631068968,0.83051842769989
"CDK14;CHEK1",-1.48585225645047,0.996820526247479
"CDK14;JAK1",-0.582818793874198,0.83051842769989
"AKT1;CDK16",-0.362019879482628,0.83051842769989
"BRD4;CDK16",-0.251232902622428,0.83051842769989
"CDK16;MYC",-1.57411290714612,0.996820526247479
"CDK16;MAP2K1",-0.251801878522741,0.83051842769989
"CDK16;MAPK1",-0.292015196583623,0.83051842769989
"CDK16;WEE1",-0.690241737638236,0.83662620571736
"ARID1A;CDK16",-0.47990056090191,0.83051842769989
"CDK16;PRMT1",-1.38814895138753,0.996820526247479
"CDK16;PARP1",-1.01968165879162,0.90935463268898
"CDK16;PORCN",-0.35029142716403,0.83051842769989
"CDK16;MDM2",-0.554245939510462,0.83051842769989
"CDK16;EGFR",-0.520095521421521,0.83051842769989
"CDK16;SMAD4",-0.356246081378048,0.83051842769989
"CDK16;DNMT1",-0.598334985105375,0.83051842769989
"CDK16;RAF1",-0.319421656559331,0.83051842769989
"CDK16;CDK6",-0.707197033202608,0.841425383246677
"ATR;CDK16",-1.08650403657495,0.922001026393481
"CDK16;MCL1",-0.200981724597999,0.83051842769989
"BCL2;CDK16",-0.661470686171906,0.83051842769989
"CDK16;PRMT5",-0.856228693652317,0.863920036674972
"ATM;CDK16",-0.350927532616503,0.83051842769989
"BCL2L1;CDK16",-0.290145603161623,0.83051842769989
"CDK16;KRAS",-0.457951280333184,0.83051842769989
"CDK16;CDK4",-0.293922112267079,0.83051842769989
"CDK16;CTNNB1",-1.01364193272635,0.907878362908625
"BRAF;CDK16",-0.175512958975692,0.83051842769989
"CDK16;MAP2K2",-0.126509280964462,0.83051842769989
"CDK16;PIK3CA",-0.531657761241998,0.83051842769989
"CDK16;IGF1R",-0.327103855869555,0.83051842769989
"CDK16;TAZ",-0.258755761144032,0.83051842769989
"CDK16;WRN",-0.288403013569321,0.83051842769989
"AKT2;CDK16",-0.546579770122797,0.83051842769989
"CDK16;SRC",-0.277358914900591,0.83051842769989
"CDK16;DNMT3B",-0.542338922111568,0.83051842769989
"APC;CDK16",-0.265920561124083,0.83051842769989
"CDK16;ERBB2",-0.220019818124629,0.83051842769989
"CDK16;YAP1",-0.323899564656995,0.83051842769989
"CDK16;PTPN11",-0.225029362038335,0.83051842769989
"CDK16;CHEK1",-1.67239486614255,0.996820526247479
"CDK16;JAK1",-0.61585129691249,0.83051842769989
"AKT1;TBCD",-0.381713652319403,0.83051842769989
"BRD4;TBCD",-0.407737810172272,0.83051842769989
"MYC;TBCD",-1.25591209718724,0.976076344580036
"MAP2K1;TBCD",-0.437102885996645,0.83051842769989
"MAPK1;TBCD",-0.421220482783366,0.83051842769989
"TBCD;WEE1",-0.709997208572055,0.841953357183135
"ARID1A;TBCD",-0.446417447973185,0.83051842769989
"PRMT1;TBCD",-1.01682772944234,0.908919251582523
"PARP1;TBCD",-1.02059163790024,0.909425323589825
"PORCN;TBCD",-0.3725151007063,0.83051842769989
"MDM2;TBCD",-0.571561580346257,0.83051842769989
"EGFR;TBCD",-0.508277888819252,0.83051842769989
"SMAD4;TBCD",-0.430123873626473,0.83051842769989
"DNMT1;TBCD",-0.371625129274931,0.83051842769989
"RAF1;TBCD",-0.448894739878293,0.83051842769989
"CDK6;TBCD",-0.584985655557678,0.83051842769989
"ATR;TBCD",-1.04895611504884,0.914332293283449
"MCL1;TBCD",-0.173880224017826,0.83051842769989
"BCL2;TBCD",-0.608824302912829,0.83051842769989
"PRMT5;TBCD",-0.69795566322305,0.83878484384633
"ATM;TBCD",-0.427343579034,0.83051842769989
"BCL2L1;TBCD",-0.480239013381004,0.83051842769989
"KRAS;TBCD",-0.382206033986878,0.83051842769989
"CDK4;TBCD",-0.451761910011753,0.83051842769989
"CTNNB1;TBCD",-0.88036709129103,0.869127344931454
"BRAF;TBCD",-0.415680471005579,0.83051842769989
"MAP2K2;TBCD",-0.424091112339251,0.83051842769989
"PIK3CA;TBCD",-0.268210202535157,0.83051842769989
"IGF1R;TBCD",-0.465954550774284,0.83051842769989
"TAZ;TBCD",-0.413584178887752,0.83051842769989
"TBCD;WRN",-0.453840849709773,0.83051842769989
"AKT2;TBCD",-0.554448843425647,0.83051842769989
"SRC;TBCD",-0.470592374784356,0.83051842769989
"DNMT3B;TBCD",-0.458561424948731,0.83051842769989
"APC;TBCD",-0.468853795641616,0.83051842769989
"ERBB2;TBCD",-0.369083547414142,0.83051842769989
"TBCD;YAP1",-0.43275561573015,0.83051842769989
"PTPN11;TBCD",-0.462678070813953,0.83051842769989
"CHEK1;TBCD",-1.42010325256262,0.996820526247479
"JAK1;TBCD",-0.55729212892836,0.83051842769989
"AKT1;SMAD3",-0.349891231318715,0.83051842769989
"BRD4;SMAD3",-0.162728914394638,0.83051842769989
"MYC;SMAD3",-1.63649874336224,0.996820526247479
"MAP2K1;SMAD3",-0.101036496150574,0.83051842769989
"MAPK1;SMAD3",-0.23734597963529,0.83051842769989
"SMAD3;WEE1",-0.755637891425055,0.852317934867646
"ARID1A;SMAD3",-0.47571818592743,0.83051842769989
"PRMT1;SMAD3",-1.37706807029374,0.996820526247479
"PARP1;SMAD3",-0.975098598617797,0.8970624741642
"PORCN;SMAD3",-0.330571655781431,0.83051842769989
"MDM2;SMAD3",-0.589228419795682,0.83051842769989
"EGFR;SMAD3",-0.440449887412488,0.83051842769989
"SMAD3;SMAD4",-0.28582508833971,0.83051842769989
"DNMT1;SMAD3",-0.624862012933196,0.83051842769989
"RAF1;SMAD3",-0.150124084895221,0.83051842769989
"CDK6;SMAD3",-0.819543733341132,0.85826452060764
"ATR;SMAD3",-1.09693926873148,0.92317363085918
"MCL1;SMAD3",-0.0493454813861218,0.83051842769989
"BCL2;SMAD3",-0.568987999479283,0.83051842769989
"PRMT5;SMAD3",-0.780375883476492,0.855392982465961
"ATM;SMAD3",-0.38143503337704,0.83051842769989
"BCL2L1;SMAD3",-0.290399198541173,0.83051842769989
"KRAS;SMAD3",-0.451861282247002,0.83051842769989
"CDK4;SMAD3",-0.089297059765581,0.83051842769989
"CTNNB1;SMAD3",-0.852330002114245,0.863220419071441
"BRAF;SMAD3",0.0136217509845029,0.83051842769989
"MAP2K2;SMAD3",-0.139562230580749,0.83051842769989
"PIK3CA;SMAD3",-0.399897437888711,0.83051842769989
"IGF1R;SMAD3",-0.352303722972096,0.83051842769989
"SMAD3;TAZ",-0.0789712271906646,0.83051842769989
"SMAD3;WRN",-0.335748797393572,0.83051842769989
"AKT2;SMAD3",-0.5757298632597,0.83051842769989
"SMAD3;SRC",-0.135244494214721,0.83051842769989
"DNMT3B;SMAD3",-0.498307010233573,0.83051842769989
"APC;SMAD3",-0.230191320483204,0.83051842769989
"ERBB2;SMAD3",-0.0328502544816676,0.83051842769989
"SMAD3;YAP1",-0.292028136830947,0.83051842769989
"PTPN11;SMAD3",-0.180066773408647,0.83051842769989
"CHEK1;SMAD3",-1.76234495264139,0.996820526247479
"JAK1;SMAD3",-0.586847245351812,0.83051842769989
"AKT1;MAP2K3",-0.342585194855232,0.83051842769989
"BRD4;MAP2K3",-0.184528821287975,0.83051842769989
"MAP2K3;MYC",-1.63280465125826,0.996820526247479
"MAP2K1;MAP2K3",-0.219590636987182,0.83051842769989
"MAP2K3;MAPK1",-0.246717827747586,0.83051842769989
"MAP2K3;WEE1",-0.94639412183746,0.888231399331582
"ARID1A;MAP2K3",-0.423020383977572,0.83051842769989
"MAP2K3;PRMT1",-1.35164721231936,0.996241116437907
"MAP2K3;PARP1",-1.10807541520371,0.923895399117375
"MAP2K3;PORCN",-0.30316310293899,0.83051842769989
"MAP2K3;MDM2",-0.560570381490627,0.83051842769989
"EGFR;MAP2K3",-0.466334237008102,0.83051842769989
"MAP2K3;SMAD4",-0.365804484127389,0.83051842769989
"DNMT1;MAP2K3",-0.577846710741839,0.83051842769989
"MAP2K3;RAF1",-0.284072908503412,0.83051842769989
"CDK6;MAP2K3",-0.697769593886213,0.83878484384633
"ATR;MAP2K3",-1.10149508299507,0.923452397685076
"MAP2K3;MCL1",-0.111964428425626,0.83051842769989
"BCL2;MAP2K3",-0.627430410484231,0.83051842769989
"MAP2K3;PRMT5",-0.799634570073076,0.857292527748453
"ATM;MAP2K3",-0.312946929056583,0.83051842769989
"BCL2L1;MAP2K3",-0.220819958053108,0.83051842769989
"KRAS;MAP2K3",-0.463906452998389,0.83051842769989
"CDK4;MAP2K3",-0.212377935928143,0.83051842769989
"CTNNB1;MAP2K3",-0.853565416484399,0.863346561951581
"BRAF;MAP2K3",-0.221267825040248,0.83051842769989
"MAP2K2;MAP2K3",-0.198056286046548,0.83051842769989
"MAP2K3;PIK3CA",-0.524053669974126,0.83051842769989
"IGF1R;MAP2K3",-0.24653613534659,0.83051842769989
"MAP2K3;TAZ",-0.171807871692102,0.83051842769989
"MAP2K3;WRN",-0.285308910785156,0.83051842769989
"AKT2;MAP2K3",-0.515728276725371,0.83051842769989
"MAP2K3;SRC",-0.223734723652495,0.83051842769989
"DNMT3B;MAP2K3",-0.532417677662637,0.83051842769989
"APC;MAP2K3",-0.233197408989374,0.83051842769989
"ERBB2;MAP2K3",-0.181446964733786,0.83051842769989
"MAP2K3;YAP1",-0.298431184767427,0.83051842769989
"MAP2K3;PTPN11",-0.223098947877736,0.83051842769989
"CHEK1;MAP2K3",-1.50064647040703,0.996820526247479
"JAK1;MAP2K3",-0.61280800223617,0.83051842769989
"AKT1;NOTCH2",-0.351949436793028,0.83051842769989
"BRD4;NOTCH2",-0.25472087573693,0.83051842769989
"MYC;NOTCH2",-1.5105544932106,0.996820526247479
"MAP2K1;NOTCH2",-0.122311994204481,0.83051842769989
"MAPK1;NOTCH2",-0.19390125828815,0.83051842769989
"NOTCH2;WEE1",-0.920505549887897,0.881448236403525
"ARID1A;NOTCH2",-0.44496593805571,0.83051842769989
"NOTCH2;PRMT1",-1.37023848680901,0.996820526247479
"NOTCH2;PARP1",-1.09594904037812,0.92317363085918
"NOTCH2;PORCN",-0.308917920451773,0.83051842769989
"MDM2;NOTCH2",-0.585593646919877,0.83051842769989
"EGFR;NOTCH2",-0.477859254204743,0.83051842769989
"NOTCH2;SMAD4",-0.354252696624571,0.83051842769989
"DNMT1;NOTCH2",-0.527096736622663,0.83051842769989
"NOTCH2;RAF1",-0.196973618494665,0.83051842769989
"CDK6;NOTCH2",-0.729442278528987,0.846039408389061
"ATR;NOTCH2",-0.987424884040186,0.900891345475722
"MCL1;NOTCH2",-0.131601045879311,0.83051842769989
"BCL2;NOTCH2",-0.500146255433309,0.83051842769989
"NOTCH2;PRMT5",-0.741490917519825,0.848926746149907
"ATM;NOTCH2",-0.355879612366993,0.83051842769989
"BCL2L1;NOTCH2",-0.336221059137024,0.83051842769989
"KRAS;NOTCH2",-0.451306758720113,0.83051842769989
"CDK4;NOTCH2",-0.0490398256461533,0.83051842769989
"CTNNB1;NOTCH2",-0.982551960410607,0.899084584610225
"BRAF;NOTCH2",-0.118361959053202,0.83051842769989
"MAP2K2;NOTCH2",-0.119290969125225,0.83051842769989
"NOTCH2;PIK3CA",-0.484624559688552,0.83051842769989
"IGF1R;NOTCH2",-0.298196952915136,0.83051842769989
"NOTCH2;TAZ",-0.181730084491522,0.83051842769989
"NOTCH2;WRN",-0.267057106460429,0.83051842769989
"AKT2;NOTCH2",-0.4796218005749,0.83051842769989
"NOTCH2;SRC",-0.213653082419442,0.83051842769989
"DNMT3B;NOTCH2",-0.544906066923247,0.83051842769989
"APC;NOTCH2",-0.254954153746936,0.83051842769989
"ERBB2;NOTCH2",-0.209588827622175,0.83051842769989
"NOTCH2;YAP1",-0.279664260375943,0.83051842769989
"NOTCH2;PTPN11",-0.107854387334598,0.83051842769989
"CHEK1;NOTCH2",-1.78992440261481,0.996820526247479
"JAK1;NOTCH2",-0.555012141306499,0.83051842769989
"AKT1;CDKL1",-0.320538726026276,0.83051842769989
"BRD4;CDKL1",-0.275528547939617,0.83051842769989
"CDKL1;MYC",-1.56735669600966,0.996820526247479
"CDKL1;MAP2K1",-0.343654035961552,0.83051842769989
"CDKL1;MAPK1",-0.338106390611594,0.83051842769989
"CDKL1;WEE1",-0.956125327399651,0.89049197488008
"ARID1A;CDKL1",-0.473563874241944,0.83051842769989
"CDKL1;PRMT1",-1.34874552416955,0.995820050339878
"CDKL1;PARP1",-1.10713258798326,0.923895399117375
"CDKL1;PORCN",-0.338422460953453,0.83051842769989
"CDKL1;MDM2",-0.452225278057529,0.83051842769989
"CDKL1;EGFR",-0.508073786491709,0.83051842769989
"CDKL1;SMAD4",-0.372268383276373,0.83051842769989
"CDKL1;DNMT1",-0.600135620152862,0.83051842769989
"CDKL1;RAF1",-0.292072463846899,0.83051842769989
"CDK6;CDKL1",-0.830941825448743,0.858667905495995
"ATR;CDKL1",-0.920511037443706,0.881448236403525
"CDKL1;MCL1",-0.35050185695476,0.83051842769989
"BCL2;CDKL1",-0.611193086979831,0.83051842769989
"CDKL1;PRMT5",-0.859010656391954,0.86443615298251
"ATM;CDKL1",-0.359798075085098,0.83051842769989
"BCL2L1;CDKL1",-0.304632245056174,0.83051842769989
"CDKL1;KRAS",-0.414727978730289,0.83051842769989
"CDK4;CDKL1",-0.35320239892568,0.83051842769989
"CDKL1;CTNNB1",-1.00363506128797,0.90512854065246
"BRAF;CDKL1",-0.262859364365179,0.83051842769989
"CDKL1;MAP2K2",-0.293813420768605,0.83051842769989
"CDKL1;PIK3CA",-0.481316379869496,0.83051842769989
"CDKL1;IGF1R",-0.353284098728879,0.83051842769989
"CDKL1;TAZ",-0.325489568746863,0.83051842769989
"CDKL1;WRN",-0.263098182776935,0.83051842769989
"AKT2;CDKL1",-0.525751758619404,0.83051842769989
"CDKL1;SRC",-0.280348568259958,0.83051842769989
"CDKL1;DNMT3B",-0.523220585195073,0.83051842769989
"APC;CDKL1",-0.336965454966098,0.83051842769989
"CDKL1;ERBB2",-0.343631759888136,0.83051842769989
"CDKL1;YAP1",-0.331237007597763,0.83051842769989
"CDKL1;PTPN11",-0.361844335126075,0.83051842769989
"CDKL1;CHEK1",-1.69519631213584,0.996820526247479
"CDKL1;JAK1",-0.610140354886276,0.83051842769989
"AKT1;NDUFA10",-0.372881406779833,0.83051842769989
"BRD4;NDUFA10",-0.179092142305147,0.83051842769989
"MYC;NDUFA10",-1.56094933527628,0.996820526247479
"MAP2K1;NDUFA10",-0.12577774429525,0.83051842769989
"MAPK1;NDUFA10",-0.222313264864059,0.83051842769989
"NDUFA10;WEE1",-0.937690334562855,0.885952108629149
"ARID1A;NDUFA10",-0.470366292949426,0.83051842769989
"NDUFA10;PRMT1",-1.31161062300458,0.989655909804524
"NDUFA10;PARP1",-1.04622723388815,0.913937683631205
"NDUFA10;PORCN",-0.344723353465346,0.83051842769989
"MDM2;NDUFA10",-0.454558730816929,0.83051842769989
"EGFR;NDUFA10",-0.480692190936049,0.83051842769989
"NDUFA10;SMAD4",-0.353511230960061,0.83051842769989
"DNMT1;NDUFA10",-0.532627449230389,0.83051842769989
"NDUFA10;RAF1",-0.293450966994585,0.83051842769989
"CDK6;NDUFA10",-0.799150637714475,0.857292527748453
"ATR;NDUFA10",-1.08365857675295,0.922001026393481
"MCL1;NDUFA10",-0.0841113734076989,0.83051842769989
"BCL2;NDUFA10",-0.667404955392845,0.83051842769989
"NDUFA10;PRMT5",-0.743232453033823,0.849266684431652
"ATM;NDUFA10",-0.266465259137279,0.83051842769989
"BCL2L1;NDUFA10",-0.242413200739953,0.83051842769989
"KRAS;NDUFA10",-0.454875959702075,0.83051842769989
"CDK4;NDUFA10",-0.111935802727939,0.83051842769989
"CTNNB1;NDUFA10",-0.987453216897884,0.900891345475722
"BRAF;NDUFA10",-0.0739819074546849,0.83051842769989
"MAP2K2;NDUFA10",-0.137622623684833,0.83051842769989
"NDUFA10;PIK3CA",-0.558257871892391,0.83051842769989
"IGF1R;NDUFA10",-0.341929198995188,0.83051842769989
"NDUFA10;TAZ",-0.127852717781586,0.83051842769989
"NDUFA10;WRN",-0.289966590081568,0.83051842769989
"AKT2;NDUFA10",-0.503085934135595,0.83051842769989
"NDUFA10;SRC",-0.069107609412623,0.83051842769989
"DNMT3B;NDUFA10",-0.547319155312705,0.83051842769989
"APC;NDUFA10",-0.210874214704604,0.83051842769989
"ERBB2;NDUFA10",-0.0974501719657627,0.83051842769989
"NDUFA10;YAP1",-0.263704181694721,0.83051842769989
"NDUFA10;PTPN11",-0.164502783950218,0.83051842769989
"CHEK1;NDUFA10",-1.77063053834325,0.996820526247479
"JAK1;NDUFA10",-0.553046429233716,0.83051842769989
"AKT1;BIRC2",-0.331574626440919,0.83051842769989
"BIRC2;BRD4",-0.264921627339162,0.83051842769989
"BIRC2;MYC",-1.57924328724285,0.996820526247479
"BIRC2;MAP2K1",-0.219177882352061,0.83051842769989
"BIRC2;MAPK1",-0.201913122871883,0.83051842769989
"BIRC2;WEE1",-0.721747588309723,0.844449268748353
"ARID1A;BIRC2",-0.469828598811824,0.83051842769989
"BIRC2;PRMT1",-1.3315679066251,0.993194720219743
"BIRC2;PARP1",-1.09620895541413,0.92317363085918
"BIRC2;PORCN",-0.330166593976791,0.83051842769989
"BIRC2;MDM2",-0.595358366060721,0.83051842769989
"BIRC2;EGFR",-0.487654854976394,0.83051842769989
"BIRC2;SMAD4",-0.373761381844144,0.83051842769989
"BIRC2;DNMT1",-0.621017371907867,0.83051842769989
"BIRC2;RAF1",-0.261131549476982,0.83051842769989
"BIRC2;CDK6",-0.689383595189385,0.836553028488806
"ATR;BIRC2",-1.10813161083672,0.923895399117375
"BIRC2;MCL1",-0.158315985072339,0.83051842769989
"BCL2;BIRC2",-0.635379670459079,0.83051842769989
"BIRC2;PRMT5",-0.818770488950394,0.85826452060764
"ATM;BIRC2",-0.399301830857166,0.83051842769989
"BCL2L1;BIRC2",-0.311689533494617,0.83051842769989
"BIRC2;KRAS",-0.419529316557697,0.83051842769989
"BIRC2;CDK4",-0.0828811920606267,0.83051842769989
"BIRC2;CTNNB1",-1.02092786600125,0.90945268130001
"BIRC2;BRAF",-0.197399682444129,0.83051842769989
"BIRC2;MAP2K2",-0.195361218278725,0.83051842769989
"BIRC2;PIK3CA",-0.539834595570837,0.83051842769989
"BIRC2;IGF1R",-0.334966095992142,0.83051842769989
"BIRC2;TAZ",-0.0555790740733565,0.83051842769989
"BIRC2;WRN",-0.333599608837653,0.83051842769989
"AKT2;BIRC2",-0.52571425153403,0.83051842769989
"BIRC2;SRC",-0.174828540320862,0.83051842769989
"BIRC2;DNMT3B",-0.422900508953023,0.83051842769989
"APC;BIRC2",-0.194447413499559,0.83051842769989
"BIRC2;ERBB2",-0.0508185812703026,0.83051842769989
"BIRC2;YAP1",-0.24228557807132,0.83051842769989
"BIRC2;PTPN11",-0.149107711163313,0.83051842769989
"BIRC2;CHEK1",-1.75812129693612,0.996820526247479
"BIRC2;JAK1",-0.619657889432586,0.83051842769989
"AKT1;PIM2",-0.318281958714963,0.83051842769989
"BRD4;PIM2",-0.0195147906202718,0.83051842769989
"MYC;PIM2",-1.59852544590609,0.996820526247479
"MAP2K1;PIM2",-0.191567558530288,0.83051842769989
"MAPK1;PIM2",-0.194543434373506,0.83051842769989
"PIM2;WEE1",-0.932498061403169,0.884659396110873
"ARID1A;PIM2",-0.449205530190375,0.83051842769989
"PIM2;PRMT1",-1.37126143357452,0.996820526247479
"PARP1;PIM2",-1.0922782512496,0.922624235938895
"PIM2;PORCN",-0.313096020872513,0.83051842769989
"MDM2;PIM2",-0.589170847989276,0.83051842769989
"EGFR;PIM2",-0.480371535733559,0.83051842769989
"PIM2;SMAD4",-0.339774127590477,0.83051842769989
"DNMT1;PIM2",-0.516590677805671,0.83051842769989
"PIM2;RAF1",-0.102839475853208,0.83051842769989
"CDK6;PIM2",-0.80780105062319,0.858087473581107
"ATR;PIM2",-0.931985292700768,0.88452000271706
"MCL1;PIM2",-0.128700784538439,0.83051842769989
"BCL2;PIM2",-0.588356455001347,0.83051842769989
"PIM2;PRMT5",-0.807363182752565,0.858087473581107
"ATM;PIM2",-0.367420961846371,0.83051842769989
"BCL2L1;PIM2",-0.310324770947965,0.83051842769989
"KRAS;PIM2",-0.440274603183062,0.83051842769989
"CDK4;PIM2",-0.125027071095524,0.83051842769989
"CTNNB1;PIM2",-0.91770880346035,0.880434124769102
"BRAF;PIM2",-0.179215609546757,0.83051842769989
"MAP2K2;PIM2",-0.0872845254091728,0.83051842769989
"PIK3CA;PIM2",-0.506210289494301,0.83051842769989
"IGF1R;PIM2",-0.2904786951403,0.83051842769989
"PIM2;TAZ",-0.166263317703234,0.83051842769989
"PIM2;WRN",-0.329361476485328,0.83051842769989
"AKT2;PIM2",-0.574363404260276,0.83051842769989
"PIM2;SRC",-0.164671909227861,0.83051842769989
"DNMT3B;PIM2",-0.3889424155986,0.83051842769989
"APC;PIM2",-0.249614075654017,0.83051842769989
"ERBB2;PIM2",-0.131582951315492,0.83051842769989
"PIM2;YAP1",-0.318177558559903,0.83051842769989
"PIM2;PTPN11",-0.0583707724289816,0.83051842769989
"CHEK1;PIM2",-1.54850952679477,0.996820526247479
"JAK1;PIM2",-0.583123902524937,0.83051842769989
"AKT1;BNIP3",-0.347489029952857,0.83051842769989
"BNIP3;BRD4",-0.269936552573713,0.83051842769989
"BNIP3;MYC",-1.57430537951635,0.996820526247479
"BNIP3;MAP2K1",-0.197293871131009,0.83051842769989
"BNIP3;MAPK1",-0.303001075974589,0.83051842769989
"BNIP3;WEE1",-0.717383697238383,0.843956568255552
"ARID1A;BNIP3",-0.420860958047755,0.83051842769989
"BNIP3;PRMT1",-1.32457434811618,0.99201423765567
"BNIP3;PARP1",-1.08757200974525,0.922001026393481
"BNIP3;PORCN",-0.345159080401127,0.83051842769989
"BNIP3;MDM2",-0.544000956166378,0.83051842769989
"BNIP3;EGFR",-0.513949478673896,0.83051842769989
"BNIP3;SMAD4",-0.355910251877327,0.83051842769989
"BNIP3;DNMT1",-0.438235795469746,0.83051842769989
"BNIP3;RAF1",-0.32826734242963,0.83051842769989
"BNIP3;CDK6",-0.813784392918996,0.858150763100959
"ATR;BNIP3",-1.10754984643811,0.923895399117375
"BNIP3;MCL1",-0.261950572576331,0.83051842769989
"BCL2;BNIP3",-0.627868961346831,0.83051842769989
"BNIP3;PRMT5",-0.734830117653908,0.847365413056095
"ATM;BNIP3",-0.336761654307925,0.83051842769989
"BCL2L1;BNIP3",-0.274928801552445,0.83051842769989
"BNIP3;KRAS",-0.404906551563769,0.83051842769989
"BNIP3;CDK4",-0.289667899633083,0.83051842769989
"BNIP3;CTNNB1",-0.944252505187091,0.887842631185408
"BNIP3;BRAF",-0.319654093280859,0.83051842769989
"BNIP3;MAP2K2",-0.308979175237887,0.83051842769989
"BNIP3;PIK3CA",-0.46657947447715,0.83051842769989
"BNIP3;IGF1R",-0.299991623899068,0.83051842769989
"BNIP3;TAZ",-0.312235432493877,0.83051842769989
"BNIP3;WRN",-0.351743359795068,0.83051842769989
"AKT2;BNIP3",-0.523554339152927,0.83051842769989
"BNIP3;SRC",-0.31846756832342,0.83051842769989
"BNIP3;DNMT3B",-0.437879226695512,0.83051842769989
"APC;BNIP3",-0.30217695627114,0.83051842769989
"BNIP3;ERBB2",-0.324115452185364,0.83051842769989
"BNIP3;YAP1",-0.326885939282138,0.83051842769989
"BNIP3;PTPN11",-0.256810285613079,0.83051842769989
"BNIP3;CHEK1",-1.70102697513856,0.996820526247479
"BNIP3;JAK1",-0.619279980694429,0.83051842769989
"AKT1;RIPK4",-0.334595973250605,0.83051842769989
"BRD4;RIPK4",-0.261447181586439,0.83051842769989
"MYC;RIPK4",-1.62606987015888,0.996820526247479
"MAP2K1;RIPK4",-0.221906872135389,0.83051842769989
"MAPK1;RIPK4",-0.21934994851545,0.83051842769989
"RIPK4;WEE1",-0.908803963303848,0.877701927968793
"ARID1A;RIPK4",-0.430461393209215,0.83051842769989
"PRMT1;RIPK4",-1.31040028298221,0.989416986682973
"PARP1;RIPK4",-1.10533050256443,0.923850009252945
"PORCN;RIPK4",-0.339187928315811,0.83051842769989
"MDM2;RIPK4",-0.58663980036231,0.83051842769989
"EGFR;RIPK4",-0.510992889467391,0.83051842769989
"RIPK4;SMAD4",-0.356938624368379,0.83051842769989
"DNMT1;RIPK4",-0.566407984954662,0.83051842769989
"RAF1;RIPK4",-0.0820150915818222,0.83051842769989
"CDK6;RIPK4",-0.722443341305117,0.844618473776555
"ATR;RIPK4",-1.11912887387793,0.924916103508183
"MCL1;RIPK4",-0.26088842097494,0.83051842769989
"BCL2;RIPK4",-0.580150357615989,0.83051842769989
"PRMT5;RIPK4",-0.818502401942866,0.85826452060764
"ATM;RIPK4",-0.331579142756177,0.83051842769989
"BCL2L1;RIPK4",-0.318561886800201,0.83051842769989
"KRAS;RIPK4",-0.447582055854327,0.83051842769989
"CDK4;RIPK4",-0.224300250433243,0.83051842769989
"CTNNB1;RIPK4",-1.02732170430348,0.911081572852605
"BRAF;RIPK4",-0.186655012362534,0.83051842769989
"MAP2K2;RIPK4",-0.214296816379864,0.83051842769989
"PIK3CA;RIPK4",-0.519164399195451,0.83051842769989
"IGF1R;RIPK4",-0.334399289825413,0.83051842769989
"RIPK4;TAZ",-0.228610586187762,0.83051842769989
"RIPK4;WRN",-0.252777763329223,0.83051842769989
"AKT2;RIPK4",-0.553100579025871,0.83051842769989
"RIPK4;SRC",-0.253391476236004,0.83051842769989
"DNMT3B;RIPK4",-0.442013863591962,0.83051842769989
"APC;RIPK4",-0.258892521548288,0.83051842769989
"ERBB2;RIPK4",-0.220679941000551,0.83051842769989
"RIPK4;YAP1",-0.291455416395405,0.83051842769989
"PTPN11;RIPK4",-0.172459866037078,0.83051842769989
"CHEK1;RIPK4",-1.74188595986743,0.996820526247479
"JAK1;RIPK4",-0.590146536595822,0.83051842769989
"AKT1;STK11",-0.335287514165734,0.83051842769989
"BRD4;STK11",-0.153332556010167,0.83051842769989
"MYC;STK11",-1.6254805657876,0.996820526247479
"MAP2K1;STK11",-0.179370592954167,0.83051842769989
"MAPK1;STK11",-0.255430553487696,0.83051842769989
"STK11;WEE1",-0.725849060415741,0.845503814887349
"ARID1A;STK11",-0.449334621647664,0.83051842769989
"PRMT1;STK11",-1.39090785679074,0.996820526247479
"PARP1;STK11",-1.05285743907194,0.915355621773834
"PORCN;STK11",-0.346746648890449,0.83051842769989
"MDM2;STK11",-0.513484714864889,0.83051842769989
"EGFR;STK11",-0.510631215309457,0.83051842769989
"SMAD4;STK11",-0.35852664746694,0.83051842769989
"DNMT1;STK11",-0.383624044679798,0.83051842769989
"RAF1;STK11",-0.292884363019443,0.83051842769989
"CDK6;STK11",-0.786397376661796,0.855633034625726
"ATR;STK11",-0.81476038881688,0.858150763100959
"MCL1;STK11",-0.0912981089812361,0.83051842769989
"BCL2;STK11",-0.626456120339966,0.83051842769989
"PRMT5;STK11",-0.659529493430434,0.83051842769989
"ATM;STK11",-0.336775018121683,0.83051842769989
"BCL2L1;STK11",-0.346178562574176,0.83051842769989
"KRAS;STK11",-0.395660681637816,0.83051842769989
"CDK4;STK11",-0.231748763562639,0.83051842769989
"CTNNB1;STK11",-0.92599580278091,0.882968608689344
"BRAF;STK11",-0.225622690586791,0.83051842769989
"MAP2K2;STK11",-0.249578539909516,0.83051842769989
"PIK3CA;STK11",-0.567040782323366,0.83051842769989
"IGF1R;STK11",-0.332021318069696,0.83051842769989
"STK11;TAZ",-0.170239457890692,0.83051842769989
"STK11;WRN",-0.266686711144904,0.83051842769989
"AKT2;STK11",-0.44688759180052,0.83051842769989
"SRC;STK11",-0.204563536196292,0.83051842769989
"DNMT3B;STK11",-0.496450739582342,0.83051842769989
"APC;STK11",-0.257316309663633,0.83051842769989
"ERBB2;STK11",-0.260667529199392,0.83051842769989
"STK11;YAP1",-0.310825933558692,0.83051842769989
"PTPN11;STK11",-0.181170696457589,0.83051842769989
"CHEK1;STK11",-1.77937556522556,0.996820526247479
"JAK1;STK11",-0.603774549309129,0.83051842769989
"AKT1;PAK4",-0.374722640004131,0.83051842769989
"BRD4;PAK4",-0.247299786893926,0.83051842769989
"MYC;PAK4",-1.59953388902252,0.996820526247479
"MAP2K1;PAK4",-0.150795620593186,0.83051842769989
"MAPK1;PAK4",-0.276608787859673,0.83051842769989
"PAK4;WEE1",-0.612208932435944,0.83051842769989
"ARID1A;PAK4",-0.454405392335006,0.83051842769989
"PAK4;PRMT1",-1.31896298481899,0.990803269857148
"PAK4;PARP1",-1.09755627614703,0.92317363085918
"PAK4;PORCN",-0.189917392365606,0.83051842769989
"MDM2;PAK4",-0.574563511552859,0.83051842769989
"EGFR;PAK4",-0.473256958379945,0.83051842769989
"PAK4;SMAD4",-0.24459868172363,0.83051842769989
"DNMT1;PAK4",-0.592132004041397,0.83051842769989
"PAK4;RAF1",-0.218433467396541,0.83051842769989
"CDK6;PAK4",-0.800475515050329,0.857292527748453
"ATR;PAK4",-1.06468328362801,0.918240474739579
"MCL1;PAK4",-0.0160739344625179,0.83051842769989
"BCL2;PAK4",-0.633487098298562,0.83051842769989
"PAK4;PRMT5",-0.784503405545293,0.855443174457673
"ATM;PAK4",-0.395571499633451,0.83051842769989
"BCL2L1;PAK4",-0.327798914087268,0.83051842769989
"KRAS;PAK4",-0.4176311249408,0.83051842769989
"CDK4;PAK4",-0.28028212756213,0.83051842769989
"CTNNB1;PAK4",-1.01148871750776,0.907274662241743
"BRAF;PAK4",-0.268238461496287,0.83051842769989
"MAP2K2;PAK4",-0.263544229753469,0.83051842769989
"PAK4;PIK3CA",-0.486036784136715,0.83051842769989
"IGF1R;PAK4",-0.338335603592754,0.83051842769989
"PAK4;TAZ",-0.164615359020118,0.83051842769989
"PAK4;WRN",-0.25541884724162,0.83051842769989
"AKT2;PAK4",-0.57450669987876,0.83051842769989
"PAK4;SRC",-0.25310272352585,0.83051842769989
"DNMT3B;PAK4",-0.528355580848907,0.83051842769989
"APC;PAK4",-0.123721450553724,0.83051842769989
"ERBB2;PAK4",-0.261779295970467,0.83051842769989
"PAK4;YAP1",-0.319043743535689,0.83051842769989
"PAK4;PTPN11",-0.246924541242354,0.83051842769989
"CHEK1;PAK4",-1.66432143215218,0.996820526247479
"JAK1;PAK4",-0.601437817186221,0.83051842769989
"AKT1;HIRA",-0.366697199923589,0.83051842769989
"BRD4;HIRA",-0.304817015016571,0.83051842769989
"HIRA;MYC",-1.32406659980805,0.991956958756218
"HIRA;MAP2K1",-0.153365264107598,0.83051842769989
"HIRA;MAPK1",-0.288493681475772,0.83051842769989
"HIRA;WEE1",-0.628609618689426,0.83051842769989
"ARID1A;HIRA",-0.478069756653924,0.83051842769989
"HIRA;PRMT1",-1.30937466832138,0.98937615153971
"HIRA;PARP1",-1.09482878365839,0.92312459080602
"HIRA;PORCN",-0.255239142184796,0.83051842769989
"HIRA;MDM2",-0.536143241121191,0.83051842769989
"EGFR;HIRA",-0.469070391638838,0.83051842769989
"HIRA;SMAD4",-0.320992330157517,0.83051842769989
"DNMT1;HIRA",-0.555644834134581,0.83051842769989
"HIRA;RAF1",-0.291333260408355,0.83051842769989
"CDK6;HIRA",-0.669535157713949,0.831056774835896
"ATR;HIRA",-1.09730290428846,0.92317363085918
"HIRA;MCL1",-0.269919970298619,0.83051842769989
"BCL2;HIRA",-0.623655480243507,0.83051842769989
"HIRA;PRMT5",-0.830566885948818,0.858667905495995
"ATM;HIRA",-0.35828726877492,0.83051842769989
"BCL2L1;HIRA",-0.280325175673038,0.83051842769989
"HIRA;KRAS",-0.338814082288779,0.83051842769989
"CDK4;HIRA",-0.234738292559132,0.83051842769989
"CTNNB1;HIRA",-0.893334792039845,0.873297404520875
"BRAF;HIRA",-0.272417278904852,0.83051842769989
"HIRA;MAP2K2",-0.322586352001701,0.83051842769989
"HIRA;PIK3CA",-0.463619415868317,0.83051842769989
"HIRA;IGF1R",-0.244463204311577,0.83051842769989
"HIRA;TAZ",-0.284904717424869,0.83051842769989
"HIRA;WRN",-0.202793220057503,0.83051842769989
"AKT2;HIRA",-0.568129723809972,0.83051842769989
"HIRA;SRC",-0.143279384757302,0.83051842769989
"DNMT3B;HIRA",-0.505350730092715,0.83051842769989
"APC;HIRA",-0.259352712567399,0.83051842769989
"ERBB2;HIRA",-0.234605013672172,0.83051842769989
"HIRA;YAP1",-0.285210640305726,0.83051842769989
"HIRA;PTPN11",-0.277780259502393,0.83051842769989
"CHEK1;HIRA",-1.50347634940338,0.996820526247479
"HIRA;JAK1",-0.498308751502692,0.83051842769989
"AKT1;METAP1",-0.353333431357252,0.83051842769989
"BRD4;METAP1",-0.319968575928077,0.83051842769989
"METAP1;MYC",-1.61527950484909,0.996820526247479
"MAP2K1;METAP1",-0.290037122662268,0.83051842769989
"MAPK1;METAP1",-0.205490894390441,0.83051842769989
"METAP1;WEE1",-0.812477643104376,0.858150763100959
"ARID1A;METAP1",-0.480591758162377,0.83051842769989
"METAP1;PRMT1",-1.27564192801627,0.981763931047701
"METAP1;PARP1",-0.9936135332377,0.902835267238011
"METAP1;PORCN",-0.204295338546421,0.83051842769989
"MDM2;METAP1",-0.593348021302621,0.83051842769989
"EGFR;METAP1",-0.520720532221478,0.83051842769989
"METAP1;SMAD4",-0.361095083787039,0.83051842769989
"DNMT1;METAP1",-0.555362624203949,0.83051842769989
"METAP1;RAF1",-0.326944080435737,0.83051842769989
"CDK6;METAP1",-0.680295512702225,0.834226888167053
"ATR;METAP1",-1.05152794208737,0.915034883571603
"MCL1;METAP1",-0.370468677675222,0.83051842769989
"BCL2;METAP1",-0.661744989985554,0.83051842769989
"METAP1;PRMT5",-0.58478214822584,0.83051842769989
"ATM;METAP1",-0.373270313538647,0.83051842769989
"BCL2L1;METAP1",-0.262674771276285,0.83051842769989
"KRAS;METAP1",-0.410243310572252,0.83051842769989
"CDK4;METAP1",-0.234166494022923,0.83051842769989
"CTNNB1;METAP1",-1.03144007912125,0.912003434534572
"BRAF;METAP1",-0.301072494518668,0.83051842769989
"MAP2K2;METAP1",-0.252995946560705,0.83051842769989
"METAP1;PIK3CA",-0.542968682511329,0.83051842769989
"IGF1R;METAP1",-0.295232045374887,0.83051842769989
"METAP1;TAZ",-0.325553511181447,0.83051842769989
"METAP1;WRN",-0.273198627899879,0.83051842769989
"AKT2;METAP1",-0.519863351735231,0.83051842769989
"METAP1;SRC",-0.356627015773218,0.83051842769989
"DNMT3B;METAP1",-0.402261521105124,0.83051842769989
"APC;METAP1",-0.353463402752442,0.83051842769989
"ERBB2;METAP1",-0.327171120770926,0.83051842769989
"METAP1;YAP1",-0.35299168702582,0.83051842769989
"METAP1;PTPN11",-0.338225244323242,0.83051842769989
"CHEK1;METAP1",-1.64681552225586,0.996820526247479
"JAK1;METAP1",-0.591368213600094,0.83051842769989
"AKT1;HK2",-0.340361005549322,0.83051842769989
"BRD4;HK2",-0.263094296490037,0.83051842769989
"HK2;MYC",-1.56158614277322,0.996820526247479
"HK2;MAP2K1",-0.163225102953684,0.83051842769989
"HK2;MAPK1",-0.246312297068851,0.83051842769989
"HK2;WEE1",-0.926310132468179,0.882992010196438
"ARID1A;HK2",-0.451244407457939,0.83051842769989
"HK2;PRMT1",-1.32289955423759,0.991679678782749
"HK2;PARP1",-1.06173661429928,0.917700728407084
"HK2;PORCN",-0.31356976387028,0.83051842769989
"HK2;MDM2",-0.578163289737421,0.83051842769989
"EGFR;HK2",-0.462613481255461,0.83051842769989
"HK2;SMAD4",-0.331078956575802,0.83051842769989
"DNMT1;HK2",-0.594843731319904,0.83051842769989
"HK2;RAF1",-0.30206692993988,0.83051842769989
"CDK6;HK2",-0.812252228727215,0.858150763100959
"ATR;HK2",-1.12222189115306,0.924916103508183
"HK2;MCL1",-0.237882987428543,0.83051842769989
"BCL2;HK2",-0.626487636920111,0.83051842769989
"HK2;PRMT5",-0.784449917426096,0.855443174457673
"ATM;HK2",-0.390968019287848,0.83051842769989
"BCL2L1;HK2",-0.309893069580373,0.83051842769989
"HK2;KRAS",-0.440153799043595,0.83051842769989
"CDK4;HK2",-0.188627612100097,0.83051842769989
"CTNNB1;HK2",-0.944536355101314,0.887867768485882
"BRAF;HK2",-0.214756235698088,0.83051842769989
"HK2;MAP2K2",-0.14726394608878,0.83051842769989
"HK2;PIK3CA",-0.518377455245063,0.83051842769989
"HK2;IGF1R",-0.361870742173136,0.83051842769989
"HK2;TAZ",-0.164784293876972,0.83051842769989
"HK2;WRN",-0.299457399157951,0.83051842769989
"AKT2;HK2",-0.494676126663937,0.83051842769989
"HK2;SRC",-0.229056076867679,0.83051842769989
"DNMT3B;HK2",-0.546026141816855,0.83051842769989
"APC;HK2",-0.248673491308027,0.83051842769989
"ERBB2;HK2",-0.224263325063252,0.83051842769989
"HK2;YAP1",-0.156991828721297,0.83051842769989
"HK2;PTPN11",-0.187563330530299,0.83051842769989
"CHEK1;HK2",-1.77574114640653,0.996820526247479
"HK2;JAK1",-0.506261227612156,0.83051842769989
"AKT1;DYRK2",-0.207239820504016,0.83051842769989
"BRD4;DYRK2",-0.260530947289286,0.83051842769989
"DYRK2;MYC",-1.56659545224555,0.996820526247479
"DYRK2;MAP2K1",-0.209896042967243,0.83051842769989
"DYRK2;MAPK1",-0.237284767536147,0.83051842769989
"DYRK2;WEE1",-0.798944787546461,0.857292527748453
"ARID1A;DYRK2",-0.43437943393873,0.83051842769989
"DYRK2;PRMT1",-1.37426025792443,0.996820526247479
"DYRK2;PARP1",-1.08783890463379,0.922001026393481
"DYRK2;PORCN",-0.32969441706336,0.83051842769989
"DYRK2;MDM2",-0.5627664211325,0.83051842769989
"DYRK2;EGFR",-0.406735027054415,0.83051842769989
"DYRK2;SMAD4",-0.343298547527071,0.83051842769989
"DNMT1;DYRK2",-0.534921917457502,0.83051842769989
"DYRK2;RAF1",-0.241486134163621,0.83051842769989
"CDK6;DYRK2",-0.808840812343903,0.858150763100959
"ATR;DYRK2",-1.07579007581747,0.920476754109352
"DYRK2;MCL1",-0.210559430850634,0.83051842769989
"BCL2;DYRK2",-0.573822057348801,0.83051842769989
"DYRK2;PRMT5",-0.75868540408274,0.852970058083968
"ATM;DYRK2",-0.388979806782711,0.83051842769989
"BCL2L1;DYRK2",-0.173545465585802,0.83051842769989
"DYRK2;KRAS",-0.408014465085701,0.83051842769989
"CDK4;DYRK2",-0.117026877040071,0.83051842769989
"CTNNB1;DYRK2",-0.999573934501037,0.904161342077704
"BRAF;DYRK2",-0.143667859700936,0.83051842769989
"DYRK2;MAP2K2",-0.10773002591191,0.83051842769989
"DYRK2;PIK3CA",-0.329774031305185,0.83051842769989
"DYRK2;IGF1R",-0.355592357843973,0.83051842769989
"DYRK2;TAZ",-0.180792118238958,0.83051842769989
"DYRK2;WRN",-0.345666752107828,0.83051842769989
"AKT2;DYRK2",-0.539652235046952,0.83051842769989
"DYRK2;SRC",-0.141032801174526,0.83051842769989
"DNMT3B;DYRK2",-0.520428528754275,0.83051842769989
"APC;DYRK2",-0.233937826796845,0.83051842769989
"DYRK2;ERBB2",-0.206350923683754,0.83051842769989
"DYRK2;YAP1",-0.32326373327061,0.83051842769989
"DYRK2;PTPN11",-0.195387959012455,0.83051842769989
"CHEK1;DYRK2",-1.63230445301983,0.996820526247479
"DYRK2;JAK1",-0.594608868538891,0.83051842769989
"AKT1;ULK2",-0.451214644660692,0.83051842769989
"BRD4;ULK2",-0.435732775067744,0.83051842769989
"MYC;ULK2",-1.6466283729971,0.996820526247479
"MAP2K1;ULK2",-0.500309578512622,0.83051842769989
"MAPK1;ULK2",-0.494227890290044,0.83051842769989
"ULK2;WEE1",-0.89670940550385,0.874279541294708
"ARID1A;ULK2",-0.491726617559214,0.83051842769989
"PRMT1;ULK2",-1.23827256340152,0.971066210983354
"PARP1;ULK2",-0.99909768934474,0.904002906210257
"PORCN;ULK2",-0.43949179648955,0.83051842769989
"MDM2;ULK2",-0.545477785358997,0.83051842769989
"EGFR;ULK2",-0.406825264532166,0.83051842769989
"SMAD4;ULK2",-0.503364763997545,0.83051842769989
"DNMT1;ULK2",-0.543244438088881,0.83051842769989
"RAF1;ULK2",-0.426882042904461,0.83051842769989
"CDK6;ULK2",-0.725985752619003,0.845523484165113
"ATR;ULK2",-0.95846726806074,0.891394030728938
"MCL1;ULK2",-0.488904125936419,0.83051842769989
"BCL2;ULK2",-0.615045674984698,0.83051842769989
"PRMT5;ULK2",-0.812704624898261,0.858150763100959
"ATM;ULK2",-0.468015197558713,0.83051842769989
"BCL2L1;ULK2",-0.451043477178506,0.83051842769989
"KRAS;ULK2",-0.490776726022198,0.83051842769989
"CDK4;ULK2",-0.473121064044402,0.83051842769989
"CTNNB1;ULK2",-1.03307995105574,0.912514193673065
"BRAF;ULK2",-0.453966660656603,0.83051842769989
"MAP2K2;ULK2",-0.390441010551953,0.83051842769989
"PIK3CA;ULK2",-0.460817123525483,0.83051842769989
"IGF1R;ULK2",-0.502312448407083,0.83051842769989
"TAZ;ULK2",-0.467734283197299,0.83051842769989
"ULK2;WRN",-0.371484622241755,0.83051842769989
"AKT2;ULK2",-0.571713242647967,0.83051842769989
"SRC;ULK2",-0.353575837625751,0.83051842769989
"DNMT3B;ULK2",-0.542030724221471,0.83051842769989
"APC;ULK2",-0.453654119955832,0.83051842769989
"ERBB2;ULK2",-0.504160840208088,0.83051842769989
"ULK2;YAP1",-0.499359785286355,0.83051842769989
"PTPN11;ULK2",-0.500267997618171,0.83051842769989
"CHEK1;ULK2",-1.63814731060773,0.996820526247479
"JAK1;ULK2",-0.580931886961526,0.83051842769989
"AKT1;PRKD1",-0.373705696524061,0.83051842769989
"BRD4;PRKD1",-0.246967474163228,0.83051842769989
"MYC;PRKD1",-1.5137330935718,0.996820526247479
"MAP2K1;PRKD1",-0.132225610468704,0.83051842769989
"MAPK1;PRKD1",-0.229102453202649,0.83051842769989
"PRKD1;WEE1",-0.854135361729287,0.863514356708219
"ARID1A;PRKD1",-0.451576803159402,0.83051842769989
"PRKD1;PRMT1",-1.34981680003591,0.995927289447518
"PARP1;PRKD1",-1.11654612513571,0.924896231395191
"PORCN;PRKD1",-0.352044608951327,0.83051842769989
"MDM2;PRKD1",-0.555416063336428,0.83051842769989
"EGFR;PRKD1",-0.476354571466497,0.83051842769989
"PRKD1;SMAD4",-0.306087679957498,0.83051842769989
"DNMT1;PRKD1",-0.579466475631151,0.83051842769989
"PRKD1;RAF1",-0.160039387414873,0.83051842769989
"CDK6;PRKD1",-0.76198223355124,0.853329897622711
"ATR;PRKD1",-0.871151532288261,0.865923620548883
"MCL1;PRKD1",-0.170588714424633,0.83051842769989
"BCL2;PRKD1",-0.664024780746879,0.83051842769989
"PRKD1;PRMT5",-0.827551955266726,0.858367750999105
"ATM;PRKD1",-0.387132180713959,0.83051842769989
"BCL2L1;PRKD1",-0.298451859539623,0.83051842769989
"KRAS;PRKD1",-0.43825697011253,0.83051842769989
"CDK4;PRKD1",-0.20636571321708,0.83051842769989
"CTNNB1;PRKD1",-1.04607884790461,0.913937683631205
"BRAF;PRKD1",-0.217166344635149,0.83051842769989
"MAP2K2;PRKD1",-0.0564931306178565,0.83051842769989
"PIK3CA;PRKD1",-0.542686288042475,0.83051842769989
"IGF1R;PRKD1",-0.34495251072565,0.83051842769989
"PRKD1;TAZ",-0.195836721541762,0.83051842769989
"PRKD1;WRN",-0.32471393789543,0.83051842769989
"AKT2;PRKD1",-0.563249138180593,0.83051842769989
"PRKD1;SRC",-0.253456293681987,0.83051842769989
"DNMT3B;PRKD1",-0.410160163085346,0.83051842769989
"APC;PRKD1",-0.233189521487196,0.83051842769989
"ERBB2;PRKD1",-0.287348305739845,0.83051842769989
"PRKD1;YAP1",-0.246669916467846,0.83051842769989
"PRKD1;PTPN11",-0.136044168674571,0.83051842769989
"CHEK1;PRKD1",-1.69954232328983,0.996820526247479
"JAK1;PRKD1",-0.601688505089709,0.83051842769989
"AKT1;IL18",-0.455928678210305,0.83051842769989
"BRD4;IL18",-0.454920815067143,0.83051842769989
"IL18;MYC",-1.59558299643466,0.996820526247479
"IL18;MAP2K1",-0.452749035261547,0.83051842769989
"IL18;MAPK1",-0.456371312499341,0.83051842769989
"IL18;WEE1",-0.679649364463834,0.83421543739534
"ARID1A;IL18",-0.463611708556551,0.83051842769989
"IL18;PRMT1",-1.20628896175526,0.959858080816087
"IL18;PARP1",-1.04735601004591,0.913965240315988
"IL18;PORCN",-0.400013990833648,0.83051842769989
"IL18;MDM2",-0.53838580019116,0.83051842769989
"EGFR;IL18",-0.508056056011704,0.83051842769989
"IL18;SMAD4",-0.387360304236108,0.83051842769989
"DNMT1;IL18",-0.626347770049599,0.83051842769989
"IL18;RAF1",-0.463495289221536,0.83051842769989
"CDK6;IL18",-0.747569569597096,0.850506615113902
"ATR;IL18",-1.04865922112343,0.914278010288487
"IL18;MCL1",-0.376553507531316,0.83051842769989
"BCL2;IL18",-0.634257185123145,0.83051842769989
"IL18;PRMT5",-0.859692798362598,0.864479149973615
"ATM;IL18",-0.455055580623365,0.83051842769989
"BCL2L1;IL18",-0.46234192950305,0.83051842769989
"IL18;KRAS",-0.418991575046339,0.83051842769989
"CDK4;IL18",-0.419220755518518,0.83051842769989
"CTNNB1;IL18",-0.892421380447336,0.873019629195943
"BRAF;IL18",-0.451220239666211,0.83051842769989
"IL18;MAP2K2",-0.321929980833326,0.83051842769989
"IL18;PIK3CA",-0.438361171041658,0.83051842769989
"IGF1R;IL18",-0.437312659971185,0.83051842769989
"IL18;TAZ",-0.432994200546786,0.83051842769989
"IL18;WRN",-0.27215553508416,0.83051842769989
"AKT2;IL18",-0.562239371914839,0.83051842769989
"IL18;SRC",-0.415977551253588,0.83051842769989
"DNMT3B;IL18",-0.536074244926186,0.83051842769989
"APC;IL18",-0.422285175617297,0.83051842769989
"ERBB2;IL18",-0.375365969866661,0.83051842769989
"IL18;YAP1",-0.375888400673515,0.83051842769989
"IL18;PTPN11",-0.451622239875041,0.83051842769989
"CHEK1;IL18",-1.59662605598276,0.996820526247479
"IL18;JAK1",-0.608508955789275,0.83051842769989
"AKT1;PCM1",-0.335999392282948,0.83051842769989
"BRD4;PCM1",-0.175309033110481,0.83051842769989
"MYC;PCM1",-1.48367432460307,0.996820526247479
"MAP2K1;PCM1",-0.0818201053560452,0.83051842769989
"MAPK1;PCM1",-0.189222611111523,0.83051842769989
"PCM1;WEE1",-0.689320231880906,0.836553028488806
"ARID1A;PCM1",-0.475624230403357,0.83051842769989
"PCM1;PRMT1",-1.33545009676418,0.994055461325382
"PARP1;PCM1",-1.12423612911107,0.924916103508183
"PCM1;PORCN",-0.264040364507755,0.83051842769989
"MDM2;PCM1",-0.519388389905408,0.83051842769989
"EGFR;PCM1",-0.494273282763731,0.83051842769989
"PCM1;SMAD4",-0.336645756127296,0.83051842769989
"DNMT1;PCM1",-0.590944567895539,0.83051842769989
"PCM1;RAF1",-0.299636094832922,0.83051842769989
"CDK6;PCM1",-0.814590930777904,0.858150763100959
"ATR;PCM1",-1.10522761170405,0.923850009252945
"MCL1;PCM1",-0.140857167183756,0.83051842769989
"BCL2;PCM1",-0.651125778292867,0.83051842769989
"PCM1;PRMT5",-0.769039693536247,0.854023306540195
"ATM;PCM1",-0.340488048214176,0.83051842769989
"BCL2L1;PCM1",-0.2530236412552,0.83051842769989
"KRAS;PCM1",-0.249610848420199,0.83051842769989
"CDK4;PCM1",-0.116129409780634,0.83051842769989
"CTNNB1;PCM1",-0.916199760872454,0.87991762526991
"BRAF;PCM1",-0.095459485763254,0.83051842769989
"MAP2K2;PCM1",-0.151814412238818,0.83051842769989
"PCM1;PIK3CA",-0.523378896044722,0.83051842769989
"IGF1R;PCM1",-0.258872075591568,0.83051842769989
"PCM1;TAZ",-0.176429037613053,0.83051842769989
"PCM1;WRN",-0.331347633083459,0.83051842769989
"AKT2;PCM1",-0.559825455021288,0.83051842769989
"PCM1;SRC",-0.142216736544418,0.83051842769989
"DNMT3B;PCM1",-0.539664851486181,0.83051842769989
"APC;PCM1",-0.209223159756149,0.83051842769989
"ERBB2;PCM1",-0.133755176563523,0.83051842769989
"PCM1;YAP1",-0.159415448179832,0.83051842769989
"PCM1;PTPN11",-0.146747879475631,0.83051842769989
"CHEK1;PCM1",-1.55223740276572,0.996820526247479
"JAK1;PCM1",-0.58251492725308,0.83051842769989
"AKT1;AKTIP",-0.267016386640266,0.83051842769989
"AKTIP;BRD4",-0.200938963531262,0.83051842769989
"AKTIP;MYC",-1.59306450854809,0.996820526247479
"AKTIP;MAP2K1",-0.134555710222726,0.83051842769989
"AKTIP;MAPK1",-0.247320363735524,0.83051842769989
"AKTIP;WEE1",-0.926928681985658,0.88324750421642
"AKTIP;ARID1A",-0.270526906335118,0.83051842769989
"AKTIP;PRMT1",-1.25786412127647,0.976533471823193
"AKTIP;PARP1",-0.997615504827049,0.90377224164756
"AKTIP;PORCN",-0.338129929355688,0.83051842769989
"AKTIP;MDM2",-0.577467789672896,0.83051842769989
"AKTIP;EGFR",-0.458067605253801,0.83051842769989
"AKTIP;SMAD4",-0.338063669877274,0.83051842769989
"AKTIP;DNMT1",-0.584899242148452,0.83051842769989
"AKTIP;RAF1",-0.221906534808306,0.83051842769989
"AKTIP;CDK6",-0.733121794902208,0.846914675614592
"AKTIP;ATR",-1.06046409609844,0.917486780840932
"AKTIP;MCL1",-0.182234992868288,0.83051842769989
"AKTIP;BCL2",-0.630360907349813,0.83051842769989
"AKTIP;PRMT5",-0.741771620778232,0.848926746149907
"AKTIP;ATM",-0.392555030974372,0.83051842769989
"AKTIP;BCL2L1",-0.201264649315882,0.83051842769989
"AKTIP;KRAS",-0.346647772385722,0.83051842769989
"AKTIP;CDK4",-0.138616856524667,0.83051842769989
"AKTIP;CTNNB1",-0.795543772216115,0.857223296658322
"AKTIP;BRAF",-0.143432287100514,0.83051842769989
"AKTIP;MAP2K2",-0.116213426543344,0.83051842769989
"AKTIP;PIK3CA",-0.544081033739171,0.83051842769989
"AKTIP;IGF1R",-0.265112187199418,0.83051842769989
"AKTIP;TAZ",-0.159892368221559,0.83051842769989
"AKTIP;WRN",-0.209362913383441,0.83051842769989
"AKT2;AKTIP",-0.577380449855622,0.83051842769989
"AKTIP;SRC",-0.17648326296868,0.83051842769989
"AKTIP;DNMT3B",-0.475576492372584,0.83051842769989
"AKTIP;APC",-0.203958930801638,0.83051842769989
"AKTIP;ERBB2",-0.131121313336918,0.83051842769989
"AKTIP;YAP1",-0.229133984302704,0.83051842769989
"AKTIP;PTPN11",-0.148502717614527,0.83051842769989
"AKTIP;CHEK1",-1.60973219187206,0.996820526247479
"AKTIP;JAK1",-0.577423280774094,0.83051842769989
"AKT1;RBM5",-0.369179115199218,0.83051842769989
"BRD4;RBM5",-0.222734270865291,0.83051842769989
"MYC;RBM5",-1.5052820905729,0.996820526247479
"MAP2K1;RBM5",-0.19263272224868,0.83051842769989
"MAPK1;RBM5",-0.203953711809239,0.83051842769989
"RBM5;WEE1",-0.780131715560267,0.855392982465961
"ARID1A;RBM5",-0.445837789385357,0.83051842769989
"PRMT1;RBM5",-1.37660466281443,0.996820526247479
"PARP1;RBM5",-1.06886697455484,0.91931536589972
"PORCN;RBM5",-0.322968004282685,0.83051842769989
"MDM2;RBM5",-0.565931442358709,0.83051842769989
"EGFR;RBM5",-0.504422761979838,0.83051842769989
"RBM5;SMAD4",-0.333755904457768,0.83051842769989
"DNMT1;RBM5",-0.439210669316502,0.83051842769989
"RAF1;RBM5",-0.270877256100996,0.83051842769989
"CDK6;RBM5",-0.735714162093612,0.847522057472701
"ATR;RBM5",-1.0525089584798,0.915217489443391
"MCL1;RBM5",-0.210556464958794,0.83051842769989
"BCL2;RBM5",-0.637749205390756,0.83051842769989
"PRMT5;RBM5",-0.686415963793437,0.835562019937211
"ATM;RBM5",-0.351731164289968,0.83051842769989
"BCL2L1;RBM5",-0.335773398741781,0.83051842769989
"KRAS;RBM5",-0.467306312663285,0.83051842769989
"CDK4;RBM5",-0.217923379831077,0.83051842769989
"CTNNB1;RBM5",-0.835363305755448,0.85982651347589
"BRAF;RBM5",-0.206753336545894,0.83051842769989
"MAP2K2;RBM5",-0.11397437525538,0.83051842769989
"PIK3CA;RBM5",-0.375178928613902,0.83051842769989
"IGF1R;RBM5",-0.288557405936765,0.83051842769989
"RBM5;TAZ",-0.255815297285939,0.83051842769989
"RBM5;WRN",-0.263362294282337,0.83051842769989
"AKT2;RBM5",-0.57445418183128,0.83051842769989
"RBM5;SRC",-0.245756050155642,0.83051842769989
"DNMT3B;RBM5",-0.539168173997079,0.83051842769989
"APC;RBM5",-0.226689023274717,0.83051842769989
"ERBB2;RBM5",-0.209259298670604,0.83051842769989
"RBM5;YAP1",-0.160812283161039,0.83051842769989
"PTPN11;RBM5",-0.246915103859898,0.83051842769989
"CHEK1;RBM5",-1.58428827236643,0.996820526247479
"JAK1;RBM5",-0.622169923121765,0.83051842769989
"AKT1;WNK2",-0.39857708419466,0.83051842769989
"BRD4;WNK2",-0.393589342780967,0.83051842769989
"MYC;WNK2",-1.53316040530855,0.996820526247479
"MAP2K1;WNK2",-0.416974543006191,0.83051842769989
"MAPK1;WNK2",-0.385680443772246,0.83051842769989
"WEE1;WNK2",-0.83252793692928,0.858667905495995
"ARID1A;WNK2",-0.441241658256601,0.83051842769989
"PRMT1;WNK2",-1.23943347818777,0.971206944528141
"PARP1;WNK2",-1.08523258634191,0.922001026393481
"PORCN;WNK2",-0.339953229744139,0.83051842769989
"MDM2;WNK2",-0.547317273274177,0.83051842769989
"EGFR;WNK2",-0.515930819652641,0.83051842769989
"SMAD4;WNK2",-0.384888258247803,0.83051842769989
"DNMT1;WNK2",-0.528985771210041,0.83051842769989
"RAF1;WNK2",-0.413004600877459,0.83051842769989
"CDK6;WNK2",-0.740881062488742,0.848886624982646
"ATR;WNK2",-0.83845859715393,0.860372130595238
"MCL1;WNK2",-0.379191127783877,0.83051842769989
"BCL2;WNK2",-0.621520510881702,0.83051842769989
"PRMT5;WNK2",-0.715545464372037,0.84332661755049
"ATM;WNK2",-0.406174045189685,0.83051842769989
"BCL2L1;WNK2",-0.405979173496871,0.83051842769989
"KRAS;WNK2",-0.399289533778759,0.83051842769989
"CDK4;WNK2",-0.347773694448171,0.83051842769989
"CTNNB1;WNK2",-1.03682785743395,0.913419946253691
"BRAF;WNK2",-0.408353854019556,0.83051842769989
"MAP2K2;WNK2",-0.40178200873759,0.83051842769989
"PIK3CA;WNK2",-0.508667282325598,0.83051842769989
"IGF1R;WNK2",-0.387626339386193,0.83051842769989
"TAZ;WNK2",-0.347924157009307,0.83051842769989
"WNK2;WRN",-0.40305802025231,0.83051842769989
"AKT2;WNK2",-0.524199446949333,0.83051842769989
"SRC;WNK2",-0.36228504596559,0.83051842769989
"DNMT3B;WNK2",-0.496569966173507,0.83051842769989
"APC;WNK2",-0.39949255163759,0.83051842769989
"ERBB2;WNK2",-0.386293908836856,0.83051842769989
"WNK2;YAP1",-0.321688001861473,0.83051842769989
"PTPN11;WNK2",-0.409277201736259,0.83051842769989
"CHEK1;WNK2",-1.54832162902141,0.996820526247479
"JAK1;WNK2",-0.538562978234995,0.83051842769989
"AKT1;UMPS",-0.344164229938343,0.83051842769989
"BRD4;UMPS",-0.250340125788905,0.83051842769989
"MYC;UMPS",-1.59128125314514,0.996820526247479
"MAP2K1;UMPS",-0.223806770925039,0.83051842769989
"MAPK1;UMPS",-0.215864316073381,0.83051842769989
"UMPS;WEE1",-0.690363924974112,0.836636455302898
"ARID1A;UMPS",-0.41415847780816,0.83051842769989
"PRMT1;UMPS",-1.33907421574365,0.994574054615779
"PARP1;UMPS",-1.11396468557812,0.924658623162454
"PORCN;UMPS",-0.338308462725262,0.83051842769989
"MDM2;UMPS",-0.580905026527573,0.83051842769989
"EGFR;UMPS",-0.436095971728555,0.83051842769989
"SMAD4;UMPS",-0.283265564464605,0.83051842769989
"DNMT1;UMPS",-0.527562269627707,0.83051842769989
"RAF1;UMPS",-0.221259440312938,0.83051842769989
"CDK6;UMPS",-0.828427282890354,0.85856328219166
"ATR;UMPS",-1.11115556500492,0.924121252169155
"MCL1;UMPS",-0.184639292795495,0.83051842769989
"BCL2;UMPS",-0.610791170903306,0.83051842769989
"PRMT5;UMPS",-0.857598078535893,0.864190203056916
"ATM;UMPS",-0.341426009877544,0.83051842769989
"BCL2L1;UMPS",-0.280499218761219,0.83051842769989
"KRAS;UMPS",-0.363943114342264,0.83051842769989
"CDK4;UMPS",-0.214024628139154,0.83051842769989
"CTNNB1;UMPS",-0.972845231956542,0.896337057005221
"BRAF;UMPS",-0.193054653732263,0.83051842769989
"MAP2K2;UMPS",-0.219082577416661,0.83051842769989
"PIK3CA;UMPS",-0.492523948381361,0.83051842769989
"IGF1R;UMPS",-0.324744144775483,0.83051842769989
"TAZ;UMPS",-0.188065498883272,0.83051842769989
"UMPS;WRN",-0.161686904637392,0.83051842769989
"AKT2;UMPS",-0.577023472519891,0.83051842769989
"SRC;UMPS",-0.192042026909596,0.83051842769989
"DNMT3B;UMPS",-0.435187538110146,0.83051842769989
"APC;UMPS",-0.228815194780572,0.83051842769989
"ERBB2;UMPS",-0.21966198737136,0.83051842769989
"UMPS;YAP1",-0.279410581002841,0.83051842769989
"PTPN11;UMPS",-0.184187197697204,0.83051842769989
"CHEK1;UMPS",-1.68935857370355,0.996820526247479
"JAK1;UMPS",-0.563304021983296,0.83051842769989
"AKT1;HYPK",-0.294220384277718,0.83051842769989
"BRD4;HYPK",-0.205108053515199,0.83051842769989
"HYPK;MYC",-1.58194077988361,0.996820526247479
"HYPK;MAP2K1",-0.0734837621695441,0.83051842769989
"HYPK;MAPK1",-0.179090797798134,0.83051842769989
"HYPK;WEE1",-0.900727964812575,0.875519581702139
"ARID1A;HYPK",-0.310857149573931,0.83051842769989
"HYPK;PRMT1",-1.31186067858807,0.989655909804524
"HYPK;PARP1",-1.08613373119392,0.922001026393481
"HYPK;PORCN",-0.334903897704692,0.83051842769989
"HYPK;MDM2",-0.530642708436254,0.83051842769989
"EGFR;HYPK",-0.384556901662419,0.83051842769989
"HYPK;SMAD4",-0.326680160322989,0.83051842769989
"DNMT1;HYPK",-0.613341607198744,0.83051842769989
"HYPK;RAF1",-0.292096934612187,0.83051842769989
"CDK6;HYPK",-0.649692802208974,0.83051842769989
"ATR;HYPK",-1.10392432979856,0.923709926133363
"HYPK;MCL1",-0.0665140778896804,0.83051842769989
"BCL2;HYPK",-0.605103022741647,0.83051842769989
"HYPK;PRMT5",-0.78686020904495,0.855680129036609
"ATM;HYPK",-0.302960263864835,0.83051842769989
"BCL2L1;HYPK",-0.220490954447157,0.83051842769989
"HYPK;KRAS",-0.423578512286952,0.83051842769989
"CDK4;HYPK",-0.13680328118146,0.83051842769989
"CTNNB1;HYPK",-1.01753929654284,0.909115853179409
"BRAF;HYPK",0.0346492630945799,0.83051842769989
"HYPK;MAP2K2",-0.0549209178992835,0.83051842769989
"HYPK;PIK3CA",-0.375253096205576,0.83051842769989
"HYPK;IGF1R",-0.35099754516229,0.83051842769989
"HYPK;TAZ",-0.159614530935748,0.83051842769989
"HYPK;WRN",-0.335841746017393,0.83051842769989
"AKT2;HYPK",-0.510819205493775,0.83051842769989
"HYPK;SRC",-0.0863698461587225,0.83051842769989
"DNMT3B;HYPK",-0.508839580648599,0.83051842769989
"APC;HYPK",-0.208112532770448,0.83051842769989
"ERBB2;HYPK",-0.0130891609565676,0.83051842769989
"HYPK;YAP1",-0.307321475151057,0.83051842769989
"HYPK;PTPN11",-0.173677626113793,0.83051842769989
"CHEK1;HYPK",-1.74089072485298,0.996820526247479
"HYPK;JAK1",-0.466735723808092,0.83051842769989
"AKT1;MDM4",-0.325978725874053,0.83051842769989
"BRD4;MDM4",-0.34018397858124,0.83051842769989
"MDM4;MYC",-1.58388822452393,0.996820526247479
"MAP2K1;MDM4",-0.35643093818205,0.83051842769989
"MAPK1;MDM4",-0.369793304431198,0.83051842769989
"MDM4;WEE1",-0.893804470553705,0.873483857539498
"ARID1A;MDM4",-0.352079532827586,0.83051842769989
"MDM4;PRMT1",-1.33850384764402,0.994535049699001
"MDM4;PARP1",-1.12042000605261,0.924916103508183
"MDM4;PORCN",-0.343763082602918,0.83051842769989
"MDM2;MDM4",-0.585979535069193,0.83051842769989
"EGFR;MDM4",-0.488487322860579,0.83051842769989
"MDM4;SMAD4",-0.370362571785777,0.83051842769989
"DNMT1;MDM4",-0.625603304269062,0.83051842769989
"MDM4;RAF1",-0.370474699283291,0.83051842769989
"CDK6;MDM4",-0.725096311976754,0.845296355906229
"ATR;MDM4",-0.841862615684036,0.860658710032528
"MCL1;MDM4",-0.318768911085012,0.83051842769989
"BCL2;MDM4",-0.663953899812583,0.83051842769989
"MDM4;PRMT5",-0.765981871987191,0.853545663641316
"ATM;MDM4",-0.377445267195665,0.83051842769989
"BCL2L1;MDM4",-0.209099562702512,0.83051842769989
"KRAS;MDM4",-0.365828736327668,0.83051842769989
"CDK4;MDM4",-0.335430774343405,0.83051842769989
"CTNNB1;MDM4",-1.01048551844937,0.907102445839647
"BRAF;MDM4",-0.355998154846412,0.83051842769989
"MAP2K2;MDM4",-0.36440882938394,0.83051842769989
"MDM4;PIK3CA",-0.561575747480645,0.83051842769989
"IGF1R;MDM4",-0.35699765551471,0.83051842769989
"MDM4;TAZ",-0.294897584909734,0.83051842769989
"MDM4;WRN",-0.38488634346634,0.83051842769989
"AKT2;MDM4",-0.506988144356956,0.83051842769989
"MDM4;SRC",-0.35216542972223,0.83051842769989
"DNMT3B;MDM4",-0.483530271860015,0.83051842769989
"APC;MDM4",-0.242154651276768,0.83051842769989
"ERBB2;MDM4",-0.381250396127661,0.83051842769989
"MDM4;YAP1",-0.292097933677785,0.83051842769989
"MDM4;PTPN11",-0.31224261818085,0.83051842769989
"CHEK1;MDM4",-1.7798990817739,0.996820526247479
"JAK1;MDM4",-0.591053537923145,0.83051842769989
"AKT1;MAPK15",-0.262280549953347,0.83051842769989
"BRD4;MAPK15",-0.166982081657733,0.83051842769989
"MAPK15;MYC",-1.64862627943289,0.996820526247479
"MAP2K1;MAPK15",-0.135265711259557,0.83051842769989
"MAPK1;MAPK15",-0.216914507277669,0.83051842769989
"MAPK15;WEE1",-0.799914814653495,0.857292527748453
"ARID1A;MAPK15",-0.460600970140792,0.83051842769989
"MAPK15;PRMT1",-1.38600318404465,0.996820526247479
"MAPK15;PARP1",-1.07133926774884,0.919859804089257
"MAPK15;PORCN",-0.290224226899505,0.83051842769989
"MAPK15;MDM2",-0.532576438664966,0.83051842769989
"EGFR;MAPK15",-0.493905416747045,0.83051842769989
"MAPK15;SMAD4",-0.338455038973606,0.83051842769989
"DNMT1;MAPK15",-0.595117482047371,0.83051842769989
"MAPK15;RAF1",-0.149741264573937,0.83051842769989
"CDK6;MAPK15",-0.735663992850229,0.847522057472701
"ATR;MAPK15",-1.07407097266647,0.920259793461289
"MAPK15;MCL1",-0.142149186849637,0.83051842769989
"BCL2;MAPK15",-0.662732144184314,0.83051842769989
"MAPK15;PRMT5",-0.776659093625081,0.855392982465961
"ATM;MAPK15",-0.374980933271108,0.83051842769989
"BCL2L1;MAPK15",-0.25992185018493,0.83051842769989
"KRAS;MAPK15",-0.38111865294092,0.83051842769989
"CDK4;MAPK15",-0.0694297090458647,0.83051842769989
"CTNNB1;MAPK15",-0.968834608067511,0.895318800070705
"BRAF;MAPK15",-0.105234034264339,0.83051842769989
"MAP2K2;MAPK15",-0.0570761438470683,0.83051842769989
"MAPK15;PIK3CA",-0.533875219577307,0.83051842769989
"IGF1R;MAPK15",-0.303732357750757,0.83051842769989
"MAPK15;TAZ",-0.03908739659797,0.83051842769989
"MAPK15;WRN",-0.248423512213594,0.83051842769989
"AKT2;MAPK15",-0.518483966125517,0.83051842769989
"MAPK15;SRC",-0.0343813770499631,0.83051842769989
"DNMT3B;MAPK15",-0.502551671337559,0.83051842769989
"APC;MAPK15",-0.134158503388711,0.83051842769989
"ERBB2;MAPK15",-0.0412312778760555,0.83051842769989
"MAPK15;YAP1",-0.299250718939062,0.83051842769989
"MAPK15;PTPN11",-0.159071513544694,0.83051842769989
"CHEK1;MAPK15",-1.77936219352961,0.996820526247479
"JAK1;MAPK15",-0.615161140764934,0.83051842769989
"AKT1;BLK",-0.54016718550125,0.83051842769989
"BLK;BRD4",-0.404603933656577,0.83051842769989
"BLK;MYC",-1.63185783416564,0.996820526247479
"BLK;MAP2K1",-0.519276537506106,0.83051842769989
"BLK;MAPK1",-0.508016974824879,0.83051842769989
"BLK;WEE1",-0.870432664456568,0.865676644116785
"ARID1A;BLK",-0.49263162708724,0.83051842769989
"BLK;PRMT1",-1.2478325646227,0.973883688500773
"BLK;PARP1",-1.0855105205291,0.922001026393481
"BLK;PORCN",-0.52055771333312,0.83051842769989
"BLK;MDM2",-0.578003692798113,0.83051842769989
"BLK;EGFR",-0.501470765981555,0.83051842769989
"BLK;SMAD4",-0.450395175481851,0.83051842769989
"BLK;DNMT1",-0.589731260155891,0.83051842769989
"BLK;RAF1",-0.470361195686032,0.83051842769989
"BLK;CDK6",-0.52535472540002,0.83051842769989
"ATR;BLK",-0.977162214438465,0.897639339694339
"BLK;MCL1",-0.423406997377388,0.83051842769989
"BCL2;BLK",-0.592327358466634,0.83051842769989
"BLK;PRMT5",-0.83102473101288,0.858667905495995
"ATM;BLK",-0.536500514581279,0.83051842769989
"BCL2L1;BLK",-0.530115907196812,0.83051842769989
"BLK;KRAS",-0.530784380861305,0.83051842769989
"BLK;CDK4",-0.528742511317026,0.83051842769989
"BLK;CTNNB1",-1.01963791993523,0.90935463268898
"BLK;BRAF",-0.535830977177665,0.83051842769989
"BLK;MAP2K2",-0.462501497164354,0.83051842769989
"BLK;PIK3CA",-0.532232011076174,0.83051842769989
"BLK;IGF1R",-0.476561230941063,0.83051842769989
"BLK;TAZ",-0.506234714960631,0.83051842769989
"BLK;WRN",-0.497419220453331,0.83051842769989
"AKT2;BLK",-0.50849636069768,0.83051842769989
"BLK;SRC",-0.475616650135154,0.83051842769989
"BLK;DNMT3B",-0.535387174778217,0.83051842769989
"APC;BLK",-0.475881002182352,0.83051842769989
"BLK;ERBB2",-0.528272728975126,0.83051842769989
"BLK;YAP1",-0.462277760403992,0.83051842769989
"BLK;PTPN11",-0.409160131657843,0.83051842769989
"BLK;CHEK1",-1.53906562141671,0.996820526247479
"BLK;JAK1",-0.575071187061915,0.83051842769989
"AKT1;HRAS",-0.362516867875167,0.83051842769989
"BRD4;HRAS",-0.224662531621416,0.83051842769989
"HRAS;MYC",-1.56124807280836,0.996820526247479
"HRAS;MAP2K1",-0.15727974042742,0.83051842769989
"HRAS;MAPK1",-0.246285172558381,0.83051842769989
"HRAS;WEE1",-0.861011855417246,0.864680931476723
"ARID1A;HRAS",-0.42614467308307,0.83051842769989
"HRAS;PRMT1",-1.28488430904246,0.984274524803523
"HRAS;PARP1",-0.959764339991896,0.89173938214272
"HRAS;PORCN",-0.344015767737204,0.83051842769989
"HRAS;MDM2",-0.528671675839117,0.83051842769989
"EGFR;HRAS",-0.494542863741118,0.83051842769989
"HRAS;SMAD4",-0.26522335423576,0.83051842769989
"DNMT1;HRAS",-0.497433989757077,0.83051842769989
"HRAS;RAF1",-0.296188089001159,0.83051842769989
"CDK6;HRAS",-0.75171378152817,0.851292184689393
"ATR;HRAS",-1.04926133081727,0.914344846135589
"HRAS;MCL1",-0.139291882569185,0.83051842769989
"BCL2;HRAS",-0.605886860723899,0.83051842769989
"HRAS;PRMT5",-0.870151645698931,0.865664242138467
"ATM;HRAS",-0.293991318552661,0.83051842769989
"BCL2L1;HRAS",-0.297927955431173,0.83051842769989
"HRAS;KRAS",-0.418716805278475,0.83051842769989
"CDK4;HRAS",-0.0848852281970698,0.83051842769989
"CTNNB1;HRAS",-1.02139185309992,0.909544528705761
"BRAF;HRAS",0.00488341574917789,0.83051842769989
"HRAS;MAP2K2",-0.0722646477248297,0.83051842769989
"HRAS;PIK3CA",-0.418675538665334,0.83051842769989
"HRAS;IGF1R",-0.242891799404532,0.83051842769989
"HRAS;TAZ",-0.16280947591599,0.83051842769989
"HRAS;WRN",-0.285544936683941,0.83051842769989
"AKT2;HRAS",-0.553193040146686,0.83051842769989
"HRAS;SRC",-0.155094340742828,0.83051842769989
"DNMT3B;HRAS",-0.493890507148854,0.83051842769989
"APC;HRAS",-0.199528438185027,0.83051842769989
"ERBB2;HRAS",-0.133327834061298,0.83051842769989
"HRAS;YAP1",-0.322051763778007,0.83051842769989
"HRAS;PTPN11",-0.179540778630149,0.83051842769989
"CHEK1;HRAS",-1.79247361162135,0.996820526247479
"HRAS;JAK1",-0.572717283248501,0.83051842769989
"AKT1;PARD3",-0.331481583571148,0.83051842769989
"BRD4;PARD3",-0.14456163816649,0.83051842769989
"MYC;PARD3",-1.55329517083586,0.996820526247479
"MAP2K1;PARD3",-0.194607683834038,0.83051842769989
"MAPK1;PARD3",-0.236903212352336,0.83051842769989
"PARD3;WEE1",-0.88595723232133,0.8708239406581
"ARID1A;PARD3",-0.458476089665392,0.83051842769989
"PARD3;PRMT1",-1.32430128125899,0.991979259490554
"PARD3;PARP1",-1.05983630261275,0.917349763885027
"PARD3;PORCN",-0.339552860597472,0.83051842769989
"MDM2;PARD3",-0.595856760640387,0.83051842769989
"EGFR;PARD3",-0.462737264249267,0.83051842769989
"PARD3;SMAD4",-0.280768147446745,0.83051842769989
"DNMT1;PARD3",-0.545737890856241,0.83051842769989
"PARD3;RAF1",-0.20931221444987,0.83051842769989
"CDK6;PARD3",-0.732051899941468,0.846768350181847
"ATR;PARD3",-0.946043612464782,0.888231399331582
"MCL1;PARD3",-0.189341120693507,0.83051842769989
"BCL2;PARD3",-0.663580519236158,0.83051842769989
"PARD3;PRMT5",-0.790819681359589,0.856778747189355
"ATM;PARD3",-0.395421646315001,0.83051842769989
"BCL2L1;PARD3",-0.175991891189525,0.83051842769989
"KRAS;PARD3",-0.449243100124267,0.83051842769989
"CDK4;PARD3",-0.228965256544583,0.83051842769989
"CTNNB1;PARD3",-0.984430661670175,0.899650190863591
"BRAF;PARD3",-0.233468649516709,0.83051842769989
"MAP2K2;PARD3",-0.189155822233312,0.83051842769989
"PARD3;PIK3CA",-0.543299494542327,0.83051842769989
"IGF1R;PARD3",-0.36162931733446,0.83051842769989
"PARD3;TAZ",-0.193620730737311,0.83051842769989
"PARD3;WRN",-0.303246400751354,0.83051842769989
"AKT2;PARD3",-0.569636016009085,0.83051842769989
"PARD3;SRC",-0.231478320110176,0.83051842769989
"DNMT3B;PARD3",-0.503634136649177,0.83051842769989
"APC;PARD3",-0.105287497882597,0.83051842769989
"ERBB2;PARD3",-0.139038961767328,0.83051842769989
"PARD3;YAP1",-0.268532835350971,0.83051842769989
"PARD3;PTPN11",-0.195098382131399,0.83051842769989
"CHEK1;PARD3",-1.71379644991655,0.996820526247479
"JAK1;PARD3",-0.61174818191752,0.83051842769989
"AKT1;EIF3H",-0.34864857263662,0.83051842769989
"BRD4;EIF3H",-0.169046026858916,0.83051842769989
"EIF3H;MYC",-1.48166151630648,0.996820526247479
"EIF3H;MAP2K1",-0.245844927944012,0.83051842769989
"EIF3H;MAPK1",-0.145040377747322,0.83051842769989
"EIF3H;WEE1",-0.563296110713075,0.83051842769989
"ARID1A;EIF3H",-0.168216213538855,0.83051842769989
"EIF3H;PRMT1",-1.24270500092577,0.972292520292947
"EIF3H;PARP1",-1.05744112239497,0.916518219719851
"EIF3H;PORCN",-0.274255589677592,0.83051842769989
"EIF3H;MDM2",-0.514712418600216,0.83051842769989
"EGFR;EIF3H",-0.465303256404383,0.83051842769989
"EIF3H;SMAD4",-0.251799275814774,0.83051842769989
"DNMT1;EIF3H",-0.564048439143924,0.83051842769989
"EIF3H;RAF1",-0.291810268387758,0.83051842769989
"CDK6;EIF3H",-0.80033199327539,0.857292527748453
"ATR;EIF3H",-0.884476606349428,0.870387220411506
"EIF3H;MCL1",-0.175151591278943,0.83051842769989
"BCL2;EIF3H",-0.559975126112307,0.83051842769989
"EIF3H;PRMT5",-0.809870734134392,0.858150763100959
"ATM;EIF3H",-0.319166949245439,0.83051842769989
"BCL2L1;EIF3H",-0.323118723159451,0.83051842769989
"EIF3H;KRAS",-0.359209510527883,0.83051842769989
"CDK4;EIF3H",-0.22004728397508,0.83051842769989
"CTNNB1;EIF3H",-0.996293137179986,0.903431468118634
"BRAF;EIF3H",-0.201345536080239,0.83051842769989
"EIF3H;MAP2K2",-0.226085722033274,0.83051842769989
"EIF3H;PIK3CA",-0.523181566761683,0.83051842769989
"EIF3H;IGF1R",-0.241008285560596,0.83051842769989
"EIF3H;TAZ",-0.205475229090625,0.83051842769989
"EIF3H;WRN",-0.0456245226693666,0.83051842769989
"AKT2;EIF3H",-0.39732336889632,0.83051842769989
"EIF3H;SRC",-0.204092766380093,0.83051842769989
"DNMT3B;EIF3H",-0.498288183335917,0.83051842769989
"APC;EIF3H",-0.0922293946934682,0.83051842769989
"EIF3H;ERBB2",-0.147649937791723,0.83051842769989
"EIF3H;YAP1",-0.316519216081887,0.83051842769989
"EIF3H;PTPN11",-0.109658390721267,0.83051842769989
"CHEK1;EIF3H",-1.68615689064427,0.996820526247479
"EIF3H;JAK1",-0.517050774796517,0.83051842769989
"AKT1;MNAT1",-0.381700200501576,0.83051842769989
"BRD4;MNAT1",-0.241621042031242,0.83051842769989
"MNAT1;MYC",-1.63503277687896,0.996820526247479
"MAP2K1;MNAT1",-0.109894290124388,0.83051842769989
"MAPK1;MNAT1",-0.248208703628731,0.83051842769989
"MNAT1;WEE1",-0.810404570232231,0.858150763100959
"ARID1A;MNAT1",-0.388248816217326,0.83051842769989
"MNAT1;PRMT1",-1.34358621163712,0.994952776812253
"MNAT1;PARP1",-1.12312591174086,0.924916103508183
"MNAT1;PORCN",-0.322555293437303,0.83051842769989
"MDM2;MNAT1",-0.597030606385056,0.83051842769989
"EGFR;MNAT1",-0.494728839761111,0.83051842769989
"MNAT1;SMAD4",-0.300526657824404,0.83051842769989
"DNMT1;MNAT1",-0.542346013022687,0.83051842769989
"MNAT1;RAF1",-0.23612435355781,0.83051842769989
"CDK6;MNAT1",-0.767187775936269,0.853610623147136
"ATR;MNAT1",-1.05215391055787,0.915173373234646
"MCL1;MNAT1",-0.0401046655752481,0.83051842769989
"BCL2;MNAT1",-0.656260982750987,0.83051842769989
"MNAT1;PRMT5",-0.863370494186676,0.864875045592771
"ATM;MNAT1",-0.37485215828946,0.83051842769989
"BCL2L1;MNAT1",-0.27585403649315,0.83051842769989
"KRAS;MNAT1",-0.321526551931701,0.83051842769989
"CDK4;MNAT1",-0.138490693343108,0.83051842769989
"CTNNB1;MNAT1",-1.04097382837674,0.913419946253691
"BRAF;MNAT1",0.0591930591317282,0.83051842769989
"MAP2K2;MNAT1",0.00786199899712747,0.83051842769989
"MNAT1;PIK3CA",-0.492692910912772,0.83051842769989
"IGF1R;MNAT1",-0.271661209394984,0.83051842769989
"MNAT1;TAZ",-0.108758206006327,0.83051842769989
"MNAT1;WRN",-0.34101434884216,0.83051842769989
"AKT2;MNAT1",-0.544902996190133,0.83051842769989
"MNAT1;SRC",-0.149771106683039,0.83051842769989
"DNMT3B;MNAT1",-0.508135951054765,0.83051842769989
"APC;MNAT1",-0.197460858827408,0.83051842769989
"ERBB2;MNAT1",-0.0785983356554377,0.83051842769989
"MNAT1;YAP1",-0.28152142100023,0.83051842769989
"MNAT1;PTPN11",-0.165608580133521,0.83051842769989
"CHEK1;MNAT1",-1.56939059623816,0.996820526247479
"JAK1;MNAT1",-0.579807794585149,0.83051842769989
"AKT1;GART",-0.332848048174588,0.83051842769989
"BRD4;GART",-0.215087825618297,0.83051842769989
"GART;MYC",-1.5020533303087,0.996820526247479
"GART;MAP2K1",-0.0658885967820189,0.83051842769989
"GART;MAPK1",-0.232074825576449,0.83051842769989
"GART;WEE1",-0.838889347326592,0.860372130595238
"ARID1A;GART",-0.44742356004359,0.83051842769989
"GART;PRMT1",-1.35709623893025,0.996609066412918
"GART;PARP1",-1.06701491862301,0.918782573008465
"GART;PORCN",-0.175915384085597,0.83051842769989
"GART;MDM2",-0.487108138705812,0.83051842769989
"EGFR;GART",-0.452583607769565,0.83051842769989
"GART;SMAD4",-0.359017710387867,0.83051842769989
"DNMT1;GART",-0.620020351060352,0.83051842769989
"GART;RAF1",-0.2971679839517,0.83051842769989
"CDK6;GART",-0.783233369240717,0.855443174457673
"ATR;GART",-1.0909971971259,0.922413808186972
"GART;MCL1",-0.0759041067388986,0.83051842769989
"BCL2;GART",-0.662773570616245,0.83051842769989
"GART;PRMT5",-0.66169359759778,0.83051842769989
"ATM;GART",-0.387211704682578,0.83051842769989
"BCL2L1;GART",-0.312050654310098,0.83051842769989
"GART;KRAS",-0.458996738395019,0.83051842769989
"CDK4;GART",-0.0132433298763132,0.83051842769989
"CTNNB1;GART",-0.97488224979546,0.897047041837523
"BRAF;GART",-0.070255312436023,0.83051842769989
"GART;MAP2K2",-0.130682892705732,0.83051842769989
"GART;PIK3CA",-0.508417059513807,0.83051842769989
"GART;IGF1R",-0.193708057665765,0.83051842769989
"GART;TAZ",-0.115113914865845,0.83051842769989
"GART;WRN",-0.342622079762385,0.83051842769989
"AKT2;GART",-0.553876288565118,0.83051842769989
"GART;SRC",-0.164065567789111,0.83051842769989
"DNMT3B;GART",-0.487471196094646,0.83051842769989
"APC;GART",-0.11103694727701,0.83051842769989
"ERBB2;GART",-0.120281248554367,0.83051842769989
"GART;YAP1",-0.244865016077273,0.83051842769989
"GART;PTPN11",-0.152840644449096,0.83051842769989
"CHEK1;GART",-1.7747850001031,0.996820526247479
"GART;JAK1",-0.52437427600592,0.83051842769989
"AKT1;RRAS",-0.365108563749023,0.83051842769989
"BRD4;RRAS",-0.263836129249522,0.83051842769989
"MYC;RRAS",-1.59583735563852,0.996820526247479
"MAP2K1;RRAS",-0.132048043771463,0.83051842769989
"MAPK1;RRAS",-0.235499750668349,0.83051842769989
"RRAS;WEE1",-0.73234179613533,0.846821980660698
"ARID1A;RRAS",-0.477126259744652,0.83051842769989
"PRMT1;RRAS",-1.35732490417779,0.996621223580804
"PARP1;RRAS",-1.05251814017095,0.915217489443391
"PORCN;RRAS",-0.286706786518008,0.83051842769989
"MDM2;RRAS",-0.560601722087556,0.83051842769989
"EGFR;RRAS",-0.504812012582178,0.83051842769989
"RRAS;SMAD4",-0.301708784794681,0.83051842769989
"DNMT1;RRAS",-0.617265517074375,0.83051842769989
"RAF1;RRAS",-0.192442680172624,0.83051842769989
"CDK6;RRAS",-0.722314218292825,0.844607210076008
"ATR;RRAS",-1.04314132866541,0.913515079259661
"MCL1;RRAS",-0.0565675416079026,0.83051842769989
"BCL2;RRAS",-0.642730806207076,0.83051842769989
"PRMT5;RRAS",-0.77119300139173,0.854293809144042
"ATM;RRAS",-0.351255409772649,0.83051842769989
"BCL2L1;RRAS",-0.224227789316852,0.83051842769989
"KRAS;RRAS",-0.353892491540974,0.83051842769989
"CDK4;RRAS",-0.0837692167818056,0.83051842769989
"CTNNB1;RRAS",-0.981555340503372,0.898713045290899
"BRAF;RRAS",-0.0203790984003282,0.83051842769989
"MAP2K2;RRAS",-0.0870784011574171,0.83051842769989
"PIK3CA;RRAS",-0.492823716465317,0.83051842769989
"IGF1R;RRAS",-0.20707225760148,0.83051842769989
"RRAS;TAZ",-0.193566183811775,0.83051842769989
"RRAS;WRN",-0.323922698159602,0.83051842769989
"AKT2;RRAS",-0.550140805233864,0.83051842769989
"RRAS;SRC",-0.0341326672605896,0.83051842769989
"DNMT3B;RRAS",-0.466973478746776,0.83051842769989
"APC;RRAS",-0.117885475229023,0.83051842769989
"ERBB2;RRAS",-0.0748266359991121,0.83051842769989
"RRAS;YAP1",-0.191656170238434,0.83051842769989
"PTPN11;RRAS",-0.0746370373424903,0.83051842769989
"CHEK1;RRAS",-1.65859463234849,0.996820526247479
"JAK1;RRAS",-0.573433915609232,0.83051842769989
"AKT1;NOTCH3",-0.340541871495574,0.83051842769989
"BRD4;NOTCH3",-0.0626090543785029,0.83051842769989
"MYC;NOTCH3",-1.51155445745349,0.996820526247479
"MAP2K1;NOTCH3",-0.115634302010181,0.83051842769989
"MAPK1;NOTCH3",-0.213848220912106,0.83051842769989
"NOTCH3;WEE1",-0.83551512034344,0.859835470553926
"ARID1A;NOTCH3",-0.415644154574106,0.83051842769989
"NOTCH3;PRMT1",-1.36540474329812,0.996820526247479
"NOTCH3;PARP1",-1.05464979402833,0.916003267076462
"NOTCH3;PORCN",-0.337781694651271,0.83051842769989
"MDM2;NOTCH3",-0.597655049030969,0.83051842769989
"EGFR;NOTCH3",-0.478039653413406,0.83051842769989
"NOTCH3;SMAD4",-0.348647442648448,0.83051842769989
"DNMT1;NOTCH3",-0.514501839043995,0.83051842769989
"NOTCH3;RAF1",-0.285249782984346,0.83051842769989
"CDK6;NOTCH3",-0.791648284758551,0.856844608927936
"ATR;NOTCH3",-1.11908644208638,0.924916103508183
"MCL1;NOTCH3",-0.0443674775307278,0.83051842769989
"BCL2;NOTCH3",-0.595449113544121,0.83051842769989
"NOTCH3;PRMT5",-0.78077886934043,0.855428356537771
"ATM;NOTCH3",-0.312758567129178,0.83051842769989
"BCL2L1;NOTCH3",-0.343445793902475,0.83051842769989
"KRAS;NOTCH3",-0.34313006518793,0.83051842769989
"CDK4;NOTCH3",-0.0666524228867788,0.83051842769989
"CTNNB1;NOTCH3",-1.0414681991623,0.913419946253691
"BRAF;NOTCH3",-0.0284936918554874,0.83051842769989
"MAP2K2;NOTCH3",-0.0129844235845011,0.83051842769989
"NOTCH3;PIK3CA",-0.554571203120586,0.83051842769989
"IGF1R;NOTCH3",-0.29917252299704,0.83051842769989
"NOTCH3;TAZ",-0.190058085683456,0.83051842769989
"NOTCH3;WRN",-0.2959844276334,0.83051842769989
"AKT2;NOTCH3",-0.52939421232177,0.83051842769989
"NOTCH3;SRC",-0.0792476409093346,0.83051842769989
"DNMT3B;NOTCH3",-0.53911508491329,0.83051842769989
"APC;NOTCH3",-0.198998886669797,0.83051842769989
"ERBB2;NOTCH3",-0.10526974330278,0.83051842769989
"NOTCH3;YAP1",-0.314914407239283,0.83051842769989
"NOTCH3;PTPN11",-0.0829405913867903,0.83051842769989
"CHEK1;NOTCH3",-1.78297608680023,0.996820526247479
"JAK1;NOTCH3",-0.589086436675776,0.83051842769989
"AKT1;MAP3K12",-0.380171017083805,0.83051842769989
"BRD4;MAP3K12",-0.192400731174365,0.83051842769989
"MAP3K12;MYC",-1.63229883468735,0.996820526247479
"MAP2K1;MAP3K12",-0.0569846236262632,0.83051842769989
"MAP3K12;MAPK1",-0.233325437284823,0.83051842769989
"MAP3K12;WEE1",-0.898878350026286,0.87485751094486
"ARID1A;MAP3K12",-0.469280028145873,0.83051842769989
"MAP3K12;PRMT1",-1.38715476376442,0.996820526247479
"MAP3K12;PARP1",-1.01724660965979,0.909038390020362
"MAP3K12;PORCN",-0.259182858498499,0.83051842769989
"MAP3K12;MDM2",-0.596909646484138,0.83051842769989
"EGFR;MAP3K12",-0.511723205895686,0.83051842769989
"MAP3K12;SMAD4",-0.352710418686239,0.83051842769989
"DNMT1;MAP3K12",-0.5934577225028,0.83051842769989
"MAP3K12;RAF1",-0.296893605917389,0.83051842769989
"CDK6;MAP3K12",-0.816982888393097,0.858150763100959
"ATR;MAP3K12",-1.0270989317786,0.911081572852605
"MAP3K12;MCL1",-0.0656116722948801,0.83051842769989
"BCL2;MAP3K12",-0.630142332213632,0.83051842769989
"MAP3K12;PRMT5",-0.71901113311101,0.84410788938019
"ATM;MAP3K12",-0.311209199816956,0.83051842769989
"BCL2L1;MAP3K12",-0.338804555943825,0.83051842769989
"KRAS;MAP3K12",-0.46665381481752,0.83051842769989
"CDK4;MAP3K12",-0.0954233754160394,0.83051842769989
"CTNNB1;MAP3K12",-0.999472961742831,0.904156549353738
"BRAF;MAP3K12",-0.0738166173874155,0.83051842769989
"MAP2K2;MAP3K12",-0.0453088358194094,0.83051842769989
"MAP3K12;PIK3CA",-0.559889328505177,0.83051842769989
"IGF1R;MAP3K12",-0.35065937419898,0.83051842769989
"MAP3K12;TAZ",-0.142569224172644,0.83051842769989
"MAP3K12;WRN",-0.329786061417482,0.83051842769989
"AKT2;MAP3K12",-0.527958388572153,0.83051842769989
"MAP3K12;SRC",-0.161595512905111,0.83051842769989
"DNMT3B;MAP3K12",-0.490050363222355,0.83051842769989
"APC;MAP3K12",-0.188912143912138,0.83051842769989
"ERBB2;MAP3K12",-0.0889097142122764,0.83051842769989
"MAP3K12;YAP1",-0.250910863406552,0.83051842769989
"MAP3K12;PTPN11",-0.182656992417609,0.83051842769989
"CHEK1;MAP3K12",-1.69967087496837,0.996820526247479
"JAK1;MAP3K12",-0.553682884757392,0.83051842769989
"AKT1;UBE2S",-0.367619870260912,0.83051842769989
"BRD4;UBE2S",-0.223923002370801,0.83051842769989
"MYC;UBE2S",-1.5105281956223,0.996820526247479
"MAP2K1;UBE2S",-0.139844768746877,0.83051842769989
"MAPK1;UBE2S",-0.169712053628087,0.83051842769989
"UBE2S;WEE1",-0.859297802131939,0.864465982358491
"ARID1A;UBE2S",-0.405136959811373,0.83051842769989
"PRMT1;UBE2S",-1.16912458468327,0.944674622354201
"PARP1;UBE2S",-1.12150928131744,0.924916103508183
"PORCN;UBE2S",-0.331479001300791,0.83051842769989
"MDM2;UBE2S",-0.598221534566152,0.83051842769989
"EGFR;UBE2S",-0.461287338116408,0.83051842769989
"SMAD4;UBE2S",-0.35808037551538,0.83051842769989
"DNMT1;UBE2S",-0.600728765322431,0.83051842769989
"RAF1;UBE2S",-0.278034940600183,0.83051842769989
"CDK6;UBE2S",-0.757783779828747,0.852722025409553
"ATR;UBE2S",-0.962852704620602,0.892855866847682
"MCL1;UBE2S",-0.0968702415236865,0.83051842769989
"BCL2;UBE2S",-0.632036309374249,0.83051842769989
"PRMT5;UBE2S",-0.713106650173331,0.842763415546502
"ATM;UBE2S",-0.334882684918928,0.83051842769989
"BCL2L1;UBE2S",-0.336210964040527,0.83051842769989
"KRAS;UBE2S",-0.369887924108734,0.83051842769989
"CDK4;UBE2S",-0.187278560916506,0.83051842769989
"CTNNB1;UBE2S",-1.02462864953041,0.910457672243946
"BRAF;UBE2S",-0.191083320585792,0.83051842769989
"MAP2K2;UBE2S",-0.0669314312558625,0.83051842769989
"PIK3CA;UBE2S",-0.406981049907116,0.83051842769989
"IGF1R;UBE2S",-0.29933006279495,0.83051842769989
"TAZ;UBE2S",-0.115882520783122,0.83051842769989
"UBE2S;WRN",-0.297549084136881,0.83051842769989
"AKT2;UBE2S",-0.487251815245566,0.83051842769989
"SRC;UBE2S",-0.146094578964427,0.83051842769989
"DNMT3B;UBE2S",-0.482779131232992,0.83051842769989
"APC;UBE2S",-0.171800412465296,0.83051842769989
"ERBB2;UBE2S",-0.128341560274022,0.83051842769989
"UBE2S;YAP1",-0.24213224937402,0.83051842769989
"PTPN11;UBE2S",-0.169377197196914,0.83051842769989
"CHEK1;UBE2S",-1.78065575866338,0.996820526247479
"JAK1;UBE2S",-0.561547826534501,0.83051842769989
"AKT1;EIF3M",-0.397720528013599,0.83051842769989
"BRD4;EIF3M",-0.35772025602238,0.83051842769989
"EIF3M;MYC",-1.42340446327398,0.996820526247479
"EIF3M;MAP2K1",-0.193671355849567,0.83051842769989
"EIF3M;MAPK1",-0.337200335490795,0.83051842769989
"EIF3M;WEE1",-0.90771498152195,0.877475798390277
"ARID1A;EIF3M",-0.45247862224262,0.83051842769989
"EIF3M;PRMT1",-1.32918549942494,0.992860450564324
"EIF3M;PARP1",-1.0574485377224,0.916518219719851
"EIF3M;PORCN",-0.272677084647718,0.83051842769989
"EIF3M;MDM2",-0.580276733624951,0.83051842769989
"EGFR;EIF3M",-0.50399944732307,0.83051842769989
"EIF3M;SMAD4",-0.36776058274269,0.83051842769989
"DNMT1;EIF3M",-0.603886579523683,0.83051842769989
"EIF3M;RAF1",-0.344644343741585,0.83051842769989
"CDK6;EIF3M",-0.797198246064396,0.857261984062017
"ATR;EIF3M",-0.957120919302366,0.89082779819734
"EIF3M;MCL1",-0.343742521657725,0.83051842769989
"BCL2;EIF3M",-0.639986443817332,0.83051842769989
"EIF3M;PRMT5",-0.841049311660622,0.860658710032528
"ATM;EIF3M",-0.384735558634757,0.83051842769989
"BCL2L1;EIF3M",-0.395859652288049,0.83051842769989
"EIF3M;KRAS",-0.331763727268649,0.83051842769989
"CDK4;EIF3M",-0.366566668526451,0.83051842769989
"CTNNB1;EIF3M",-0.966681197693709,0.894421618606449
"BRAF;EIF3M",-0.294419575265163,0.83051842769989
"EIF3M;MAP2K2",-0.378750319463235,0.83051842769989
"EIF3M;PIK3CA",-0.513720018338808,0.83051842769989
"EIF3M;IGF1R",-0.311305112920953,0.83051842769989
"EIF3M;TAZ",-0.34187708704383,0.83051842769989
"EIF3M;WRN",-0.382414481467492,0.83051842769989
"AKT2;EIF3M",-0.562065559458624,0.83051842769989
"EIF3M;SRC",-0.380864317297116,0.83051842769989
"DNMT3B;EIF3M",-0.541486238763056,0.83051842769989
"APC;EIF3M",-0.379758256714495,0.83051842769989
"EIF3M;ERBB2",-0.365548066200368,0.83051842769989
"EIF3M;YAP1",-0.355186984140569,0.83051842769989
"EIF3M;PTPN11",-0.36917854368452,0.83051842769989
"CHEK1;EIF3M",-1.76535153909954,0.996820526247479
"EIF3M;JAK1",-0.6243397820016,0.83051842769989
"AKT1;CDK5",-0.374655383783238,0.83051842769989
"BRD4;CDK5",-0.171134472001414,0.83051842769989
"CDK5;MYC",-1.49578635452888,0.996820526247479
"CDK5;MAP2K1",-0.135247172659379,0.83051842769989
"CDK5;MAPK1",-0.199046556522532,0.83051842769989
"CDK5;WEE1",-0.942571436918639,0.88749616134654
"ARID1A;CDK5",-0.441838518075232,0.83051842769989
"CDK5;PRMT1",-1.34923865070513,0.995859283707883
"CDK5;PARP1",-1.06904419740924,0.91931536589972
"CDK5;PORCN",-0.336734629923573,0.83051842769989
"CDK5;MDM2",-0.554264710831051,0.83051842769989
"CDK5;EGFR",-0.477545500525616,0.83051842769989
"CDK5;SMAD4",-0.336470613983153,0.83051842769989
"CDK5;DNMT1",-0.49364793512075,0.83051842769989
"CDK5;RAF1",-0.103706623726794,0.83051842769989
"CDK5;CDK6",-0.819265082608037,0.85826452060764
"ATR;CDK5",-1.10776703363047,0.923895399117375
"CDK5;MCL1",-0.156016555183005,0.83051842769989
"BCL2;CDK5",-0.624625069581849,0.83051842769989
"CDK5;PRMT5",-0.837405984553609,0.860357002319739
"ATM;CDK5",-0.336172069735635,0.83051842769989
"BCL2L1;CDK5",-0.197464746109087,0.83051842769989
"CDK5;KRAS",-0.395788556401644,0.83051842769989
"CDK4;CDK5",-0.140061204690054,0.83051842769989
"CDK5;CTNNB1",-1.02913297547783,0.911432555016277
"BRAF;CDK5",-0.11580667212495,0.83051842769989
"CDK5;MAP2K2",-0.101397996272186,0.83051842769989
"CDK5;PIK3CA",-0.550153284800017,0.83051842769989
"CDK5;IGF1R",-0.306813880201381,0.83051842769989
"CDK5;TAZ",-0.0976081313297407,0.83051842769989
"CDK5;WRN",-0.284360345057787,0.83051842769989
"AKT2;CDK5",-0.550293004672712,0.83051842769989
"CDK5;SRC",-0.118335723669927,0.83051842769989
"CDK5;DNMT3B",-0.460785711583733,0.83051842769989
"APC;CDK5",-0.138766191547236,0.83051842769989
"CDK5;ERBB2",-0.135117558882092,0.83051842769989
"CDK5;YAP1",-0.270994504194684,0.83051842769989
"CDK5;PTPN11",-0.141828814964572,0.83051842769989
"CDK5;CHEK1",-1.71105854908924,0.996820526247479
"CDK5;JAK1",-0.601098496452805,0.83051842769989
"AKT1;MAP3K9",-0.356753294102028,0.83051842769989
"BRD4;MAP3K9",-0.156028785379227,0.83051842769989
"MAP3K9;MYC",-1.49085497149375,0.996820526247479
"MAP2K1;MAP3K9",-0.32942677596669,0.83051842769989
"MAP3K9;MAPK1",-0.286225707877543,0.83051842769989
"MAP3K9;WEE1",-0.786869850998369,0.855680129036609
"ARID1A;MAP3K9",-0.424532986822185,0.83051842769989
"MAP3K9;PRMT1",-1.35177907576625,0.996241116437907
"MAP3K9;PARP1",-1.10796303279978,0.923895399117375
"MAP3K9;PORCN",-0.264462696721274,0.83051842769989
"MAP3K9;MDM2",-0.58730991018322,0.83051842769989
"EGFR;MAP3K9",-0.483910089507822,0.83051842769989
"MAP3K9;SMAD4",-0.350236504542789,0.83051842769989
"DNMT1;MAP3K9",-0.528930166164527,0.83051842769989
"MAP3K9;RAF1",-0.262568990766923,0.83051842769989
"CDK6;MAP3K9",-0.816316255893875,0.858150763100959
"ATR;MAP3K9",-1.11153043383314,0.924121252169155
"MAP3K9;MCL1",-0.301455010948961,0.83051842769989
"BCL2;MAP3K9",-0.618915685728643,0.83051842769989
"MAP3K9;PRMT5",-0.684290795766859,0.835054838647533
"ATM;MAP3K9",-0.320762195620504,0.83051842769989
"BCL2L1;MAP3K9",-0.125145463951242,0.83051842769989
"KRAS;MAP3K9",-0.45076932349497,0.83051842769989
"CDK4;MAP3K9",-0.332069507634952,0.83051842769989
"CTNNB1;MAP3K9",-1.04114991034881,0.913419946253691
"BRAF;MAP3K9",-0.193437593829955,0.83051842769989
"MAP2K2;MAP3K9",-0.28020475896735,0.83051842769989
"MAP3K9;PIK3CA",-0.394135801184467,0.83051842769989
"IGF1R;MAP3K9",-0.285651991343704,0.83051842769989
"MAP3K9;TAZ",-0.326818450081099,0.83051842769989
"MAP3K9;WRN",-0.201858917416791,0.83051842769989
"AKT2;MAP3K9",-0.458531058342987,0.83051842769989
"MAP3K9;SRC",-0.297782546026753,0.83051842769989
"DNMT3B;MAP3K9",-0.548166329376845,0.83051842769989
"APC;MAP3K9",-0.255312069276572,0.83051842769989
"ERBB2;MAP3K9",-0.306942587581679,0.83051842769989
"MAP3K9;YAP1",-0.317260318805271,0.83051842769989
"MAP3K9;PTPN11",-0.298033268867483,0.83051842769989
"CHEK1;MAP3K9",-1.77695262520849,0.996820526247479
"JAK1;MAP3K9",-0.621378464347064,0.83051842769989
"AKT1;MAEA",-0.323611531249693,0.83051842769989
"BRD4;MAEA",-0.193716882216113,0.83051842769989
"MAEA;MYC",-1.58863348738145,0.996820526247479
"MAEA;MAP2K1",-0.00657496810464711,0.83051842769989
"MAEA;MAPK1",-0.221696193395233,0.83051842769989
"MAEA;WEE1",-0.684195617126864,0.835054838647533
"ARID1A;MAEA",-0.426739978003285,0.83051842769989
"MAEA;PRMT1",-1.36341197532381,0.996820526247479
"MAEA;PARP1",-1.07412654101147,0.920259793461289
"MAEA;PORCN",-0.275379993170429,0.83051842769989
"MAEA;MDM2",-0.53719376621367,0.83051842769989
"EGFR;MAEA",-0.500374933219635,0.83051842769989
"MAEA;SMAD4",-0.363881951584275,0.83051842769989
"DNMT1;MAEA",-0.545996714883474,0.83051842769989
"MAEA;RAF1",-0.263270986992559,0.83051842769989
"CDK6;MAEA",-0.783147656229916,0.855443174457673
"ATR;MAEA",-0.999118992730321,0.904002906210257
"MAEA;MCL1",-0.108594237523366,0.83051842769989
"BCL2;MAEA",-0.582985752686862,0.83051842769989
"MAEA;PRMT5",-0.801025303170368,0.857362647156259
"ATM;MAEA",-0.398922904709622,0.83051842769989
"BCL2L1;MAEA",-0.321152095077707,0.83051842769989
"KRAS;MAEA",-0.449428133128098,0.83051842769989
"CDK4;MAEA",-0.0581783902569067,0.83051842769989
"CTNNB1;MAEA",-0.978111008835208,0.897939744427012
"BRAF;MAEA",-0.0200476721028815,0.83051842769989
"MAEA;MAP2K2",-0.143028420885934,0.83051842769989
"MAEA;PIK3CA",-0.453293120508676,0.83051842769989
"IGF1R;MAEA",-0.308059963298949,0.83051842769989
"MAEA;TAZ",-0.173267093185196,0.83051842769989
"MAEA;WRN",-0.324592717749453,0.83051842769989
"AKT2;MAEA",-0.498540427618361,0.83051842769989
"MAEA;SRC",-0.171322303404165,0.83051842769989
"DNMT3B;MAEA",-0.51267894035308,0.83051842769989
"APC;MAEA",-0.200866575440193,0.83051842769989
"ERBB2;MAEA",-0.130261230196621,0.83051842769989
"MAEA;YAP1",-0.297228976088699,0.83051842769989
"MAEA;PTPN11",-0.068676304551575,0.83051842769989
"CHEK1;MAEA",-1.721900076451,0.996820526247479
"JAK1;MAEA",-0.622628561616583,0.83051842769989
"AKT1;TUBB4B",-0.260217655026079,0.83051842769989
"BRD4;TUBB4B",-0.169734806872215,0.83051842769989
"MYC;TUBB4B",-1.49095418562538,0.996820526247479
"MAP2K1;TUBB4B",-0.106853700114465,0.83051842769989
"MAPK1;TUBB4B",-0.237916976412686,0.83051842769989
"TUBB4B;WEE1",-0.904184067512807,0.876549423273876
"ARID1A;TUBB4B",-0.401306373560749,0.83051842769989
"PRMT1;TUBB4B",-1.36152970830976,0.996820526247479
"PARP1;TUBB4B",-1.02846873571785,0.911251543949215
"PORCN;TUBB4B",-0.197490391124631,0.83051842769989
"MDM2;TUBB4B",-0.529259063889795,0.83051842769989
"EGFR;TUBB4B",-0.507991425094008,0.83051842769989
"SMAD4;TUBB4B",-0.280556450177006,0.83051842769989
"DNMT1;TUBB4B",-0.530655336455582,0.83051842769989
"RAF1;TUBB4B",-0.255584529418739,0.83051842769989
"CDK6;TUBB4B",-0.780850021936628,0.855428356537771
"ATR;TUBB4B",-0.969686584397563,0.895509909042636
"MCL1;TUBB4B",-0.0396586204807752,0.83051842769989
"BCL2;TUBB4B",-0.610114426367331,0.83051842769989
"PRMT5;TUBB4B",-0.822950326509056,0.85826452060764
"ATM;TUBB4B",-0.330107930186642,0.83051842769989
"BCL2L1;TUBB4B",-0.314705786936832,0.83051842769989
"KRAS;TUBB4B",-0.384372927228678,0.83051842769989
"CDK4;TUBB4B",-0.13673874343046,0.83051842769989
"CTNNB1;TUBB4B",-1.03763483914,0.913419946253691
"BRAF;TUBB4B",-0.0465621207768328,0.83051842769989
"MAP2K2;TUBB4B",-0.0212371433424178,0.83051842769989
"PIK3CA;TUBB4B",-0.478337903005557,0.83051842769989
"IGF1R;TUBB4B",-0.32730790868388,0.83051842769989
"TAZ;TUBB4B",-0.0956853728920762,0.83051842769989
"TUBB4B;WRN",-0.31973193747844,0.83051842769989
"AKT2;TUBB4B",-0.57601647711055,0.83051842769989
"SRC;TUBB4B",-0.133206980033433,0.83051842769989
"DNMT3B;TUBB4B",-0.510827256147711,0.83051842769989
"APC;TUBB4B",-0.05378474844529,0.83051842769989
"ERBB2;TUBB4B",-0.127376545168566,0.83051842769989
"TUBB4B;YAP1",-0.246260626810979,0.83051842769989
"PTPN11;TUBB4B",-0.151339247748785,0.83051842769989
"CHEK1;TUBB4B",-1.73007844002524,0.996820526247479
"JAK1;TUBB4B",-0.595731464430763,0.83051842769989
"AKT1;KEAP1",-0.360060204489329,0.83051842769989
"BRD4;KEAP1",-0.26491326134926,0.83051842769989
"KEAP1;MYC",-1.63405667493639,0.996820526247479
"KEAP1;MAP2K1",-0.138158698949453,0.83051842769989
"KEAP1;MAPK1",-0.131305222547953,0.83051842769989
"KEAP1;WEE1",-0.782202848788516,0.855443174457673
"ARID1A;KEAP1",-0.388137039329837,0.83051842769989
"KEAP1;PRMT1",-1.34587789744227,0.995343839073247
"KEAP1;PARP1",-1.05630648643237,0.916202155949529
"KEAP1;PORCN",-0.267790028588159,0.83051842769989
"KEAP1;MDM2",-0.531685966193007,0.83051842769989
"EGFR;KEAP1",-0.39102919563695,0.83051842769989
"KEAP1;SMAD4",-0.287725678185642,0.83051842769989
"DNMT1;KEAP1",-0.58524701302757,0.83051842769989
"KEAP1;RAF1",-0.262611336364677,0.83051842769989
"CDK6;KEAP1",-0.756771047295223,0.85252229265319
"ATR;KEAP1",-1.11539268215195,0.924717238549349
"KEAP1;MCL1",-0.0233066792174812,0.83051842769989
"BCL2;KEAP1",-0.561352125494482,0.83051842769989
"KEAP1;PRMT5",-0.807774956743682,0.858087473581107
"ATM;KEAP1",-0.255059452760931,0.83051842769989
"BCL2L1;KEAP1",-0.31227887941958,0.83051842769989
"KEAP1;KRAS",-0.419858548173469,0.83051842769989
"CDK4;KEAP1",-0.0792921114084056,0.83051842769989
"CTNNB1;KEAP1",-0.837175302520527,0.860280182295315
"BRAF;KEAP1",-0.0199576285858757,0.83051842769989
"KEAP1;MAP2K2",-0.109629017817677,0.83051842769989
"KEAP1;PIK3CA",-0.51222055544203,0.83051842769989
"IGF1R;KEAP1",-0.288810908333483,0.83051842769989
"KEAP1;TAZ",-0.105170447089213,0.83051842769989
"KEAP1;WRN",-0.301890629435529,0.83051842769989
"AKT2;KEAP1",-0.44162740052643,0.83051842769989
"KEAP1;SRC",-0.128819617477982,0.83051842769989
"DNMT3B;KEAP1",-0.514228150289443,0.83051842769989
"APC;KEAP1",-0.0936576622150791,0.83051842769989
"ERBB2;KEAP1",-0.0998275475983102,0.83051842769989
"KEAP1;YAP1",-0.24078673451619,0.83051842769989
"KEAP1;PTPN11",-0.128498672930278,0.83051842769989
"CHEK1;KEAP1",-1.69438604249661,0.996820526247479
"JAK1;KEAP1",-0.576989638858414,0.83051842769989
"AKT1;BUB1B",-1.00414224539521,0.905162702593527
"BRD4;BUB1B",-0.942804566761521,0.887560092113351
"BUB1B;MYC",-0.86931766197049,0.865507228575333
"BUB1B;MAP2K1",-1.05583692987591,0.916105491692665
"BUB1B;MAPK1",-1.02042966775897,0.909425323589825
"BUB1B;WEE1",-0.763497381599409,0.853329897622711
"ARID1A;BUB1B",-0.896646933073107,0.874279541294708
"BUB1B;PRMT1",-0.884828965559668,0.870456965062752
"BUB1B;PARP1",-0.922376903064564,0.882085575715089
"BUB1B;PORCN",-1.04637423686788,0.913937683631205
"BUB1B;MDM2",-0.840411421499687,0.860520852079343
"BUB1B;EGFR",-1.02817000542214,0.911251543949215
"BUB1B;SMAD4",-0.790934681831736,0.856788873598524
"BUB1B;DNMT1",-0.77084991372377,0.854290408947958
"BUB1B;RAF1",-1.05883801606702,0.916998709795376
"BUB1B;CDK6",-0.766264385106582,0.853545663641316
"ATR;BUB1B",-0.5439447358016,0.83051842769989
"BUB1B;MCL1",-0.912403101744609,0.878913409934757
"BCL2;BUB1B",-0.932232928819129,0.884610348414395
"BUB1B;PRMT5",-0.909698351573401,0.878068217985575
"ATM;BUB1B",-0.836778386793126,0.860241480708258
"BCL2L1;BUB1B",-1.06863514116699,0.919255468389201
"BUB1B;KRAS",-0.979786401849652,0.898358785445461
"BUB1B;CDK4",-0.870765293848992,0.865805064269706
"BUB1B;CTNNB1",-0.776587361483365,0.855392982465961
"BRAF;BUB1B",-0.897142870666163,0.874291246168425
"BUB1B;MAP2K2",-0.894235336086941,0.873575633995691
"BUB1B;PIK3CA",-0.715528177425701,0.84332661755049
"BUB1B;IGF1R",-0.850978250830213,0.863082816599217
"BUB1B;TAZ",-1.00669857628275,0.905888799330842
"BUB1B;WRN",-0.94919953104719,0.88916684845737
"AKT2;BUB1B",-0.933809104989849,0.884894671043786
"BUB1B;SRC",-1.0779709309565,0.92109374591645
"BUB1B;DNMT3B",-0.959890176024499,0.891749307427661
"APC;BUB1B",-0.922575775245112,0.882132377503339
"BUB1B;ERBB2",-0.817501766902782,0.85826452060764
"BUB1B;YAP1",-1.07155427276984,0.919859804089257
"BUB1B;PTPN11",-1.03736954901617,0.913419946253691
"BUB1B;CHEK1",-1.25127838164483,0.974669807365644
"BUB1B;JAK1",-1.00255411685967,0.904985038561323
"AKT1;PSMA1",-1.54344010848456,0.996820526247479
"BRD4;PSMA1",-1.47942185867464,0.996820526247479
"MYC;PSMA1",-0.518843229256911,0.83051842769989
"MAP2K1;PSMA1",-1.70339500550685,0.996820526247479
"MAPK1;PSMA1",-1.72938531683832,0.996820526247479
"PSMA1;WEE1",-1.08461541143198,0.922001026393481
"ARID1A;PSMA1",-1.66703793342962,0.996820526247479
"PRMT1;PSMA1",-0.830001956072263,0.858667905495995
"PARP1;PSMA1",-1.61073505360536,0.996820526247479
"PORCN;PSMA1",-1.66374979136799,0.996820526247479
"MDM2;PSMA1",-1.45153849068074,0.996820526247479
"EGFR;PSMA1",-1.68579590871657,0.996820526247479
"PSMA1;SMAD4",-1.51354354156403,0.996820526247479
"DNMT1;PSMA1",-1.4862786423032,0.996820526247479
"PSMA1;RAF1",-1.66674598811486,0.996820526247479
"CDK6;PSMA1",-1.52470345236239,0.996820526247479
"ATR;PSMA1",-0.963761859863475,0.893177985126291
"MCL1;PSMA1",-1.69353593519584,0.996820526247479
"BCL2;PSMA1",-1.51024016166673,0.996820526247479
"PRMT5;PSMA1",-1.07096073997599,0.919808365314978
"ATM;PSMA1",-1.45871670106877,0.996820526247479
"BCL2L1;PSMA1",-1.38305368745647,0.996820526247479
"KRAS;PSMA1",-1.39887205833941,0.996820526247479
"CDK4;PSMA1",-1.67377109074714,0.996820526247479
"CTNNB1;PSMA1",-1.42286063016816,0.996820526247479
"BRAF;PSMA1",-1.67400693880859,0.996820526247479
"MAP2K2;PSMA1",-1.67135055819801,0.996820526247479
"PIK3CA;PSMA1",-1.56750952175947,0.996820526247479
"IGF1R;PSMA1",-1.4315687396423,0.996820526247479
"PSMA1;TAZ",-1.5804762855458,0.996820526247479
"PSMA1;WRN",-1.70292566591339,0.996820526247479
"AKT2;PSMA1",-1.42546355056998,0.996820526247479
"PSMA1;SRC",-1.65599605773756,0.996820526247479
"DNMT3B;PSMA1",-1.70699133899012,0.996820526247479
"APC;PSMA1",-1.67013474708711,0.996820526247479
"ERBB2;PSMA1",-1.57833217414149,0.996820526247479
"PSMA1;YAP1",-1.71069745366933,0.996820526247479
"PSMA1;PTPN11",-1.69548214860445,0.996820526247479
"CHEK1;PSMA1",-0.915225095042941,0.879697763102081
"JAK1;PSMA1",-1.3632023666247,0.996820526247479
"AKT1;LATS1",-0.387291929185256,0.83051842769989
"BRD4;LATS1",-0.354227418287355,0.83051842769989
"LATS1;MYC",-1.41719601560131,0.996820526247479
"LATS1;MAP2K1",-0.417705399290712,0.83051842769989
"LATS1;MAPK1",-0.472878940689257,0.83051842769989
"LATS1;WEE1",-0.793326202088714,0.856933965766506
"ARID1A;LATS1",-0.471902829572504,0.83051842769989
"LATS1;PRMT1",-1.38683182751072,0.996820526247479
"LATS1;PARP1",-1.11372200925369,0.924584162281232
"LATS1;PORCN",-0.381133119096166,0.83051842769989
"LATS1;MDM2",-0.587133814945131,0.83051842769989
"EGFR;LATS1",-0.49441490936944,0.83051842769989
"LATS1;SMAD4",-0.461853658270316,0.83051842769989
"DNMT1;LATS1",-0.563302135886012,0.83051842769989
"LATS1;RAF1",-0.477784952641745,0.83051842769989
"CDK6;LATS1",-0.823629035956336,0.858327427499431
"ATR;LATS1",-1.02305654559172,0.909872205841029
"LATS1;MCL1",-0.482583478651264,0.83051842769989
"BCL2;LATS1",-0.640532105869544,0.83051842769989
"LATS1;PRMT5",-0.783226019447587,0.855443174457673
"ATM;LATS1",-0.434154327506497,0.83051842769989
"BCL2L1;LATS1",-0.401510096597505,0.83051842769989
"KRAS;LATS1",-0.440380867237075,0.83051842769989
"CDK4;LATS1",-0.436258369126893,0.83051842769989
"CTNNB1;LATS1",-0.936497030110528,0.88577539106553
"BRAF;LATS1",-0.31679882905962,0.83051842769989
"LATS1;MAP2K2",-0.396884754369507,0.83051842769989
"LATS1;PIK3CA",-0.552371524042892,0.83051842769989
"IGF1R;LATS1",-0.394120032358171,0.83051842769989
"LATS1;TAZ",-0.491851517729755,0.83051842769989
"LATS1;WRN",-0.456209630074012,0.83051842769989
"AKT2;LATS1",-0.477891224062049,0.83051842769989
"LATS1;SRC",-0.442858706054234,0.83051842769989
"DNMT3B;LATS1",-0.490284389479064,0.83051842769989
"APC;LATS1",-0.486841756299685,0.83051842769989
"ERBB2;LATS1",-0.389675447182687,0.83051842769989
"LATS1;YAP1",-0.412714554588078,0.83051842769989
"LATS1;PTPN11",-0.401249767029073,0.83051842769989
"CHEK1;LATS1",-1.59569796192088,0.996820526247479
"JAK1;LATS1",-0.549200454018027,0.83051842769989
"AKT1;SPAG5",-0.365791370058142,0.83051842769989
"BRD4;SPAG5",-0.234363234685006,0.83051842769989
"MYC;SPAG5",-1.58569065956636,0.996820526247479
"MAP2K1;SPAG5",-0.110222760929878,0.83051842769989
"MAPK1;SPAG5",-0.203418251665108,0.83051842769989
"SPAG5;WEE1",-0.868889136818845,0.865507228575333
"ARID1A;SPAG5",-0.458339312857904,0.83051842769989
"PRMT1;SPAG5",-1.34242218269448,0.994803001460787
"PARP1;SPAG5",-1.04814732310764,0.914183352889997
"PORCN;SPAG5",-0.341125113840714,0.83051842769989
"MDM2;SPAG5",-0.540235213000796,0.83051842769989
"EGFR;SPAG5",-0.468329809844133,0.83051842769989
"SMAD4;SPAG5",-0.0432991385034706,0.83051842769989
"DNMT1;SPAG5",-0.547776749802726,0.83051842769989
"RAF1;SPAG5",-0.28863331471118,0.83051842769989
"CDK6;SPAG5",-0.825418015590804,0.858367750999105
"ATR;SPAG5",-1.10755683832374,0.923895399117375
"MCL1;SPAG5",-0.0252273088596681,0.83051842769989
"BCL2;SPAG5",-0.451823801268133,0.83051842769989
"PRMT5;SPAG5",-0.847838835113819,0.862287347091856
"ATM;SPAG5",-0.21683442811407,0.83051842769989
"BCL2L1;SPAG5",-0.220636059763012,0.83051842769989
"KRAS;SPAG5",-0.318700750395528,0.83051842769989
"CDK4;SPAG5",-0.117023346585734,0.83051842769989
"CTNNB1;SPAG5",-0.99295050791392,0.902717365935635
"BRAF;SPAG5",0.0309584517267993,0.83051842769989
"MAP2K2;SPAG5",-0.135443132927951,0.83051842769989
"PIK3CA;SPAG5",-0.505168842042785,0.83051842769989
"IGF1R;SPAG5",-0.296717353153897,0.83051842769989
"SPAG5;TAZ",-0.0219182399247587,0.83051842769989
"SPAG5;WRN",-0.344906005940048,0.83051842769989
"AKT2;SPAG5",-0.453920726707365,0.83051842769989
"SPAG5;SRC",-0.110953791457497,0.83051842769989
"DNMT3B;SPAG5",-0.455865434766719,0.83051842769989
"APC;SPAG5",-0.0795632111657217,0.83051842769989
"ERBB2;SPAG5",-0.0694755467285469,0.83051842769989
"SPAG5;YAP1",-0.324414184039116,0.83051842769989
"PTPN11;SPAG5",-0.173273125655708,0.83051842769989
"CHEK1;SPAG5",-1.63307043981748,0.996820526247479
"JAK1;SPAG5",-0.579800352573315,0.83051842769989
"AKT1;CFLAR",-0.62113012969142,0.83051842769989
"BRD4;CFLAR",-0.69376735721559,0.837605794295076
"CFLAR;MYC",-1.52304318846878,0.996820526247479
"CFLAR;MAP2K1",-0.51631312105247,0.83051842769989
"CFLAR;MAPK1",-0.685170788510407,0.835254207767989
"CFLAR;WEE1",-0.35095219821562,0.83051842769989
"ARID1A;CFLAR",-0.662934348411597,0.83051842769989
"CFLAR;PRMT1",-0.606893568284941,0.83051842769989
"CFLAR;PARP1",-1.12467125425263,0.924916103508183
"CFLAR;PORCN",-0.703496792575068,0.840544102631643
"CFLAR;MDM2",-0.701018463773091,0.8398424344488
"CFLAR;EGFR",-0.597349833548024,0.83051842769989
"CFLAR;SMAD4",-0.684651267676512,0.835161603409081
"CFLAR;DNMT1",-0.660386179900099,0.83051842769989
"CFLAR;RAF1",-0.70781945906688,0.841643144998322
"CDK6;CFLAR",-0.804770642199493,0.857782383843019
"ATR;CFLAR",-0.862052687121949,0.864680931476723
"CFLAR;MCL1",-0.681265224238504,0.834443664660813
"BCL2;CFLAR",-0.619403531604595,0.83051842769989
"CFLAR;PRMT5",-0.799409090659418,0.857292527748453
"ATM;CFLAR",-0.666354352508366,0.83051842769989
"BCL2L1;CFLAR",-0.555815230233316,0.83051842769989
"CFLAR;KRAS",-0.702912881472633,0.84034005870728
"CDK4;CFLAR",-0.712682854001445,0.842583294284297
"CFLAR;CTNNB1",-0.853569692222087,0.863346561951581
"BRAF;CFLAR",-0.634216796276664,0.83051842769989
"CFLAR;MAP2K2",-0.548019781349549,0.83051842769989
"CFLAR;PIK3CA",-0.469175553437527,0.83051842769989
"CFLAR;IGF1R",-0.429127354501345,0.83051842769989
"CFLAR;TAZ",-0.684691631155251,0.835161603409081
"CFLAR;WRN",-0.580035227680731,0.83051842769989
"AKT2;CFLAR",-0.694991924312132,0.837847137993441
"CFLAR;SRC",-0.657179056021435,0.83051842769989
"CFLAR;DNMT3B",-0.688809111733745,0.836553028488806
"APC;CFLAR",-0.680145257002267,0.834226888167053
"CFLAR;ERBB2",-0.678815455720733,0.833959543448363
"CFLAR;YAP1",-0.719363854744369,0.84410788938019
"CFLAR;PTPN11",-0.708100349291511,0.841685190539753
"CFLAR;CHEK1",-1.34441777479482,0.995099805825098
"CFLAR;JAK1",-0.649158123484281,0.83051842769989
"AKT1;PTK2",-0.362524435946417,0.83051842769989
"BRD4;PTK2",-0.408378603084724,0.83051842769989
"MYC;PTK2",-1.38083654620782,0.996820526247479
"MAP2K1;PTK2",-0.434677990759472,0.83051842769989
"MAPK1;PTK2",-0.345753146839448,0.83051842769989
"PTK2;WEE1",-0.893398346119127,0.873297404520875
"ARID1A;PTK2",-0.435528750831862,0.83051842769989
"PRMT1;PTK2",-1.19494947357662,0.955691179393562
"PARP1;PTK2",-1.03516122119655,0.913394991889077
"PORCN;PTK2",-0.381913934944085,0.83051842769989
"MDM2;PTK2",-0.480146913233383,0.83051842769989
"EGFR;PTK2",-0.494378023086435,0.83051842769989
"PTK2;SMAD4",-0.389194881602886,0.83051842769989
"DNMT1;PTK2",-0.592355583285761,0.83051842769989
"PTK2;RAF1",-0.418022010079256,0.83051842769989
"CDK6;PTK2",-0.784486939052384,0.855443174457673
"ATR;PTK2",-0.993429129106282,0.902815340621067
"MCL1;PTK2",-0.434481066512341,0.83051842769989
"BCL2;PTK2",-0.548172922848879,0.83051842769989
"PRMT5;PTK2",-0.755972239278376,0.852358947062911
"ATM;PTK2",-0.439123666114266,0.83051842769989
"BCL2L1;PTK2",-0.410918842546211,0.83051842769989
"KRAS;PTK2",-0.387579928055159,0.83051842769989
"CDK4;PTK2",-0.324485347749566,0.83051842769989
"CTNNB1;PTK2",-0.889628495016325,0.872180403257427
"BRAF;PTK2",-0.348990632182996,0.83051842769989
"MAP2K2;PTK2",-0.348805005642276,0.83051842769989
"PIK3CA;PTK2",-0.56169348840587,0.83051842769989
"IGF1R;PTK2",-0.450766142457647,0.83051842769989
"PTK2;TAZ",-0.449612777110943,0.83051842769989
"PTK2;WRN",-0.450468107336196,0.83051842769989
"AKT2;PTK2",-0.570477436048533,0.83051842769989
"PTK2;SRC",-0.390519634835529,0.83051842769989
"DNMT3B;PTK2",-0.40448961077427,0.83051842769989
"APC;PTK2",-0.305906001903808,0.83051842769989
"ERBB2;PTK2",-0.398492077137979,0.83051842769989
"PTK2;YAP1",-0.443291750351106,0.83051842769989
"PTK2;PTPN11",-0.428114202677523,0.83051842769989
"CHEK1;PTK2",-1.70732979321014,0.996820526247479
"JAK1;PTK2",-0.600604533147422,0.83051842769989
"AKT1;FRK",-0.300525598828883,0.83051842769989
"BRD4;FRK",-0.149515665299749,0.83051842769989
"FRK;MYC",-1.54664451067661,0.996820526247479
"FRK;MAP2K1",-0.215728971610705,0.83051842769989
"FRK;MAPK1",-0.210455564545075,0.83051842769989
"FRK;WEE1",-0.766573447064353,0.853574901309786
"ARID1A;FRK",-0.47097112567031,0.83051842769989
"FRK;PRMT1",-1.21750661080032,0.963794725942393
"FRK;PARP1",-1.12197294726347,0.924916103508183
"FRK;PORCN",-0.316295263544804,0.83051842769989
"FRK;MDM2",-0.564931920244305,0.83051842769989
"EGFR;FRK",-0.44640265517428,0.83051842769989
"FRK;SMAD4",-0.265804366992409,0.83051842769989
"DNMT1;FRK",-0.461363401028262,0.83051842769989
"FRK;RAF1",-0.113605280013849,0.83051842769989
"CDK6;FRK",-0.575001660938966,0.83051842769989
"ATR;FRK",-1.02630473783096,0.911048075840199
"FRK;MCL1",-0.204804965465853,0.83051842769989
"BCL2;FRK",-0.65486070375435,0.83051842769989
"FRK;PRMT5",-0.857214748752853,0.864062937998112
"ATM;FRK",-0.34647990111486,0.83051842769989
"BCL2L1;FRK",-0.201732980413246,0.83051842769989
"FRK;KRAS",-0.383918705972209,0.83051842769989
"CDK4;FRK",-0.228914555997691,0.83051842769989
"CTNNB1;FRK",-0.996538992883303,0.903467052793968
"BRAF;FRK",-0.120058095656528,0.83051842769989
"FRK;MAP2K2",-0.225980079784768,0.83051842769989
"FRK;PIK3CA",-0.429543079479395,0.83051842769989
"FRK;IGF1R",-0.228258511736216,0.83051842769989
"FRK;TAZ",-0.151826257617463,0.83051842769989
"FRK;WRN",-0.206570478370577,0.83051842769989
"AKT2;FRK",-0.556994917651459,0.83051842769989
"FRK;SRC",-0.222136074701937,0.83051842769989
"DNMT3B;FRK",-0.458945242050871,0.83051842769989
"APC;FRK",-0.239536866884637,0.83051842769989
"ERBB2;FRK",-0.185268857042945,0.83051842769989
"FRK;YAP1",-0.231028613518494,0.83051842769989
"FRK;PTPN11",-0.171927365808585,0.83051842769989
"CHEK1;FRK",-1.61107619808792,0.996820526247479
"FRK;JAK1",-0.606707658086267,0.83051842769989
"AKT1;CCNB1",-0.381445054791904,0.83051842769989
"BRD4;CCNB1",-0.144224516289351,0.83051842769989
"CCNB1;MYC",-1.63457147513837,0.996820526247479
"CCNB1;MAP2K1",-0.0797289931849229,0.83051842769989
"CCNB1;MAPK1",-0.229066548923376,0.83051842769989
"CCNB1;WEE1",-0.79342717489101,0.856933965766506
"ARID1A;CCNB1",-0.425949372575248,0.83051842769989
"CCNB1;PRMT1",-1.36901924785914,0.996820526247479
"CCNB1;PARP1",-1.0957782066996,0.92317363085918
"CCNB1;PORCN",-0.285999607515315,0.83051842769989
"CCNB1;MDM2",-0.561212965325508,0.83051842769989
"CCNB1;EGFR",-0.465745104610749,0.83051842769989
"CCNB1;SMAD4",-0.372896738908377,0.83051842769989
"CCNB1;DNMT1",-0.485829193610898,0.83051842769989
"CCNB1;RAF1",-0.283515857378195,0.83051842769989
"CCNB1;CDK6",-0.782781007482302,0.855443174457673
"ATR;CCNB1",-1.10440447418132,0.92376303061524
"CCNB1;MCL1",-0.0329491788291606,0.83051842769989
"BCL2;CCNB1",-0.618205963594624,0.83051842769989
"CCNB1;PRMT5",-0.787576504644638,0.85591906556734
"ATM;CCNB1",-0.301782803452225,0.83051842769989
"BCL2L1;CCNB1",-0.18106909651148,0.83051842769989
"CCNB1;KRAS",-0.428032769770846,0.83051842769989
"CCNB1;CDK4",-0.120322211874646,0.83051842769989
"CCNB1;CTNNB1",-0.994601525529164,0.902980778911611
"BRAF;CCNB1",-0.0576618805542433,0.83051842769989
"CCNB1;MAP2K2",0.139448510750382,0.83051842769989
"CCNB1;PIK3CA",-0.556369734296514,0.83051842769989
"CCNB1;IGF1R",-0.298049235337639,0.83051842769989
"CCNB1;TAZ",-0.171796695192506,0.83051842769989
"CCNB1;WRN",-0.27476609160744,0.83051842769989
"AKT2;CCNB1",-0.544626003060652,0.83051842769989
"CCNB1;SRC",-0.159775621349124,0.83051842769989
"CCNB1;DNMT3B",-0.534379613741009,0.83051842769989
"APC;CCNB1",-0.221906832880186,0.83051842769989
"CCNB1;ERBB2",-0.059580278450513,0.83051842769989
"CCNB1;YAP1",-0.236045384236599,0.83051842769989
"CCNB1;PTPN11",-0.0130930875997458,0.83051842769989
"CCNB1;CHEK1",-1.73881122322927,0.996820526247479
"CCNB1;JAK1",-0.479813888038343,0.83051842769989
"AKT1;PANK1",-0.390054654040661,0.83051842769989
"BRD4;PANK1",-0.345369890380619,0.83051842769989
"MYC;PANK1",-1.49694227957312,0.996820526247479
"MAP2K1;PANK1",-0.400053125961264,0.83051842769989
"MAPK1;PANK1",-0.310652358213842,0.83051842769989
"PANK1;WEE1",-0.850751153763655,0.863082816599217
"ARID1A;PANK1",-0.43659921822598,0.83051842769989
"PANK1;PRMT1",-1.3652364386235,0.996820526247479
"PANK1;PARP1",-1.09486625468618,0.92312459080602
"PANK1;PORCN",-0.423571878617094,0.83051842769989
"MDM2;PANK1",-0.597216756268322,0.83051842769989
"EGFR;PANK1",-0.495303287365422,0.83051842769989
"PANK1;SMAD4",-0.395318405479652,0.83051842769989
"DNMT1;PANK1",-0.605995440253304,0.83051842769989
"PANK1;RAF1",-0.360226428691473,0.83051842769989
"CDK6;PANK1",-0.819072445976074,0.85826452060764
"ATR;PANK1",-1.05749731172554,0.916518219719851
"MCL1;PANK1",-0.380670827491737,0.83051842769989
"BCL2;PANK1",-0.514340653810689,0.83051842769989
"PANK1;PRMT5",-0.824473769907579,0.858331491194975
"ATM;PANK1",-0.424387294502325,0.83051842769989
"BCL2L1;PANK1",-0.375452453013542,0.83051842769989
"KRAS;PANK1",-0.424542548540613,0.83051842769989
"CDK4;PANK1",-0.323618935014079,0.83051842769989
"CTNNB1;PANK1",-1.04364155725474,0.913515079259661
"BRAF;PANK1",-0.424635594157107,0.83051842769989
"MAP2K2;PANK1",-0.242844550142591,0.83051842769989
"PANK1;PIK3CA",-0.562719348608465,0.83051842769989
"IGF1R;PANK1",-0.395055646913363,0.83051842769989
"PANK1;TAZ",-0.388009057058403,0.83051842769989
"PANK1;WRN",-0.249708683759121,0.83051842769989
"AKT2;PANK1",-0.56554277649529,0.83051842769989
"PANK1;SRC",-0.4325628442629,0.83051842769989
"DNMT3B;PANK1",-0.494256255000393,0.83051842769989
"APC;PANK1",-0.396271587713352,0.83051842769989
"ERBB2;PANK1",-0.386202378980609,0.83051842769989
"PANK1;YAP1",-0.384912810638227,0.83051842769989
"PANK1;PTPN11",-0.390893187528637,0.83051842769989
"CHEK1;PANK1",-1.53650096875941,0.996820526247479
"JAK1;PANK1",-0.516344461617162,0.83051842769989
"AKT1;DGUOK",-0.38079881607827,0.83051842769989
"BRD4;DGUOK",-0.273631867443838,0.83051842769989
"DGUOK;MYC",-1.64365514132191,0.996820526247479
"DGUOK;MAP2K1",-0.353883174214251,0.83051842769989
"DGUOK;MAPK1",-0.377493167636358,0.83051842769989
"DGUOK;WEE1",-0.782264644356997,0.855443174457673
"ARID1A;DGUOK",-0.472920744789881,0.83051842769989
"DGUOK;PRMT1",-1.39100762302625,0.996820526247479
"DGUOK;PARP1",-1.06644247639622,0.918626608251993
"DGUOK;PORCN",-0.341847823070785,0.83051842769989
"DGUOK;MDM2",-0.550806600714685,0.83051842769989
"DGUOK;EGFR",-0.508776375588196,0.83051842769989
"DGUOK;SMAD4",-0.374465197126261,0.83051842769989
"DGUOK;DNMT1",-0.569314038913989,0.83051842769989
"DGUOK;RAF1",-0.333067047288796,0.83051842769989
"CDK6;DGUOK",-0.783655024760669,0.855443174457673
"ATR;DGUOK",-1.05088273432356,0.914885298355168
"DGUOK;MCL1",-0.36142557316873,0.83051842769989
"BCL2;DGUOK",-0.644889818928082,0.83051842769989
"DGUOK;PRMT5",-0.838960807536097,0.860372130595238
"ATM;DGUOK",-0.342467741834084,0.83051842769989
"BCL2L1;DGUOK",-0.399072902795077,0.83051842769989
"DGUOK;KRAS",-0.443687207523473,0.83051842769989
"CDK4;DGUOK",-0.391941024319005,0.83051842769989
"CTNNB1;DGUOK",-0.913664166393225,0.879233837218679
"BRAF;DGUOK",-0.126015756887954,0.83051842769989
"DGUOK;MAP2K2",-0.308375432601956,0.83051842769989
"DGUOK;PIK3CA",-0.537670198658567,0.83051842769989
"DGUOK;IGF1R",-0.341407558464798,0.83051842769989
"DGUOK;TAZ",-0.397481342948441,0.83051842769989
"DGUOK;WRN",-0.278778463354301,0.83051842769989
"AKT2;DGUOK",-0.553903731004941,0.83051842769989
"DGUOK;SRC",-0.342082033038628,0.83051842769989
"DGUOK;DNMT3B",-0.515943511073408,0.83051842769989
"APC;DGUOK",-0.381595901346989,0.83051842769989
"DGUOK;ERBB2",-0.356735696165784,0.83051842769989
"DGUOK;YAP1",-0.38719274912724,0.83051842769989
"DGUOK;PTPN11",-0.368342592301875,0.83051842769989
"CHEK1;DGUOK",-1.58801721796729,0.996820526247479
"DGUOK;JAK1",-0.570580793503627,0.83051842769989
"AKT1;PIK3C3",-0.380766425436658,0.83051842769989
"BRD4;PIK3C3",-0.419484901409555,0.83051842769989
"MYC;PIK3C3",-1.46372376168238,0.996820526247479
"MAP2K1;PIK3C3",-0.395418715935958,0.83051842769989
"MAPK1;PIK3C3",-0.355612368361042,0.83051842769989
"PIK3C3;WEE1",-0.595994607121214,0.83051842769989
"ARID1A;PIK3C3",-0.476148327461661,0.83051842769989
"PIK3C3;PRMT1",-1.3279635405325,0.992631515570185
"PARP1;PIK3C3",-1.08138160463049,0.921488432930172
"PIK3C3;PORCN",-0.405991536004516,0.83051842769989
"MDM2;PIK3C3",-0.522644300304761,0.83051842769989
"EGFR;PIK3C3",-0.478007042534246,0.83051842769989
"PIK3C3;SMAD4",-0.426036271969525,0.83051842769989
"DNMT1;PIK3C3",-0.517497047496281,0.83051842769989
"PIK3C3;RAF1",-0.318878754204215,0.83051842769989
"CDK6;PIK3C3",-0.796644536517602,0.857223296658322
"ATR;PIK3C3",-1.08946357390264,0.922231839492184
"MCL1;PIK3C3",-0.37591652148506,0.83051842769989
"BCL2;PIK3C3",-0.635569247000972,0.83051842769989
"PIK3C3;PRMT5",-0.855922348894888,0.863913566523911
"ATM;PIK3C3",-0.286160209878147,0.83051842769989
"BCL2L1;PIK3C3",-0.306620794651915,0.83051842769989
"KRAS;PIK3C3",-0.429155457415466,0.83051842769989
"CDK4;PIK3C3",-0.40928244428203,0.83051842769989
"CTNNB1;PIK3C3",-0.945946303108261,0.888231399331582
"BRAF;PIK3C3",-0.409129831080104,0.83051842769989
"MAP2K2;PIK3C3",-0.385339786927892,0.83051842769989
"PIK3C3;PIK3CA",-0.465707856302645,0.83051842769989
"IGF1R;PIK3C3",-0.435864595433208,0.83051842769989
"PIK3C3;TAZ",-0.407534856722208,0.83051842769989
"PIK3C3;WRN",-0.382238049423726,0.83051842769989
"AKT2;PIK3C3",-0.503477127832198,0.83051842769989
"PIK3C3;SRC",-0.416164115404498,0.83051842769989
"DNMT3B;PIK3C3",-0.52813538701362,0.83051842769989
"APC;PIK3C3",-0.355055296567275,0.83051842769989
"ERBB2;PIK3C3",-0.435157051764243,0.83051842769989
"PIK3C3;YAP1",-0.219802663300217,0.83051842769989
"PIK3C3;PTPN11",-0.417968155243268,0.83051842769989
"CHEK1;PIK3C3",-1.68862059102541,0.996820526247479
"JAK1;PIK3C3",-0.558050925689018,0.83051842769989
"AKT1;ITGB1",-0.369473145493056,0.83051842769989
"BRD4;ITGB1",-0.128982554652275,0.83051842769989
"ITGB1;MYC",-1.64849110955425,0.996820526247479
"ITGB1;MAP2K1",-0.219966930384602,0.83051842769989
"ITGB1;MAPK1",-0.172031257165048,0.83051842769989
"ITGB1;WEE1",-0.71930302501667,0.84410788938019
"ARID1A;ITGB1",-0.423246836750909,0.83051842769989
"ITGB1;PRMT1",-1.30366548958781,0.988310155108431
"ITGB1;PARP1",-1.11017158931233,0.924121252169155
"ITGB1;PORCN",-0.327792775662469,0.83051842769989
"ITGB1;MDM2",-0.591172009132158,0.83051842769989
"EGFR;ITGB1",-0.476051146024306,0.83051842769989
"ITGB1;SMAD4",-0.367554049789915,0.83051842769989
"DNMT1;ITGB1",-0.572476888138939,0.83051842769989
"ITGB1;RAF1",-0.244761314620857,0.83051842769989
"CDK6;ITGB1",-0.634424995823533,0.83051842769989
"ATR;ITGB1",-1.09868338690663,0.923386522220011
"ITGB1;MCL1",-0.208283064640266,0.83051842769989
"BCL2;ITGB1",-0.644564664510181,0.83051842769989
"ITGB1;PRMT5",-0.859153958379657,0.86443615298251
"ATM;ITGB1",-0.36111852043724,0.83051842769989
"BCL2L1;ITGB1",-0.302068044369504,0.83051842769989
"ITGB1;KRAS",-0.344176890744894,0.83051842769989
"CDK4;ITGB1",-0.224369051586402,0.83051842769989
"CTNNB1;ITGB1",-0.930281515169298,0.883895272446356
"BRAF;ITGB1",-0.26917336809293,0.83051842769989
"ITGB1;MAP2K2",-0.255269643162064,0.83051842769989
"ITGB1;PIK3CA",-0.556080549015578,0.83051842769989
"IGF1R;ITGB1",-0.326129831063668,0.83051842769989
"ITGB1;TAZ",-0.232845012368476,0.83051842769989
"ITGB1;WRN",-0.285790440074764,0.83051842769989
"AKT2;ITGB1",-0.53499002751782,0.83051842769989
"ITGB1;SRC",-0.263747877396503,0.83051842769989
"DNMT3B;ITGB1",-0.540004203644256,0.83051842769989
"APC;ITGB1",-0.24661570914085,0.83051842769989
"ERBB2;ITGB1",-0.262428590172907,0.83051842769989
"ITGB1;YAP1",-0.318203806347569,0.83051842769989
"ITGB1;PTPN11",-0.213284010272383,0.83051842769989
"CHEK1;ITGB1",-1.70337091016216,0.996820526247479
"ITGB1;JAK1",-0.620629403458588,0.83051842769989
"AKT1;ERBB4",-0.36633683677959,0.83051842769989
"BRD4;ERBB4",-0.193093282427075,0.83051842769989
"ERBB4;MYC",-1.44274846805961,0.996820526247479
"ERBB4;MAP2K1",-0.125868927618752,0.83051842769989
"ERBB4;MAPK1",-0.18053397495502,0.83051842769989
"ERBB4;WEE1",-0.897108289905906,0.874291246168425
"ARID1A;ERBB4",-0.479312053974206,0.83051842769989
"ERBB4;PRMT1",-1.38015647620786,0.996820526247479
"ERBB4;PARP1",-1.0903025279123,0.922377512721138
"ERBB4;PORCN",-0.188305997812732,0.83051842769989
"ERBB4;MDM2",-0.546496541364038,0.83051842769989
"EGFR;ERBB4",-0.423021551175909,0.83051842769989
"ERBB4;SMAD4",-0.282782998480035,0.83051842769989
"DNMT1;ERBB4",-0.538442521566782,0.83051842769989
"ERBB4;RAF1",-0.284538502509854,0.83051842769989
"CDK6;ERBB4",-0.788141276577815,0.856024639264969
"ATR;ERBB4",-0.927855283751684,0.883530714269682
"ERBB4;MCL1",-0.0884188957176538,0.83051842769989
"BCL2;ERBB4",-0.663733703921401,0.83051842769989
"ERBB4;PRMT5",-0.847205828270876,0.861972121493109
"ATM;ERBB4",-0.347884406947713,0.83051842769989
"BCL2L1;ERBB4",-0.284474951094801,0.83051842769989
"ERBB4;KRAS",-0.412120670447835,0.83051842769989
"CDK4;ERBB4",-0.101475502268069,0.83051842769989
"CTNNB1;ERBB4",-1.00752950322777,0.906102940821111
"BRAF;ERBB4",0.0144839191195636,0.83051842769989
"ERBB4;MAP2K2",-0.0691365370550009,0.83051842769989
"ERBB4;PIK3CA",-0.49374245170673,0.83051842769989
"ERBB4;IGF1R",-0.257975647616052,0.83051842769989
"ERBB4;TAZ",-0.170644137172415,0.83051842769989
"ERBB4;WRN",-0.20401358767058,0.83051842769989
"AKT2;ERBB4",-0.467171717135394,0.83051842769989
"ERBB4;SRC",-0.17074986480459,0.83051842769989
"DNMT3B;ERBB4",-0.424470148755637,0.83051842769989
"APC;ERBB4",-0.247271742415263,0.83051842769989
"ERBB2;ERBB4",-0.124352823329092,0.83051842769989
"ERBB4;YAP1",-0.263528230006517,0.83051842769989
"ERBB4;PTPN11",-0.111270450080767,0.83051842769989
"CHEK1;ERBB4",-1.7728982906559,0.996820526247479
"ERBB4;JAK1",-0.620796204296605,0.83051842769989
"AKT1;PDCD5",-0.340014107188978,0.83051842769989
"BRD4;PDCD5",-0.339531292443104,0.83051842769989
"MYC;PDCD5",-1.46979634235683,0.996820526247479
"MAP2K1;PDCD5",-0.284388146280362,0.83051842769989
"MAPK1;PDCD5",-0.36633900920193,0.83051842769989
"PDCD5;WEE1",-0.656112587681303,0.83051842769989
"ARID1A;PDCD5",-0.422784353792072,0.83051842769989
"PDCD5;PRMT1",-1.35461026133303,0.996369231474123
"PARP1;PDCD5",-1.10542890147106,0.923850009252945
"PDCD5;PORCN",-0.375345703669927,0.83051842769989
"MDM2;PDCD5",-0.508819925672598,0.83051842769989
"EGFR;PDCD5",-0.428687550244561,0.83051842769989
"PDCD5;SMAD4",-0.365662953873963,0.83051842769989
"DNMT1;PDCD5",-0.62398224580318,0.83051842769989
"PDCD5;RAF1",-0.287324495339821,0.83051842769989
"CDK6;PDCD5",-0.802444391765293,0.857445669988327
"ATR;PDCD5",-1.02068867429269,0.909425323589825
"MCL1;PDCD5",-0.361562698454448,0.83051842769989
"BCL2;PDCD5",-0.641291894065003,0.83051842769989
"PDCD5;PRMT5",-0.757622372285643,0.852722025409553
"ATM;PDCD5",-0.321725702665252,0.83051842769989
"BCL2L1;PDCD5",-0.347786713247542,0.83051842769989
"KRAS;PDCD5",-0.378786875473929,0.83051842769989
"CDK4;PDCD5",-0.376194401919955,0.83051842769989
"CTNNB1;PDCD5",-1.00048107310781,0.904452644108762
"BRAF;PDCD5",-0.3563385887873,0.83051842769989
"MAP2K2;PDCD5",-0.317458825119259,0.83051842769989
"PDCD5;PIK3CA",-0.534011056115862,0.83051842769989
"IGF1R;PDCD5",-0.305799538589172,0.83051842769989
"PDCD5;TAZ",-0.36667545921935,0.83051842769989
"PDCD5;WRN",-0.287169880716584,0.83051842769989
"AKT2;PDCD5",-0.551045185457639,0.83051842769989
"PDCD5;SRC",-0.346121460683117,0.83051842769989
"DNMT3B;PDCD5",-0.519895123407992,0.83051842769989
"APC;PDCD5",-0.349710754232568,0.83051842769989
"ERBB2;PDCD5",-0.370541094905876,0.83051842769989
"PDCD5;YAP1",-0.363555374974983,0.83051842769989
"PDCD5;PTPN11",-0.31882377429678,0.83051842769989
"CHEK1;PDCD5",-1.68810259856923,0.996820526247479
"JAK1;PDCD5",-0.56562594377601,0.83051842769989
"AKT1;RNF43",-0.343323960224579,0.83051842769989
"BRD4;RNF43",-0.302721782520392,0.83051842769989
"MYC;RNF43",-1.60784670971231,0.996820526247479
"MAP2K1;RNF43",-0.262221980298581,0.83051842769989
"MAPK1;RNF43",-0.292401953506875,0.83051842769989
"RNF43;WEE1",-0.897472710410216,0.874363253223924
"ARID1A;RNF43",-0.46337610194065,0.83051842769989
"PRMT1;RNF43",-1.37468219530753,0.996820526247479
"PARP1;RNF43",-1.05232551848746,0.915216534576977
"PORCN;RNF43",-0.33166489985228,0.83051842769989
"MDM2;RNF43",-0.57212163773117,0.83051842769989
"EGFR;RNF43",-0.479939351234912,0.83051842769989
"RNF43;SMAD4",-0.349205979186456,0.83051842769989
"DNMT1;RNF43",-0.589495311903754,0.83051842769989
"RAF1;RNF43",-0.26540428170072,0.83051842769989
"CDK6;RNF43",-0.600636421763381,0.83051842769989
"ATR;RNF43",-1.04488518501899,0.913701590084969
"MCL1;RNF43",-0.270404794251057,0.83051842769989
"BCL2;RNF43",-0.582045253917622,0.83051842769989
"PRMT5;RNF43",-0.840159008883294,0.860483193364511
"ATM;RNF43",-0.374526023328274,0.83051842769989
"BCL2L1;RNF43",-0.29774737478848,0.83051842769989
"KRAS;RNF43",-0.452319732583968,0.83051842769989
"CDK4;RNF43",-0.254377588423031,0.83051842769989
"CTNNB1;RNF43",-1.01883177401448,0.90935463268898
"BRAF;RNF43",-0.308699495477688,0.83051842769989
"MAP2K2;RNF43",-0.0794414289803405,0.83051842769989
"PIK3CA;RNF43",-0.525933870310586,0.83051842769989
"IGF1R;RNF43",-0.261364877267341,0.83051842769989
"RNF43;TAZ",-0.294979250827767,0.83051842769989
"RNF43;WRN",-0.330012755904282,0.83051842769989
"AKT2;RNF43",-0.56673071312046,0.83051842769989
"RNF43;SRC",-0.210169781830964,0.83051842769989
"DNMT3B;RNF43",-0.511612244768171,0.83051842769989
"APC;RNF43",-0.283507301730829,0.83051842769989
"ERBB2;RNF43",-0.13841919116847,0.83051842769989
"RNF43;YAP1",-0.312453140731816,0.83051842769989
"PTPN11;RNF43",-0.20508808328036,0.83051842769989
"CHEK1;RNF43",-1.78137677521126,0.996820526247479
"JAK1;RNF43",-0.602332428790199,0.83051842769989
"AKT1;SATB1",-0.349717559752148,0.83051842769989
"BRD4;SATB1",-0.224309270926353,0.83051842769989
"MYC;SATB1",-1.65236342254877,0.996820526247479
"MAP2K1;SATB1",-0.160236331364002,0.83051842769989
"MAPK1;SATB1",-0.204179090875508,0.83051842769989
"SATB1;WEE1",-0.76316594989381,0.853329897622711
"ARID1A;SATB1",-0.470434604550672,0.83051842769989
"PRMT1;SATB1",-1.22565689534354,0.966717308357463
"PARP1;SATB1",-1.1211274489029,0.924916103508183
"PORCN;SATB1",-0.315695157198896,0.83051842769989
"MDM2;SATB1",-0.507518566071745,0.83051842769989
"EGFR;SATB1",-0.408075959825479,0.83051842769989
"SATB1;SMAD4",-0.324687410488707,0.83051842769989
"DNMT1;SATB1",-0.62222196441312,0.83051842769989
"RAF1;SATB1",-0.249746826487218,0.83051842769989
"CDK6;SATB1",-0.73848831175549,0.848264934835957
"ATR;SATB1",-1.06204612554366,0.917780288985292
"MCL1;SATB1",0.0241279572396047,0.83051842769989
"BCL2;SATB1",-0.641778220576297,0.83051842769989
"PRMT5;SATB1",-0.792164143677034,0.856844608927936
"ATM;SATB1",-0.39768315614371,0.83051842769989
"BCL2L1;SATB1",-0.342324129899836,0.83051842769989
"KRAS;SATB1",-0.45055890304804,0.83051842769989
"CDK4;SATB1",-0.197676717798697,0.83051842769989
"CTNNB1;SATB1",-0.917155743999565,0.880323252609445
"BRAF;SATB1",-0.207233883036652,0.83051842769989
"MAP2K2;SATB1",-0.125886149581288,0.83051842769989
"PIK3CA;SATB1",-0.524896544894146,0.83051842769989
"IGF1R;SATB1",-0.357803434530145,0.83051842769989
"SATB1;TAZ",-0.189131744787958,0.83051842769989
"SATB1;WRN",-0.26428735178772,0.83051842769989
"AKT2;SATB1",-0.541347315215868,0.83051842769989
"SATB1;SRC",-0.206631587828741,0.83051842769989
"DNMT3B;SATB1",-0.531780689450832,0.83051842769989
"APC;SATB1",-0.180045398409725,0.83051842769989
"ERBB2;SATB1",-0.204461549607531,0.83051842769989
"SATB1;YAP1",-0.32392215304581,0.83051842769989
"PTPN11;SATB1",-0.193754711831453,0.83051842769989
"CHEK1;SATB1",-1.67189080791661,0.996820526247479
"JAK1;SATB1",-0.606608697884367,0.83051842769989
"AKT1;STK32C",-0.334183463718491,0.83051842769989
"BRD4;STK32C",-0.252891470292489,0.83051842769989
"MYC;STK32C",-1.46810212405518,0.996820526247479
"MAP2K1;STK32C",-0.0454183355436456,0.83051842769989
"MAPK1;STK32C",-0.219811207757763,0.83051842769989
"STK32C;WEE1",-0.930074541896927,0.883895272446356
"ARID1A;STK32C",-0.301747341074952,0.83051842769989
"PRMT1;STK32C",-1.33720749029971,0.994393450967399
"PARP1;STK32C",-1.10851720200507,0.923912235646249
"PORCN;STK32C",-0.302530480220377,0.83051842769989
"MDM2;STK32C",-0.557027256469454,0.83051842769989
"EGFR;STK32C",-0.500143295092936,0.83051842769989
"SMAD4;STK32C",-0.37153872319258,0.83051842769989
"DNMT1;STK32C",-0.423306505563419,0.83051842769989
"RAF1;STK32C",-0.281782001886131,0.83051842769989
"CDK6;STK32C",-0.80962241939199,0.858150763100959
"ATR;STK32C",-1.00018744491812,0.904412990730169
"MCL1;STK32C",-0.0437299484888749,0.83051842769989
"BCL2;STK32C",-0.593256210015022,0.83051842769989
"PRMT5;STK32C",-0.589315890110354,0.83051842769989
"ATM;STK32C",-0.361393385856191,0.83051842769989
"BCL2L1;STK32C",-0.240641349676586,0.83051842769989
"KRAS;STK32C",-0.394581413501812,0.83051842769989
"CDK4;STK32C",-0.155386759783953,0.83051842769989
"CTNNB1;STK32C",-1.00131644058351,0.904649075364505
"BRAF;STK32C",0.0336122113554493,0.83051842769989
"MAP2K2;STK32C",-0.00603129123543239,0.83051842769989
"PIK3CA;STK32C",-0.404505669392586,0.83051842769989
"IGF1R;STK32C",-0.305330726362209,0.83051842769989
"STK32C;TAZ",-0.143273168642065,0.83051842769989
"STK32C;WRN",-0.30985843994861,0.83051842769989
"AKT2;STK32C",-0.559128794328105,0.83051842769989
"SRC;STK32C",-0.106506027828862,0.83051842769989
"DNMT3B;STK32C",-0.496972770457884,0.83051842769989
"APC;STK32C",-0.192991338608618,0.83051842769989
"ERBB2;STK32C",-0.0102312318695978,0.83051842769989
"STK32C;YAP1",-0.125541110330629,0.83051842769989
"PTPN11;STK32C",-0.0995987764202964,0.83051842769989
"CHEK1;STK32C",-1.73182590055404,0.996820526247479
"JAK1;STK32C",-0.527022759248549,0.83051842769989
"AKT1;MET",-0.32409847249916,0.83051842769989
"BRD4;MET",-0.194750876967775,0.83051842769989
"MET;MYC",-1.61336336071329,0.996820526247479
"MAP2K1;MET",-0.14990663468691,0.83051842769989
"MAPK1;MET",-0.214569717460079,0.83051842769989
"MET;WEE1",-0.748143999257633,0.850572924027822
"ARID1A;MET",-0.471523005250611,0.83051842769989
"MET;PRMT1",-1.36368721447143,0.996820526247479
"MET;PARP1",-1.06161428516595,0.917700728407084
"MET;PORCN",-0.317000599799434,0.83051842769989
"MDM2;MET",-0.566186432331902,0.83051842769989
"EGFR;MET",-0.497769058174992,0.83051842769989
"MET;SMAD4",-0.323137210583549,0.83051842769989
"DNMT1;MET",-0.586345299884601,0.83051842769989
"MET;RAF1",-0.237025542081605,0.83051842769989
"CDK6;MET",-0.761389055505789,0.853289623613676
"ATR;MET",-0.767922172432197,0.853685852859269
"MCL1;MET",-0.188743733033163,0.83051842769989
"BCL2;MET",-0.627123746830918,0.83051842769989
"MET;PRMT5",-0.807739283861472,0.858087473581107
"ATM;MET",-0.388414244108234,0.83051842769989
"BCL2L1;MET",-0.198155209867867,0.83051842769989
"KRAS;MET",-0.445555613711812,0.83051842769989
"CDK4;MET",-0.210110959890511,0.83051842769989
"CTNNB1;MET",-0.937505163899638,0.885896344551282
"BRAF;MET",-0.178046320263165,0.83051842769989
"MAP2K2;MET",-0.230381903822922,0.83051842769989
"MET;PIK3CA",-0.516099767373167,0.83051842769989
"IGF1R;MET",-0.2410425780062,0.83051842769989
"MET;TAZ",-0.193430714216348,0.83051842769989
"MET;WRN",-0.132185850504089,0.83051842769989
"AKT2;MET",-0.541248797333723,0.83051842769989
"MET;SRC",-0.232437809793356,0.83051842769989
"DNMT3B;MET",-0.508295037657569,0.83051842769989
"APC;MET",-0.233919001274609,0.83051842769989
"ERBB2;MET",-0.126200489966379,0.83051842769989
"MET;YAP1",-0.300486351791611,0.83051842769989
"MET;PTPN11",-0.189903037124715,0.83051842769989
"CHEK1;MET",-1.78513591639584,0.996820526247479
"JAK1;MET",-0.568655178230458,0.83051842769989
"AKT1;SIK1",-0.365712656110965,0.83051842769989
"BRD4;SIK1",-0.222957737469645,0.83051842769989
"MYC;SIK1",-1.61289027957505,0.996820526247479
"MAP2K1;SIK1",-0.129126077608295,0.83051842769989
"MAPK1;SIK1",-0.217846161988915,0.83051842769989
"SIK1;WEE1",-0.942105232235619,0.887343877263922
"ARID1A;SIK1",-0.350462102995808,0.83051842769989
"PRMT1;SIK1",-1.30942318167325,0.98937615153971
"PARP1;SIK1",-1.10273751281555,0.923663572518265
"PORCN;SIK1",-0.280564435001396,0.83051842769989
"MDM2;SIK1",-0.552227987738085,0.83051842769989
"EGFR;SIK1",-0.511839987357854,0.83051842769989
"SIK1;SMAD4",-0.328756623030594,0.83051842769989
"DNMT1;SIK1",-0.519886356865637,0.83051842769989
"RAF1;SIK1",-0.281481684185678,0.83051842769989
"CDK6;SIK1",-0.81196332641656,0.858150763100959
"ATR;SIK1",-1.11027336573174,0.924121252169155
"MCL1;SIK1",-0.107656370703365,0.83051842769989
"BCL2;SIK1",-0.657222090035693,0.83051842769989
"PRMT5;SIK1",-0.865440037537702,0.865027463644771
"ATM;SIK1",-0.403452931054373,0.83051842769989
"BCL2L1;SIK1",-0.346110415059698,0.83051842769989
"KRAS;SIK1",-0.455884640586866,0.83051842769989
"CDK4;SIK1",-0.164462757091175,0.83051842769989
"CTNNB1;SIK1",-0.995094086861815,0.903060996412981
"BRAF;SIK1",0.0536696872228547,0.83051842769989
"MAP2K2;SIK1",-0.0856350403252103,0.83051842769989
"PIK3CA;SIK1",-0.528268576836419,0.83051842769989
"IGF1R;SIK1",-0.194152272611703,0.83051842769989
"SIK1;TAZ",-0.148651148959197,0.83051842769989
"SIK1;WRN",-0.311729180797399,0.83051842769989
"AKT2;SIK1",-0.548937689616859,0.83051842769989
"SIK1;SRC",-0.105690084633371,0.83051842769989
"DNMT3B;SIK1",-0.524882705581651,0.83051842769989
"APC;SIK1",-0.234118926951591,0.83051842769989
"ERBB2;SIK1",0.0744052085727807,0.83051842769989
"SIK1;YAP1",-0.325069605302739,0.83051842769989
"PTPN11;SIK1",-0.102787559359009,0.83051842769989
"CHEK1;SIK1",-1.63386711675947,0.996820526247479
"JAK1;SIK1",-0.593234325147275,0.83051842769989
"AKT1;POLA1",-1.4974557533916,0.996820526247479
"BRD4;POLA1",-1.43980021477325,0.996820526247479
"MYC;POLA1",-0.862065356265035,0.864680931476723
"MAP2K1;POLA1",-1.58354761733969,0.996820526247479
"MAPK1;POLA1",-1.67963762787591,0.996820526247479
"POLA1;WEE1",-1.11183101895393,0.924173308225278
"ARID1A;POLA1",-1.53783881181363,0.996820526247479
"POLA1;PRMT1",-0.784268379501502,0.855443174457673
"PARP1;POLA1",-1.60104386231121,0.996820526247479
"POLA1;PORCN",-1.26735277396073,0.979516113985509
"MDM2;POLA1",-1.42195246808655,0.996820526247479
"EGFR;POLA1",-1.6937171281064,0.996820526247479
"POLA1;SMAD4",-1.42425140924784,0.996820526247479
"DNMT1;POLA1",-1.59128264256455,0.996820526247479
"POLA1;RAF1",-1.70290637554661,0.996820526247479
"CDK6;POLA1",-1.32078054842744,0.991248613798887
"ATR;POLA1",-1.0623323777115,0.917780288985292
"MCL1;POLA1",-1.471853863471,0.996820526247479
"BCL2;POLA1",-1.53000478220961,0.996820526247479
"POLA1;PRMT5",-1.19971897851684,0.9574579200721
"ATM;POLA1",-1.36505153117252,0.996820526247479
"BCL2L1;POLA1",-1.45982142227757,0.996820526247479
"KRAS;POLA1",-1.58990267624033,0.996820526247479
"CDK4;POLA1",-1.71517991268854,0.996820526247479
"CTNNB1;POLA1",-1.32951358457527,0.992860450564324
"BRAF;POLA1",-1.71356739021885,0.996820526247479
"MAP2K2;POLA1",-1.69046653071492,0.996820526247479
"PIK3CA;POLA1",-1.57666596344041,0.996820526247479
"IGF1R;POLA1",-1.28837628457043,0.985051469083052
"POLA1;TAZ",-1.56755925265621,0.996820526247479
"POLA1;WRN",-1.46942492712026,0.996820526247479
"AKT2;POLA1",-1.39161261992588,0.996820526247479
"POLA1;SRC",-1.6593354919667,0.996820526247479
"DNMT3B;POLA1",-1.29120984421416,0.985457045144755
"APC;POLA1",-1.63323959843032,0.996820526247479
"ERBB2;POLA1",-1.67992985900239,0.996820526247479
"POLA1;YAP1",-1.54861011166373,0.996820526247479
"POLA1;PTPN11",-1.71348744708548,0.996820526247479
"CHEK1;POLA1",-0.724169739436245,0.845131411053885
"JAK1;POLA1",-1.3096103003875,0.98937615153971
"AKT1;PRKAR1A",-0.346122473605641,0.83051842769989
"BRD4;PRKAR1A",-0.280544875016066,0.83051842769989
"MYC;PRKAR1A",-1.61625177894669,0.996820526247479
"MAP2K1;PRKAR1A",-0.3363340240294,0.83051842769989
"MAPK1;PRKAR1A",-0.28958799065153,0.83051842769989
"PRKAR1A;WEE1",-0.861426548099434,0.864680931476723
"ARID1A;PRKAR1A",-0.434250426862921,0.83051842769989
"PRKAR1A;PRMT1",-1.32855508480671,0.99276975318884
"PARP1;PRKAR1A",-1.09629257728384,0.92317363085918
"PORCN;PRKAR1A",-0.345156845965518,0.83051842769989
"MDM2;PRKAR1A",-0.523726603609293,0.83051842769989
"EGFR;PRKAR1A",-0.483437226321501,0.83051842769989
"PRKAR1A;SMAD4",-0.312943377957913,0.83051842769989
"DNMT1;PRKAR1A",-0.607931888828624,0.83051842769989
"PRKAR1A;RAF1",-0.280976373175363,0.83051842769989
"CDK6;PRKAR1A",-0.742392512639175,0.849184687324006
"ATR;PRKAR1A",-1.09322583048464,0.92268351704861
"MCL1;PRKAR1A",-0.285314712979261,0.83051842769989
"BCL2;PRKAR1A",-0.652116659782171,0.83051842769989
"PRKAR1A;PRMT5",-0.798973868422266,0.857292527748453
"ATM;PRKAR1A",-0.275198416345159,0.83051842769989
"BCL2L1;PRKAR1A",-0.347932177778044,0.83051842769989
"KRAS;PRKAR1A",-0.424586111391526,0.83051842769989
"CDK4;PRKAR1A",-0.292151167809467,0.83051842769989
"CTNNB1;PRKAR1A",-1.04484720605855,0.913701590084969
"BRAF;PRKAR1A",-0.320355603166962,0.83051842769989
"MAP2K2;PRKAR1A",-0.241210216796647,0.83051842769989
"PIK3CA;PRKAR1A",-0.558199848544292,0.83051842769989
"IGF1R;PRKAR1A",-0.235623423464181,0.83051842769989
"PRKAR1A;TAZ",-0.295179025081904,0.83051842769989
"PRKAR1A;WRN",-0.325623437762579,0.83051842769989
"AKT2;PRKAR1A",-0.522015606045836,0.83051842769989
"PRKAR1A;SRC",-0.320452158810236,0.83051842769989
"DNMT3B;PRKAR1A",-0.430010762641267,0.83051842769989
"APC;PRKAR1A",-0.294897518631198,0.83051842769989
"ERBB2;PRKAR1A",-0.316099002012547,0.83051842769989
"PRKAR1A;YAP1",-0.32935654597316,0.83051842769989
"PRKAR1A;PTPN11",-0.354719488264927,0.83051842769989
"CHEK1;PRKAR1A",-1.48449172823605,0.996820526247479
"JAK1;PRKAR1A",-0.605846441551538,0.83051842769989
"AKT1;TUBB8",-0.270793898464969,0.83051842769989
"BRD4;TUBB8",-0.407441471326862,0.83051842769989
"MYC;TUBB8",-1.58825274882635,0.996820526247479
"MAP2K1;TUBB8",-0.410348324852958,0.83051842769989
"MAPK1;TUBB8",-0.407503106245248,0.83051842769989
"TUBB8;WEE1",-0.952491482192097,0.889777333530342
"ARID1A;TUBB8",-0.462249067639038,0.83051842769989
"PRMT1;TUBB8",-1.31391438068812,0.990053617901894
"PARP1;TUBB8",-1.10877925584463,0.923997861046641
"PORCN;TUBB8",-0.386808015279238,0.83051842769989
"MDM2;TUBB8",-0.578170968501378,0.83051842769989
"EGFR;TUBB8",-0.461845232841838,0.83051842769989
"SMAD4;TUBB8",-0.401292393987379,0.83051842769989
"DNMT1;TUBB8",-0.629171128394166,0.83051842769989
"RAF1;TUBB8",-0.296867180987029,0.83051842769989
"CDK6;TUBB8",-0.767311587009354,0.853610623147136
"ATR;TUBB8",-0.717663335735054,0.844039243239132
"MCL1;TUBB8",-0.418407002530104,0.83051842769989
"BCL2;TUBB8",-0.595982018840539,0.83051842769989
"PRMT5;TUBB8",-0.860777384421987,0.864680931476723
"ATM;TUBB8",-0.396590950817616,0.83051842769989
"BCL2L1;TUBB8",-0.376651277350033,0.83051842769989
"KRAS;TUBB8",-0.453614556961829,0.83051842769989
"CDK4;TUBB8",-0.368846345312974,0.83051842769989
"CTNNB1;TUBB8",-1.01420156465765,0.908052525585309
"BRAF;TUBB8",-0.386792272048552,0.83051842769989
"MAP2K2;TUBB8",-0.39494291815082,0.83051842769989
"PIK3CA;TUBB8",-0.50835666330117,0.83051842769989
"IGF1R;TUBB8",-0.405351553737144,0.83051842769989
"TAZ;TUBB8",-0.362701326678377,0.83051842769989
"TUBB8;WRN",-0.421639696223231,0.83051842769989
"AKT2;TUBB8",-0.470892138351784,0.83051842769989
"SRC;TUBB8",-0.411108706458138,0.83051842769989
"DNMT3B;TUBB8",-0.455201260990895,0.83051842769989
"APC;TUBB8",-0.336085281193336,0.83051842769989
"ERBB2;TUBB8",-0.424850155450532,0.83051842769989
"TUBB8;YAP1",-0.373842410767805,0.83051842769989
"PTPN11;TUBB8",-0.394125557794199,0.83051842769989
"CHEK1;TUBB8",-1.76954815366175,0.996820526247479
"JAK1;TUBB8",-0.594983803153535,0.83051842769989
"AKT1;HUWE1",-0.369972856139912,0.83051842769989
"BRD4;HUWE1",-0.211562353547146,0.83051842769989
"HUWE1;MYC",-1.61472350909299,0.996820526247479
"HUWE1;MAP2K1",-0.257889887550741,0.83051842769989
"HUWE1;MAPK1",-0.263678099161947,0.83051842769989
"HUWE1;WEE1",-0.829488377478566,0.858667905495995
"ARID1A;HUWE1",-0.451994884517028,0.83051842769989
"HUWE1;PRMT1",-1.21692065753889,0.96364447282596
"HUWE1;PARP1",-1.10794633548274,0.923895399117375
"HUWE1;PORCN",-0.293138504865505,0.83051842769989
"HUWE1;MDM2",-0.463586886019268,0.83051842769989
"EGFR;HUWE1",-0.513485887233913,0.83051842769989
"HUWE1;SMAD4",-0.359394975312206,0.83051842769989
"DNMT1;HUWE1",-0.616625379873607,0.83051842769989
"HUWE1;RAF1",-0.199900445927306,0.83051842769989
"CDK6;HUWE1",-0.798053217320938,0.857292527748453
"ATR;HUWE1",-1.12538901653275,0.925198778113698
"HUWE1;MCL1",-0.266947421634617,0.83051842769989
"BCL2;HUWE1",-0.635698594612684,0.83051842769989
"HUWE1;PRMT5",-0.79969716524344,0.857292527748453
"ATM;HUWE1",-0.323663435297328,0.83051842769989
"BCL2L1;HUWE1",-0.159853620474406,0.83051842769989
"HUWE1;KRAS",-0.448765609977904,0.83051842769989
"CDK4;HUWE1",-0.249804572893777,0.83051842769989
"CTNNB1;HUWE1",-0.990882998126924,0.902152782883675
"BRAF;HUWE1",-0.269978465995337,0.83051842769989
"HUWE1;MAP2K2",-0.195741091910395,0.83051842769989
"HUWE1;PIK3CA",-0.567393176381295,0.83051842769989
"HUWE1;IGF1R",-0.325600933960939,0.83051842769989
"HUWE1;TAZ",-0.205905678119973,0.83051842769989
"HUWE1;WRN",-0.260581031235807,0.83051842769989
"AKT2;HUWE1",-0.453226702275235,0.83051842769989
"HUWE1;SRC",-0.209912158734869,0.83051842769989
"DNMT3B;HUWE1",-0.485497880651944,0.83051842769989
"APC;HUWE1",-0.286007739875313,0.83051842769989
"ERBB2;HUWE1",-0.247928485071221,0.83051842769989
"HUWE1;YAP1",-0.133973031531194,0.83051842769989
"HUWE1;PTPN11",-0.23112856195801,0.83051842769989
"CHEK1;HUWE1",-1.71739394052674,0.996820526247479
"HUWE1;JAK1",-0.61247048926754,0.83051842769989
"AKT1;TINF2",-0.732692572902699,0.846861348599385
"BRD4;TINF2",-0.764077509275903,0.853329897622711
"MYC;TINF2",-1.47640918297346,0.996820526247479
"MAP2K1;TINF2",-0.638940342979726,0.83051842769989
"MAPK1;TINF2",-0.731706798124481,0.846745301005051
"TINF2;WEE1",-0.696885521126034,0.838519307905746
"ARID1A;TINF2",-0.65635134933444,0.83051842769989
"PRMT1;TINF2",-1.18923632375014,0.953298310753022
"PARP1;TINF2",-1.08791574166546,0.922001026393481
"PORCN;TINF2",-0.74294542777266,0.849255184259635
"MDM2;TINF2",-0.573147738675357,0.83051842769989
"EGFR;TINF2",-0.605431817279335,0.83051842769989
"SMAD4;TINF2",-0.52406384902188,0.83051842769989
"DNMT1;TINF2",-0.572825160410429,0.83051842769989
"RAF1;TINF2",-0.73146666463908,0.84666690925796
"CDK6;TINF2",-0.817426380433145,0.85826452060764
"ATR;TINF2",-0.93030004084949,0.883895272446356
"MCL1;TINF2",-0.683328268786752,0.834982752516359
"BCL2;TINF2",-0.771018764416232,0.854290408947958
"PRMT5;TINF2",-0.763327024451706,0.853329897622711
"ATM;TINF2",-0.72972728952566,0.846142998956525
"BCL2L1;TINF2",-0.692863829436298,0.837333922748757
"KRAS;TINF2",-0.68366995435063,0.83502359948583
"CDK4;TINF2",-0.531129873438661,0.83051842769989
"CTNNB1;TINF2",-0.807497673704666,0.858087473581107
"BRAF;TINF2",-0.72847155658711,0.845892912709748
"MAP2K2;TINF2",-0.650894410719868,0.83051842769989
"PIK3CA;TINF2",-0.555669378526935,0.83051842769989
"IGF1R;TINF2",-0.562028537634253,0.83051842769989
"TAZ;TINF2",-0.719037115787008,0.84410788938019
"TINF2;WRN",-0.64703961601908,0.83051842769989
"AKT2;TINF2",-0.770720867274084,0.854290408947958
"SRC;TINF2",-0.684026338567731,0.83502359948583
"DNMT3B;TINF2",-0.728065066077709,0.845738990547818
"APC;TINF2",-0.603964037473534,0.83051842769989
"ERBB2;TINF2",-0.579332947824589,0.83051842769989
"TINF2;YAP1",-0.743956704437018,0.849563857006725
"PTPN11;TINF2",-0.724991082043334,0.845296355906229
"CHEK1;TINF2",-1.54847520475933,0.996820526247479
"JAK1;TINF2",-0.631697874103217,0.83051842769989
"AKT1;HNF4A",-0.307417878442951,0.83051842769989
"BRD4;HNF4A",-0.242950212064648,0.83051842769989
"HNF4A;MYC",-1.51631985758474,0.996820526247479
"HNF4A;MAP2K1",-0.0462435006531888,0.83051842769989
"HNF4A;MAPK1",-0.20343853120974,0.83051842769989
"HNF4A;WEE1",-0.661505115925712,0.83051842769989
"ARID1A;HNF4A",-0.418968140282579,0.83051842769989
"HNF4A;PRMT1",-1.35930886029597,0.996820526247479
"HNF4A;PARP1",-1.03990515132358,0.913419946253691
"HNF4A;PORCN",-0.322446986863423,0.83051842769989
"HNF4A;MDM2",-0.362218886639714,0.83051842769989
"EGFR;HNF4A",-0.478079436981037,0.83051842769989
"HNF4A;SMAD4",-0.218813779327592,0.83051842769989
"DNMT1;HNF4A",-0.552542105424193,0.83051842769989
"HNF4A;RAF1",-0.252585646423062,0.83051842769989
"CDK6;HNF4A",-0.71083062603181,0.841981018954274
"ATR;HNF4A",-0.959781765057867,0.89173938214272
"HNF4A;MCL1",-0.0519835665987615,0.83051842769989
"BCL2;HNF4A",-0.658610438701663,0.83051842769989
"HNF4A;PRMT5",-0.821235596645028,0.85826452060764
"ATM;HNF4A",-0.24784418595873,0.83051842769989
"BCL2L1;HNF4A",-0.286310020474064,0.83051842769989
"HNF4A;KRAS",-0.392079945971707,0.83051842769989
"CDK4;HNF4A",-0.159766434982331,0.83051842769989
"CTNNB1;HNF4A",-1.04280536155788,0.913480577362813
"BRAF;HNF4A",-0.028889652138909,0.83051842769989
"HNF4A;MAP2K2",-0.108407478331097,0.83051842769989
"HNF4A;PIK3CA",-0.502047767631171,0.83051842769989
"HNF4A;IGF1R",-0.34276435419753,0.83051842769989
"HNF4A;TAZ",-0.0949016012045026,0.83051842769989
"HNF4A;WRN",-0.262935456877697,0.83051842769989
"AKT2;HNF4A",-0.533961862054601,0.83051842769989
"HNF4A;SRC",-0.122679850266122,0.83051842769989
"DNMT3B;HNF4A",-0.499259368073485,0.83051842769989
"APC;HNF4A",-0.159640106598899,0.83051842769989
"ERBB2;HNF4A",-0.0791915534570783,0.83051842769989
"HNF4A;YAP1",-0.256679630054592,0.83051842769989
"HNF4A;PTPN11",-0.138435001028017,0.83051842769989
"CHEK1;HNF4A",-1.64529570235388,0.996820526247479
"HNF4A;JAK1",-0.609891125590928,0.83051842769989
"AKT1;FGR",-0.21691451013767,0.83051842769989
"BRD4;FGR",-0.100189452441959,0.83051842769989
"FGR;MYC",-1.59546829170502,0.996820526247479
"FGR;MAP2K1",-0.0668395939053676,0.83051842769989
"FGR;MAPK1",-0.168027505430787,0.83051842769989
"FGR;WEE1",-0.877465011801232,0.868121654494612
"ARID1A;FGR",-0.475022633368825,0.83051842769989
"FGR;PRMT1",-1.10443227467676,0.92376303061524
"FGR;PARP1",-1.07933475810098,0.921431989741481
"FGR;PORCN",-0.33376644571793,0.83051842769989
"FGR;MDM2",-0.589422812408152,0.83051842769989
"EGFR;FGR",-0.517959323504245,0.83051842769989
"FGR;SMAD4",-0.22935484916937,0.83051842769989
"DNMT1;FGR",-0.557545825333159,0.83051842769989
"FGR;RAF1",-0.18717545861842,0.83051842769989
"CDK6;FGR",-0.801683440694489,0.857445669988327
"ATR;FGR",-1.09951001975009,0.923452397685076
"FGR;MCL1",-0.0452879957260743,0.83051842769989
"BCL2;FGR",-0.606633426228459,0.83051842769989
"FGR;PRMT5",-0.854329008194247,0.863518379811419
"ATM;FGR",-0.390600508321314,0.83051842769989
"BCL2L1;FGR",-0.33817558625397,0.83051842769989
"FGR;KRAS",-0.463482005981763,0.83051842769989
"CDK4;FGR",-0.119532654986881,0.83051842769989
"CTNNB1;FGR",-0.949755237615086,0.889210782708027
"BRAF;FGR",-0.0340284562135439,0.83051842769989
"FGR;MAP2K2",-0.015082626574265,0.83051842769989
"FGR;PIK3CA",-0.504831444268844,0.83051842769989
"FGR;IGF1R",-0.219962593656436,0.83051842769989
"FGR;TAZ",-0.144327410924739,0.83051842769989
"FGR;WRN",-0.149971128431116,0.83051842769989
"AKT2;FGR",-0.55535149719236,0.83051842769989
"FGR;SRC",-0.140934626918319,0.83051842769989
"DNMT3B;FGR",-0.543311814400778,0.83051842769989
"APC;FGR",-0.0257269655747023,0.83051842769989
"ERBB2;FGR",-0.104626400117381,0.83051842769989
"FGR;YAP1",-0.253026361276847,0.83051842769989
"FGR;PTPN11",-0.0495671170216163,0.83051842769989
"CHEK1;FGR",-1.6910253625695,0.996820526247479
"FGR;JAK1",-0.583991851098609,0.83051842769989
"AKT1;RRAS2",-0.358904512538001,0.83051842769989
"BRD4;RRAS2",-0.275599808184584,0.83051842769989
"MYC;RRAS2",-1.45642078206054,0.996820526247479
"MAP2K1;RRAS2",-0.27470458055208,0.83051842769989
"MAPK1;RRAS2",-0.35268758951867,0.83051842769989
"RRAS2;WEE1",-0.956381590286869,0.890562590257395
"ARID1A;RRAS2",-0.420662464374005,0.83051842769989
"PRMT1;RRAS2",-1.32730828362589,0.992631515570185
"PARP1;RRAS2",-1.05130119997525,0.915014496073152
"PORCN;RRAS2",-0.36242100297559,0.83051842769989
"MDM2;RRAS2",-0.551135359347558,0.83051842769989
"EGFR;RRAS2",-0.437962390050401,0.83051842769989
"RRAS2;SMAD4",-0.400565687989645,0.83051842769989
"DNMT1;RRAS2",-0.578340417481897,0.83051842769989
"RAF1;RRAS2",-0.369876949658442,0.83051842769989
"CDK6;RRAS2",-0.778428897007492,0.855392982465961
"ATR;RRAS2",-1.11693117232499,0.924896231395191
"MCL1;RRAS2",-0.371090027508784,0.83051842769989
"BCL2;RRAS2",-0.64186883161081,0.83051842769989
"PRMT5;RRAS2",-0.839824272124332,0.860473806873855
"ATM;RRAS2",-0.296132888251492,0.83051842769989
"BCL2L1;RRAS2",-0.366180286218296,0.83051842769989
"KRAS;RRAS2",-0.456995895295343,0.83051842769989
"CDK4;RRAS2",-0.393213245737889,0.83051842769989
"CTNNB1;RRAS2",-0.949316248581793,0.88916684845737
"BRAF;RRAS2",-0.364425609026436,0.83051842769989
"MAP2K2;RRAS2",-0.36153918397264,0.83051842769989
"PIK3CA;RRAS2",-0.534249558261387,0.83051842769989
"IGF1R;RRAS2",-0.285977525455686,0.83051842769989
"RRAS2;TAZ",-0.402406854504279,0.83051842769989
"RRAS2;WRN",-0.286919268333586,0.83051842769989
"AKT2;RRAS2",-0.569598852122218,0.83051842769989
"RRAS2;SRC",-0.36713239623864,0.83051842769989
"DNMT3B;RRAS2",-0.487306311719358,0.83051842769989
"APC;RRAS2",-0.251087038128345,0.83051842769989
"ERBB2;RRAS2",-0.342688479933625,0.83051842769989
"RRAS2;YAP1",-0.384613659019129,0.83051842769989
"PTPN11;RRAS2",-0.160034298411307,0.83051842769989
"CHEK1;RRAS2",-1.6662825211169,0.996820526247479
"JAK1;RRAS2",-0.562566878238388,0.83051842769989
"AKT1;NRAS",-0.3802089328271,0.83051842769989
"BRD4;NRAS",-0.241473504436668,0.83051842769989
"MYC;NRAS",-1.6325388398915,0.996820526247479
"MAP2K1;NRAS",-0.0221330414106606,0.83051842769989
"MAPK1;NRAS",-0.244957695733244,0.83051842769989
"NRAS;WEE1",-0.891501820615561,0.87276876397307
"ARID1A;NRAS",-0.47284249814807,0.83051842769989
"NRAS;PRMT1",-1.31885934885218,0.990803269857148
"NRAS;PARP1",-1.07636762664434,0.920531185583463
"NRAS;PORCN",-0.356756426676716,0.83051842769989
"MDM2;NRAS",-0.524672468083776,0.83051842769989
"EGFR;NRAS",-0.505246442847242,0.83051842769989
"NRAS;SMAD4",-0.306280827636974,0.83051842769989
"DNMT1;NRAS",-0.532762231502119,0.83051842769989
"NRAS;RAF1",-0.266430172350049,0.83051842769989
"CDK6;NRAS",-0.788840448094827,0.856024639264969
"ATR;NRAS",-1.01838625139315,0.90935463268898
"MCL1;NRAS",0.00894845624445736,0.83051842769989
"BCL2;NRAS",-0.649858772304364,0.83051842769989
"NRAS;PRMT5",-0.86645401202922,0.865204922839714
"ATM;NRAS",-0.377069306722515,0.83051842769989
"BCL2L1;NRAS",-0.16840326659843,0.83051842769989
"KRAS;NRAS",-0.301726698938748,0.83051842769989
"CDK4;NRAS",-0.136951974043076,0.83051842769989
"CTNNB1;NRAS",-0.917985730033915,0.880544485036488
"BRAF;NRAS",0.0192372291024534,0.83051842769989
"MAP2K2;NRAS",-0.120376557046147,0.83051842769989
"NRAS;PIK3CA",-0.458575395987468,0.83051842769989
"IGF1R;NRAS",-0.346935971095316,0.83051842769989
"NRAS;TAZ",-0.162685921533375,0.83051842769989
"NRAS;WRN",-0.297045745108552,0.83051842769989
"AKT2;NRAS",-0.505872558353566,0.83051842769989
"NRAS;SRC",-0.157238899352902,0.83051842769989
"DNMT3B;NRAS",-0.436518178253197,0.83051842769989
"APC;NRAS",-0.253619920863082,0.83051842769989
"ERBB2;NRAS",-0.108326171701013,0.83051842769989
"NRAS;YAP1",-0.293416330128004,0.83051842769989
"NRAS;PTPN11",-0.177332049873795,0.83051842769989
"CHEK1;NRAS",-1.5739921016537,0.996820526247479
"JAK1;NRAS",-0.61506230424357,0.83051842769989
"AKT1;HLA-DRB1",-0.389685364795664,0.83051842769989
"BRD4;HLA-DRB1",-0.334946615076223,0.83051842769989
"HLA-DRB1;MYC",-1.53700671917329,0.996820526247479
"HLA-DRB1;MAP2K1",-0.399566230904941,0.83051842769989
"HLA-DRB1;MAPK1",-0.270010661201124,0.83051842769989
"HLA-DRB1;WEE1",-0.813063507856191,0.858150763100959
"ARID1A;HLA-DRB1",-0.44802231270588,0.83051842769989
"HLA-DRB1;PRMT1",-1.1678113029715,0.944202043932367
"HLA-DRB1;PARP1",-1.1022023499862,0.92348413715566
"HLA-DRB1;PORCN",-0.385502546830345,0.83051842769989
"HLA-DRB1;MDM2",-0.589608842669869,0.83051842769989
"EGFR;HLA-DRB1",-0.510502747077967,0.83051842769989
"HLA-DRB1;SMAD4",-0.382738693576775,0.83051842769989
"DNMT1;HLA-DRB1",-0.602761087150866,0.83051842769989
"HLA-DRB1;RAF1",-0.430780046448326,0.83051842769989
"CDK6;HLA-DRB1",-0.708664622781794,0.841828319977118
"ATR;HLA-DRB1",-0.993487109500042,0.902815340621067
"HLA-DRB1;MCL1",-0.400058890768747,0.83051842769989
"BCL2;HLA-DRB1",-0.666504342931124,0.83051842769989
"HLA-DRB1;PRMT5",-0.81988621407494,0.85826452060764
"ATM;HLA-DRB1",-0.407138975390074,0.83051842769989
"BCL2L1;HLA-DRB1",-0.421744441145048,0.83051842769989
"HLA-DRB1;KRAS",-0.454787341801908,0.83051842769989
"CDK4;HLA-DRB1",-0.462375491015194,0.83051842769989
"CTNNB1;HLA-DRB1",-0.917508768481426,0.880369592665451
"BRAF;HLA-DRB1",-0.445299121080001,0.83051842769989
"HLA-DRB1;MAP2K2",-0.375958107491033,0.83051842769989
"HLA-DRB1;PIK3CA",-0.51457179027047,0.83051842769989
"HLA-DRB1;IGF1R",-0.45274687472919,0.83051842769989
"HLA-DRB1;TAZ",-0.410020110832812,0.83051842769989
"HLA-DRB1;WRN",-0.43666841333536,0.83051842769989
"AKT2;HLA-DRB1",-0.564952265880353,0.83051842769989
"HLA-DRB1;SRC",-0.40328351246711,0.83051842769989
"DNMT3B;HLA-DRB1",-0.487897577228742,0.83051842769989
"APC;HLA-DRB1",-0.389991181834277,0.83051842769989
"ERBB2;HLA-DRB1",-0.394619065017327,0.83051842769989
"HLA-DRB1;YAP1",-0.420001357071037,0.83051842769989
"HLA-DRB1;PTPN11",-0.431974735041044,0.83051842769989
"CHEK1;HLA-DRB1",-1.4806153254129,0.996820526247479
"HLA-DRB1;JAK1",-0.53430547875116,0.83051842769989
"AKT1;PTK6",-0.329830487905189,0.83051842769989
"BRD4;PTK6",-0.136853263712411,0.83051842769989
"MYC;PTK6",-1.63112241927232,0.996820526247479
"MAP2K1;PTK6",-0.102810003552119,0.83051842769989
"MAPK1;PTK6",-0.156466395658129,0.83051842769989
"PTK6;WEE1",-0.884425855458054,0.870387220411506
"ARID1A;PTK6",-0.361459565852417,0.83051842769989
"PRMT1;PTK6",-1.31242095487754,0.989738097601528
"PARP1;PTK6",-1.09420901245337,0.922929863277658
"PORCN;PTK6",-0.267777866871595,0.83051842769989
"MDM2;PTK6",-0.503820985848546,0.83051842769989
"EGFR;PTK6",-0.480148888109263,0.83051842769989
"PTK6;SMAD4",-0.286934709368613,0.83051842769989
"DNMT1;PTK6",-0.551749188829697,0.83051842769989
"PTK6;RAF1",-0.273901505283179,0.83051842769989
"CDK6;PTK6",-0.765611935677758,0.853541548318434
"ATR;PTK6",-1.03658784912768,0.913419946253691
"MCL1;PTK6",-0.0677561605126948,0.83051842769989
"BCL2;PTK6",-0.584353687162067,0.83051842769989
"PRMT5;PTK6",-0.74961126225771,0.850779562792593
"ATM;PTK6",-0.385709571711507,0.83051842769989
"BCL2L1;PTK6",-0.294253530344941,0.83051842769989
"KRAS;PTK6",-0.460204136733923,0.83051842769989
"CDK4;PTK6",-0.0693994853895026,0.83051842769989
"CTNNB1;PTK6",-0.997799195155402,0.90377224164756
"BRAF;PTK6",0.114886538983761,0.83051842769989
"MAP2K2;PTK6",-0.123552745775075,0.83051842769989
"PIK3CA;PTK6",-0.456467108597021,0.83051842769989
"IGF1R;PTK6",-0.307419748503873,0.83051842769989
"PTK6;TAZ",-0.141554155989521,0.83051842769989
"PTK6;WRN",-0.234105202521627,0.83051842769989
"AKT2;PTK6",-0.562718148760616,0.83051842769989
"PTK6;SRC",-0.15284408480063,0.83051842769989
"DNMT3B;PTK6",-0.532713756411279,0.83051842769989
"APC;PTK6",-0.230532991234367,0.83051842769989
"ERBB2;PTK6",-0.120591963067737,0.83051842769989
"PTK6;YAP1",-0.31169677997364,0.83051842769989
"PTK6;PTPN11",-0.122512190935195,0.83051842769989
"CHEK1;PTK6",-1.78193991663417,0.996820526247479
"JAK1;PTK6",-0.513765800403104,0.83051842769989
"AKT1;DAPK1",-0.370051380420117,0.83051842769989
"BRD4;DAPK1",-0.203369479235114,0.83051842769989
"DAPK1;MYC",-1.4313521096099,0.996820526247479
"DAPK1;MAP2K1",-0.250494197171761,0.83051842769989
"DAPK1;MAPK1",-0.224610880075413,0.83051842769989
"DAPK1;WEE1",-0.912142904649018,0.878867799809945
"ARID1A;DAPK1",-0.449326023617862,0.83051842769989
"DAPK1;PRMT1",-1.32779900091451,0.992631515570185
"DAPK1;PARP1",-1.06074411017474,0.917590253257075
"DAPK1;PORCN",-0.178199652674345,0.83051842769989
"DAPK1;MDM2",-0.550819573405172,0.83051842769989
"DAPK1;EGFR",-0.516415784857126,0.83051842769989
"DAPK1;SMAD4",-0.336657119204052,0.83051842769989
"DAPK1;DNMT1",-0.614948676045867,0.83051842769989
"DAPK1;RAF1",-0.173637488587082,0.83051842769989
"CDK6;DAPK1",-0.75859122766449,0.852970058083968
"ATR;DAPK1",-0.907410231832899,0.877416925257471
"DAPK1;MCL1",-0.28796692697294,0.83051842769989
"BCL2;DAPK1",-0.641592295047168,0.83051842769989
"DAPK1;PRMT5",-0.783831378242341,0.855443174457673
"ATM;DAPK1",-0.384757110556336,0.83051842769989
"BCL2L1;DAPK1",-0.310586593019824,0.83051842769989
"DAPK1;KRAS",-0.449427965881398,0.83051842769989
"CDK4;DAPK1",-0.234934259786935,0.83051842769989
"CTNNB1;DAPK1",-0.975433270581858,0.897160259436219
"BRAF;DAPK1",-0.192262087148793,0.83051842769989
"DAPK1;MAP2K2",-0.151213519334193,0.83051842769989
"DAPK1;PIK3CA",-0.498250100882753,0.83051842769989
"DAPK1;IGF1R",-0.260666849514649,0.83051842769989
"DAPK1;TAZ",-0.28648746424766,0.83051842769989
"DAPK1;WRN",-0.331872749261505,0.83051842769989
"AKT2;DAPK1",-0.503019171282806,0.83051842769989
"DAPK1;SRC",-0.286520863806749,0.83051842769989
"DAPK1;DNMT3B",-0.467265968890213,0.83051842769989
"APC;DAPK1",-0.281990927872073,0.83051842769989
"DAPK1;ERBB2",-0.221178774983052,0.83051842769989
"DAPK1;YAP1",-0.293391658627476,0.83051842769989
"DAPK1;PTPN11",-0.238030731490015,0.83051842769989
"CHEK1;DAPK1",-1.79411494839023,0.996820526247479
"DAPK1;JAK1",-0.595853334748242,0.83051842769989
"AKT1;NTRK2",-0.320223847569843,0.83051842769989
"BRD4;NTRK2",-0.380993332679867,0.83051842769989
"MYC;NTRK2",-1.29830169919802,0.987094737745412
"MAP2K1;NTRK2",-0.366021862314149,0.83051842769989
"MAPK1;NTRK2",-0.350383470744284,0.83051842769989
"NTRK2;WEE1",-0.824003864078082,0.858327427499431
"ARID1A;NTRK2",-0.436133834691661,0.83051842769989
"NTRK2;PRMT1",-1.29748045772602,0.986854024537664
"NTRK2;PARP1",-1.11665915428082,0.924896231395191
"NTRK2;PORCN",-0.354733018105871,0.83051842769989
"MDM2;NTRK2",-0.565990196346307,0.83051842769989
"EGFR;NTRK2",-0.507342239469771,0.83051842769989
"NTRK2;SMAD4",-0.343157929249538,0.83051842769989
"DNMT1;NTRK2",-0.415745290197401,0.83051842769989
"NTRK2;RAF1",-0.214364711959151,0.83051842769989
"CDK6;NTRK2",-0.650438232123861,0.83051842769989
"ATR;NTRK2",-0.965760935122564,0.894038551238372
"MCL1;NTRK2",-0.377897549731461,0.83051842769989
"BCL2;NTRK2",-0.660686072771722,0.83051842769989
"NTRK2;PRMT5",-0.808347554770752,0.858145437136202
"ATM;NTRK2",-0.351075640241087,0.83051842769989
"BCL2L1;NTRK2",-0.379438086337656,0.83051842769989
"KRAS;NTRK2",-0.416906613589004,0.83051842769989
"CDK4;NTRK2",-0.309864513091528,0.83051842769989
"CTNNB1;NTRK2",-0.862423692139329,0.864771884997112
"BRAF;NTRK2",-0.331880344747052,0.83051842769989
"MAP2K2;NTRK2",-0.372776286947378,0.83051842769989
"NTRK2;PIK3CA",-0.473518632674357,0.83051842769989
"IGF1R;NTRK2",-0.365112115658752,0.83051842769989
"NTRK2;TAZ",-0.343072924177582,0.83051842769989
"NTRK2;WRN",-0.330892887487217,0.83051842769989
"AKT2;NTRK2",-0.567378767542027,0.83051842769989
"NTRK2;SRC",-0.385684144416317,0.83051842769989
"DNMT3B;NTRK2",-0.531791955316971,0.83051842769989
"APC;NTRK2",-0.376416911313003,0.83051842769989
"ERBB2;NTRK2",-0.256908311770088,0.83051842769989
"NTRK2;YAP1",-0.353809083636928,0.83051842769989
"NTRK2;PTPN11",-0.330349446808455,0.83051842769989
"CHEK1;NTRK2",-1.78805399715776,0.996820526247479
"JAK1;NTRK2",-0.595206384388333,0.83051842769989
"AKT1;SRMS",-0.363212285525271,0.83051842769989
"BRD4;SRMS",-0.316113009531346,0.83051842769989
"MYC;SRMS",-1.60262878745713,0.996820526247479
"MAP2K1;SRMS",-0.299753955513786,0.83051842769989
"MAPK1;SRMS",-0.34927110075634,0.83051842769989
"SRMS;WEE1",-0.942035746129207,0.887343877263922
"ARID1A;SRMS",-0.42790391004083,0.83051842769989
"PRMT1;SRMS",-1.36838607112721,0.996820526247479
"PARP1;SRMS",-1.04788369090083,0.91410132586291
"PORCN;SRMS",-0.341317737200842,0.83051842769989
"MDM2;SRMS",-0.519387437162074,0.83051842769989
"EGFR;SRMS",-0.438117321177509,0.83051842769989
"SMAD4;SRMS",-0.358739345987955,0.83051842769989
"DNMT1;SRMS",-0.368630003832446,0.83051842769989
"RAF1;SRMS",-0.162948365811175,0.83051842769989
"CDK6;SRMS",-0.778787088940536,0.855392982465961
"ATR;SRMS",-0.975548369186617,0.897173908084343
"MCL1;SRMS",-0.320184658632189,0.83051842769989
"BCL2;SRMS",-0.564149968828634,0.83051842769989
"PRMT5;SRMS",-0.802430076412118,0.857445669988327
"ATM;SRMS",-0.233424731796046,0.83051842769989
"BCL2L1;SRMS",-0.26415430467411,0.83051842769989
"KRAS;SRMS",-0.33526336865431,0.83051842769989
"CDK4;SRMS",-0.329719498306189,0.83051842769989
"CTNNB1;SRMS",-0.903974650885613,0.876549423273876
"BRAF;SRMS",-0.31302197279654,0.83051842769989
"MAP2K2;SRMS",-0.273261826245295,0.83051842769989
"PIK3CA;SRMS",-0.548146864096735,0.83051842769989
"IGF1R;SRMS",-0.311541592147606,0.83051842769989
"SRMS;TAZ",-0.331139611044757,0.83051842769989
"SRMS;WRN",-0.185779471514559,0.83051842769989
"AKT2;SRMS",-0.453428235838366,0.83051842769989
"SRC;SRMS",-0.336602982884313,0.83051842769989
"DNMT3B;SRMS",-0.541735559490859,0.83051842769989
"APC;SRMS",-0.345631255917273,0.83051842769989
"ERBB2;SRMS",-0.338582264666312,0.83051842769989
"SRMS;YAP1",-0.339639685523302,0.83051842769989
"PTPN11;SRMS",-0.319179628552951,0.83051842769989
"CHEK1;SRMS",-1.69848843122604,0.996820526247479
"JAK1;SRMS",-0.624573459071616,0.83051842769989
"AKT1;MVK",-0.224385676893656,0.83051842769989
"BRD4;MVK",-0.204253792351846,0.83051842769989
"MVK;MYC",-1.62951399427921,0.996820526247479
"MAP2K1;MVK",-0.106881612668154,0.83051842769989
"MAPK1;MVK",-0.234674478191615,0.83051842769989
"MVK;WEE1",-0.929921714306057,0.883895272446356
"ARID1A;MVK",-0.389007251002667,0.83051842769989
"MVK;PRMT1",-1.34208431696822,0.994803001460787
"MVK;PARP1",-1.12234624902333,0.924916103508183
"MVK;PORCN",-0.309607338624163,0.83051842769989
"MDM2;MVK",-0.517537172807535,0.83051842769989
"EGFR;MVK",-0.460792797738584,0.83051842769989
"MVK;SMAD4",-0.319691646299776,0.83051842769989
"DNMT1;MVK",-0.590562469572436,0.83051842769989
"MVK;RAF1",-0.246810980460214,0.83051842769989
"CDK6;MVK",-0.829808163543156,0.858667905495995
"ATR;MVK",-1.10317713132576,0.923693465737953
"MCL1;MVK",0.00680486486049357,0.83051842769989
"BCL2;MVK",-0.665583309563104,0.83051842769989
"MVK;PRMT5",-0.774510112715902,0.855122283180385
"ATM;MVK",-0.2645146289975,0.83051842769989
"BCL2L1;MVK",-0.258245594131233,0.83051842769989
"KRAS;MVK",-0.435306422688514,0.83051842769989
"CDK4;MVK",-0.164655833928447,0.83051842769989
"CTNNB1;MVK",-1.02812250300037,0.911251543949215
"BRAF;MVK",0.0265842598483513,0.83051842769989
"MAP2K2;MVK",-0.0821163834393247,0.83051842769989
"MVK;PIK3CA",-0.567899263294811,0.83051842769989
"IGF1R;MVK",-0.323821068057013,0.83051842769989
"MVK;TAZ",-0.0735812240185902,0.83051842769989
"MVK;WRN",-0.313764537868284,0.83051842769989
"AKT2;MVK",-0.570824031804144,0.83051842769989
"MVK;SRC",-0.138040023193612,0.83051842769989
"DNMT3B;MVK",-0.522378608048057,0.83051842769989
"APC;MVK",-0.147216736272702,0.83051842769989
"ERBB2;MVK",-0.108242645195462,0.83051842769989
"MVK;YAP1",-0.247001944465474,0.83051842769989
"MVK;PTPN11",-0.094939958803991,0.83051842769989
"CHEK1;MVK",-1.65932323702219,0.996820526247479
"JAK1;MVK",-0.575662365056055,0.83051842769989
"AKT1;ALPK1",-0.37924499974616,0.83051842769989
"ALPK1;BRD4",-0.193687613498615,0.83051842769989
"ALPK1;MYC",-1.4047448834777,0.996820526247479
"ALPK1;MAP2K1",-0.203567076932312,0.83051842769989
"ALPK1;MAPK1",-0.275079415436049,0.83051842769989
"ALPK1;WEE1",-0.904437052973838,0.876614086769109
"ALPK1;ARID1A",-0.462586670504078,0.83051842769989
"ALPK1;PRMT1",-1.26640994649412,0.979276897407742
"ALPK1;PARP1",-1.11504809157513,0.924717238549349
"ALPK1;PORCN",-0.354748215715723,0.83051842769989
"ALPK1;MDM2",-0.497397499504421,0.83051842769989
"ALPK1;EGFR",-0.487553859476545,0.83051842769989
"ALPK1;SMAD4",-0.357657048228888,0.83051842769989
"ALPK1;DNMT1",-0.534928916817557,0.83051842769989
"ALPK1;RAF1",-0.301126895520682,0.83051842769989
"ALPK1;CDK6",-0.745705205930241,0.850157620474264
"ALPK1;ATR",-0.897854699375911,0.874467899950881
"ALPK1;MCL1",-0.226218713994149,0.83051842769989
"ALPK1;BCL2",-0.637361064564349,0.83051842769989
"ALPK1;PRMT5",-0.72310146940424,0.844874197781605
"ALPK1;ATM",-0.341687396509756,0.83051842769989
"ALPK1;BCL2L1",-0.298628405312192,0.83051842769989
"ALPK1;KRAS",-0.457348052020902,0.83051842769989
"ALPK1;CDK4",-0.168359111985036,0.83051842769989
"ALPK1;CTNNB1",-1.0416259889668,0.913419946253691
"ALPK1;BRAF",-0.220241286603028,0.83051842769989
"ALPK1;MAP2K2",-0.149550461367428,0.83051842769989
"ALPK1;PIK3CA",-0.469696079996353,0.83051842769989
"ALPK1;IGF1R",-0.24238968056448,0.83051842769989
"ALPK1;TAZ",-0.19266896833784,0.83051842769989
"ALPK1;WRN",-0.249224865564437,0.83051842769989
"AKT2;ALPK1",-0.538649549435803,0.83051842769989
"ALPK1;SRC",-0.254041761495087,0.83051842769989
"ALPK1;DNMT3B",-0.436051992726262,0.83051842769989
"ALPK1;APC",-0.122720656238162,0.83051842769989
"ALPK1;ERBB2",-0.204602692517946,0.83051842769989
"ALPK1;YAP1",-0.264649585057565,0.83051842769989
"ALPK1;PTPN11",-0.260302408770432,0.83051842769989
"ALPK1;CHEK1",-1.77573089676624,0.996820526247479
"ALPK1;JAK1",-0.501422884301814,0.83051842769989
"AKT1;MAPK8",-0.455077728646677,0.83051842769989
"BRD4;MAPK8",-0.367143468878671,0.83051842769989
"MAPK8;MYC",-1.50001125860783,0.996820526247479
"MAP2K1;MAPK8",-0.440675177640047,0.83051842769989
"MAPK1;MAPK8",-0.360076833619218,0.83051842769989
"MAPK8;WEE1",-0.839860795191335,0.860473806873855
"ARID1A;MAPK8",-0.420992248203713,0.83051842769989
"MAPK8;PRMT1",-1.36798129153365,0.996820526247479
"MAPK8;PARP1",-1.07156086246427,0.919859804089257
"MAPK8;PORCN",-0.470145377165031,0.83051842769989
"MAPK8;MDM2",-0.551974664146954,0.83051842769989
"EGFR;MAPK8",-0.483552505421855,0.83051842769989
"MAPK8;SMAD4",-0.456423303809412,0.83051842769989
"DNMT1;MAPK8",-0.581166715028508,0.83051842769989
"MAPK8;RAF1",-0.407133751371801,0.83051842769989
"CDK6;MAPK8",-0.82440591566661,0.858331491194975
"ATR;MAPK8",-1.07339053192952,0.92009763792805
"MAPK8;MCL1",-0.428196354061311,0.83051842769989
"BCL2;MAPK8",-0.562102345846689,0.83051842769989
"MAPK8;PRMT5",-0.80116525515323,0.857371549604774
"ATM;MAPK8",-0.457231856970445,0.83051842769989
"BCL2L1;MAPK8",-0.449114881127844,0.83051842769989
"KRAS;MAPK8",-0.372193404162676,0.83051842769989
"CDK4;MAPK8",-0.4642512313414,0.83051842769989
"CTNNB1;MAPK8",-0.870061060750085,0.865664242138467
"BRAF;MAPK8",-0.43013148231638,0.83051842769989
"MAP2K2;MAPK8",-0.399362808058889,0.83051842769989
"MAPK8;PIK3CA",-0.547469763794377,0.83051842769989
"IGF1R;MAPK8",-0.370577774721781,0.83051842769989
"MAPK8;TAZ",-0.428736603662167,0.83051842769989
"MAPK8;WRN",-0.310461018109444,0.83051842769989
"AKT2;MAPK8",-0.553277137621417,0.83051842769989
"MAPK8;SRC",-0.477144292845177,0.83051842769989
"DNMT3B;MAPK8",-0.536211182390957,0.83051842769989
"APC;MAPK8",-0.43624977416009,0.83051842769989
"ERBB2;MAPK8",-0.467697409006922,0.83051842769989
"MAPK8;YAP1",-0.429232509589073,0.83051842769989
"MAPK8;PTPN11",-0.354014544028208,0.83051842769989
"CHEK1;MAPK8",-1.50922972862429,0.996820526247479
"JAK1;MAPK8",-0.573789059003424,0.83051842769989
"AKT1;TRAF7",-0.348617033260134,0.83051842769989
"BRD4;TRAF7",-0.265311849636791,0.83051842769989
"MYC;TRAF7",-1.62670300936146,0.996820526247479
"MAP2K1;TRAF7",-0.244973391464045,0.83051842769989
"MAPK1;TRAF7",-0.21650211130264,0.83051842769989
"TRAF7;WEE1",-0.864391127775372,0.864875045592771
"ARID1A;TRAF7",-0.434746502783208,0.83051842769989
"PRMT1;TRAF7",-1.26230098311679,0.977869346087796
"PARP1;TRAF7",-1.12401593906003,0.924916103508183
"PORCN;TRAF7",-0.352173384339058,0.83051842769989
"MDM2;TRAF7",-0.551362396561722,0.83051842769989
"EGFR;TRAF7",-0.496629821986408,0.83051842769989
"SMAD4;TRAF7",-0.312601932029447,0.83051842769989
"DNMT1;TRAF7",-0.438340452086223,0.83051842769989
"RAF1;TRAF7",-0.286823707718691,0.83051842769989
"CDK6;TRAF7",-0.732349590085862,0.846821980660698
"ATR;TRAF7",-1.05178467701288,0.915072257641067
"MCL1;TRAF7",-0.255474042173511,0.83051842769989
"BCL2;TRAF7",-0.614480039532698,0.83051842769989
"PRMT5;TRAF7",-0.84305849074217,0.861025506306099
"ATM;TRAF7",-0.347263725221841,0.83051842769989
"BCL2L1;TRAF7",-0.25741388464851,0.83051842769989
"KRAS;TRAF7",-0.433931107586724,0.83051842769989
"CDK4;TRAF7",-0.265539748891963,0.83051842769989
"CTNNB1;TRAF7",-0.973717090219869,0.896742934482734
"BRAF;TRAF7",-0.268029175080722,0.83051842769989
"MAP2K2;TRAF7",-0.237562316643394,0.83051842769989
"PIK3CA;TRAF7",-0.511308150573537,0.83051842769989
"IGF1R;TRAF7",-0.204575279666382,0.83051842769989
"TAZ;TRAF7",-0.181458254999592,0.83051842769989
"TRAF7;WRN",-0.285810026178401,0.83051842769989
"AKT2;TRAF7",-0.560084196819137,0.83051842769989
"SRC;TRAF7",-0.262933215997516,0.83051842769989
"DNMT3B;TRAF7",-0.48829550132762,0.83051842769989
"APC;TRAF7",-0.238462862708242,0.83051842769989
"ERBB2;TRAF7",-0.250522523673559,0.83051842769989
"TRAF7;YAP1",-0.141076984407328,0.83051842769989
"PTPN11;TRAF7",-0.227361112690298,0.83051842769989
"CHEK1;TRAF7",-1.75471012368318,0.996820526247479
"JAK1;TRAF7",-0.574521746288223,0.83051842769989
"AKT1;XRCC3",-0.315677491481157,0.83051842769989
"BRD4;XRCC3",-0.244797563761942,0.83051842769989
"MYC;XRCC3",-1.62597712731346,0.996820526247479
"MAP2K1;XRCC3",0.00201096733646705,0.83051842769989
"MAPK1;XRCC3",-0.171056418523496,0.83051842769989
"WEE1;XRCC3",-0.786582997691645,0.855680129036609
"ARID1A;XRCC3",-0.480445133078004,0.83051842769989
"PRMT1;XRCC3",-1.29063599465424,0.985356842945374
"PARP1;XRCC3",-1.02984355696132,0.911571139786889
"PORCN;XRCC3",-0.209504140339074,0.83051842769989
"MDM2;XRCC3",-0.446237309192893,0.83051842769989
"EGFR;XRCC3",-0.488694785728206,0.83051842769989
"SMAD4;XRCC3",-0.322328376018732,0.83051842769989
"DNMT1;XRCC3",-0.55823849832789,0.83051842769989
"RAF1;XRCC3",-0.282578348394288,0.83051842769989
"CDK6;XRCC3",-0.709002137840581,0.841902138111399
"ATR;XRCC3",-1.01972855909794,0.90935463268898
"MCL1;XRCC3",-0.0411418429677521,0.83051842769989
"BCL2;XRCC3",-0.665280044750278,0.83051842769989
"PRMT5;XRCC3",-0.864567768416476,0.864875045592771
"ATM;XRCC3",-0.256751213541713,0.83051842769989
"BCL2L1;XRCC3",-0.16402201808123,0.83051842769989
"KRAS;XRCC3",-0.384864897031287,0.83051842769989
"CDK4;XRCC3",-0.0751207743275111,0.83051842769989
"CTNNB1;XRCC3",-1.03746680188545,0.913419946253691
"BRAF;XRCC3",-0.00221476849515089,0.83051842769989
"MAP2K2;XRCC3",0.0300418659423858,0.83051842769989
"PIK3CA;XRCC3",-0.4939374537352,0.83051842769989
"IGF1R;XRCC3",-0.340712249098467,0.83051842769989
"TAZ;XRCC3",-0.191377242421464,0.83051842769989
"WRN;XRCC3",-0.264122685198773,0.83051842769989
"AKT2;XRCC3",-0.531733620038846,0.83051842769989
"SRC;XRCC3",-0.0587090709423994,0.83051842769989
"DNMT3B;XRCC3",-0.380408496281471,0.83051842769989
"APC;XRCC3",-0.188801449690129,0.83051842769989
"ERBB2;XRCC3",-0.120789353778976,0.83051842769989
"XRCC3;YAP1",-0.311075784039615,0.83051842769989
"PTPN11;XRCC3",-0.16127005871383,0.83051842769989
"CHEK1;XRCC3",-1.77794370699652,0.996820526247479
"JAK1;XRCC3",-0.48733226095073,0.83051842769989
"AKT1;ARID3B",-0.327685010929302,0.83051842769989
"ARID3B;BRD4",-0.251527524400536,0.83051842769989
"ARID3B;MYC",-1.55639839676231,0.996820526247479
"ARID3B;MAP2K1",-0.134949274757501,0.83051842769989
"ARID3B;MAPK1",-0.242085195168153,0.83051842769989
"ARID3B;WEE1",-0.933103925542661,0.884742580438376
"ARID1A;ARID3B",-0.476651000158691,0.83051842769989
"ARID3B;PRMT1",-1.31034858934945,0.989416986682973
"ARID3B;PARP1",-1.05557268683668,0.916105491692665
"ARID3B;PORCN",-0.32281473624433,0.83051842769989
"ARID3B;MDM2",-0.586920703980115,0.83051842769989
"ARID3B;EGFR",-0.455264895243503,0.83051842769989
"ARID3B;SMAD4",-0.323735588292546,0.83051842769989
"ARID3B;DNMT1",-0.588924434558778,0.83051842769989
"ARID3B;RAF1",-0.124611650219451,0.83051842769989
"ARID3B;CDK6",-0.747197180288,0.850506615113902
"ARID3B;ATR",-1.12647812534631,0.925390170372791
"ARID3B;MCL1",-0.0791671509130597,0.83051842769989
"ARID3B;BCL2",-0.65433234473754,0.83051842769989
"ARID3B;PRMT5",-0.831719116755684,0.858667905495995
"ARID3B;ATM",-0.347760099287981,0.83051842769989
"ARID3B;BCL2L1",-0.329290435226615,0.83051842769989
"ARID3B;KRAS",-0.432413074487666,0.83051842769989
"ARID3B;CDK4",-0.0682806826691857,0.83051842769989
"ARID3B;CTNNB1",-0.933136916993785,0.884742580438376
"ARID3B;BRAF",-0.0153254150265885,0.83051842769989
"ARID3B;MAP2K2",-0.06437279436586,0.83051842769989
"ARID3B;PIK3CA",-0.505646118082067,0.83051842769989
"ARID3B;IGF1R",-0.305238314243098,0.83051842769989
"ARID3B;TAZ",-0.110470586573551,0.83051842769989
"ARID3B;WRN",-0.303835599730573,0.83051842769989
"AKT2;ARID3B",-0.555363711930419,0.83051842769989
"ARID3B;SRC",-0.0725448440462639,0.83051842769989
"ARID3B;DNMT3B",-0.529529908414314,0.83051842769989
"APC;ARID3B",-0.23970453846954,0.83051842769989
"ARID3B;ERBB2",-0.0617101722831101,0.83051842769989
"ARID3B;YAP1",-0.294985892334811,0.83051842769989
"ARID3B;PTPN11",-0.14251378494283,0.83051842769989
"ARID3B;CHEK1",-1.77723561119799,0.996820526247479
"ARID3B;JAK1",-0.568144385350935,0.83051842769989
"AKT1;MAP3K11",-0.328864952524123,0.83051842769989
"BRD4;MAP3K11",-0.147665069693863,0.83051842769989
"MAP3K11;MYC",-1.59708831114009,0.996820526247479
"MAP2K1;MAP3K11",-0.03067841257122,0.83051842769989
"MAP3K11;MAPK1",-0.243540742660855,0.83051842769989
"MAP3K11;WEE1",-0.799198145569969,0.857292527748453
"ARID1A;MAP3K11",-0.392815212158637,0.83051842769989
"MAP3K11;PRMT1",-1.35654430804715,0.996592679322723
"MAP3K11;PARP1",-0.940156428242377,0.886766730546354
"MAP3K11;PORCN",-0.269078943771038,0.83051842769989
"MAP3K11;MDM2",-0.571683871269825,0.83051842769989
"EGFR;MAP3K11",-0.513263227973125,0.83051842769989
"MAP3K11;SMAD4",-0.294632679070182,0.83051842769989
"DNMT1;MAP3K11",-0.52155685898046,0.83051842769989
"MAP3K11;RAF1",-0.18344866914951,0.83051842769989
"CDK6;MAP3K11",-0.719485251556349,0.84410788938019
"ATR;MAP3K11",-1.08557608141367,0.922001026393481
"MAP3K11;MCL1",-0.073581213157522,0.83051842769989
"BCL2;MAP3K11",-0.622722448503885,0.83051842769989
"MAP3K11;PRMT5",-0.800642128916866,0.857292527748453
"ATM;MAP3K11",-0.388845590887119,0.83051842769989
"BCL2L1;MAP3K11",-0.196886853790802,0.83051842769989
"KRAS;MAP3K11",-0.464915881999238,0.83051842769989
"CDK4;MAP3K11",-0.132487891080447,0.83051842769989
"CTNNB1;MAP3K11",-0.899378445743663,0.875045395240367
"BRAF;MAP3K11",-0.0902447730937299,0.83051842769989
"MAP2K2;MAP3K11",-0.129994256873919,0.83051842769989
"MAP3K11;PIK3CA",-0.550224561167473,0.83051842769989
"IGF1R;MAP3K11",-0.304378539030519,0.83051842769989
"MAP3K11;TAZ",-0.138596510569826,0.83051842769989
"MAP3K11;WRN",-0.243112964524995,0.83051842769989
"AKT2;MAP3K11",-0.552236773066158,0.83051842769989
"MAP3K11;SRC",-0.0885732554106957,0.83051842769989
"DNMT3B;MAP3K11",-0.516533510076594,0.83051842769989
"APC;MAP3K11",-0.184544913263979,0.83051842769989
"ERBB2;MAP3K11",0.00655233980741471,0.83051842769989
"MAP3K11;YAP1",-0.259346711289152,0.83051842769989
"MAP3K11;PTPN11",-0.0707451455030969,0.83051842769989
"CHEK1;MAP3K11",-1.67019549608382,0.996820526247479
"JAK1;MAP3K11",-0.596177570467701,0.83051842769989
"AKT1;EFR3A",-0.442028071640874,0.83051842769989
"BRD4;EFR3A",-0.255945599340276,0.83051842769989
"EFR3A;MYC",-1.34111017949178,0.994803001460787
"EFR3A;MAP2K1",-0.477763701841376,0.83051842769989
"EFR3A;MAPK1",-0.36087802966895,0.83051842769989
"EFR3A;WEE1",-0.842534400440603,0.860876093248306
"ARID1A;EFR3A",-0.274982446588762,0.83051842769989
"EFR3A;PRMT1",-1.34892939492832,0.995820557540281
"EFR3A;PARP1",-1.11496180627724,0.924717238549349
"EFR3A;PORCN",-0.278917928446331,0.83051842769989
"EFR3A;MDM2",-0.544736542790396,0.83051842769989
"EFR3A;EGFR",-0.390481278414305,0.83051842769989
"EFR3A;SMAD4",-0.299132348822723,0.83051842769989
"DNMT1;EFR3A",-0.616221795239608,0.83051842769989
"EFR3A;RAF1",-0.333627480187036,0.83051842769989
"CDK6;EFR3A",-0.810109557127906,0.858150763100959
"ATR;EFR3A",-0.875806420455743,0.867485981743424
"EFR3A;MCL1",-0.36328728781675,0.83051842769989
"BCL2;EFR3A",-0.603363413994767,0.83051842769989
"EFR3A;PRMT5",-0.784644452630894,0.855468088511233
"ATM;EFR3A",-0.451568216991187,0.83051842769989
"BCL2L1;EFR3A",-0.376447843505644,0.83051842769989
"EFR3A;KRAS",-0.403734256991571,0.83051842769989
"CDK4;EFR3A",-0.470233235078838,0.83051842769989
"CTNNB1;EFR3A",-0.973925511836653,0.896811989408514
"BRAF;EFR3A",-0.423077355849163,0.83051842769989
"EFR3A;MAP2K2",-0.475501456583369,0.83051842769989
"EFR3A;PIK3CA",-0.563777501891806,0.83051842769989
"EFR3A;IGF1R",-0.427349510240316,0.83051842769989
"EFR3A;TAZ",-0.462048959826423,0.83051842769989
"EFR3A;WRN",-0.411470516301477,0.83051842769989
"AKT2;EFR3A",-0.534393971525094,0.83051842769989
"EFR3A;SRC",-0.40801117081171,0.83051842769989
"DNMT3B;EFR3A",-0.49322140734238,0.83051842769989
"APC;EFR3A",-0.424080578121922,0.83051842769989
"EFR3A;ERBB2",-0.415105577439341,0.83051842769989
"EFR3A;YAP1",-0.401312506028316,0.83051842769989
"EFR3A;PTPN11",-0.359429456151763,0.83051842769989
"CHEK1;EFR3A",-1.43584833891331,0.996820526247479
"EFR3A;JAK1",-0.464944980495945,0.83051842769989
"AKT1;TXNRD1",-0.36744628300605,0.83051842769989
"BRD4;TXNRD1",-0.126653870027158,0.83051842769989
"MYC;TXNRD1",-1.58293888874919,0.996820526247479
"MAP2K1;TXNRD1",-0.174525920781283,0.83051842769989
"MAPK1;TXNRD1",-0.214568663144411,0.83051842769989
"TXNRD1;WEE1",-0.852359264857316,0.863220419071441
"ARID1A;TXNRD1",-0.356496298948542,0.83051842769989
"PRMT1;TXNRD1",-1.39049677060763,0.996820526247479
"PARP1;TXNRD1",-1.06688507755992,0.918764010168291
"PORCN;TXNRD1",-0.331062335554323,0.83051842769989
"MDM2;TXNRD1",-0.545938764239185,0.83051842769989
"EGFR;TXNRD1",-0.38412838851707,0.83051842769989
"SMAD4;TXNRD1",-0.30636482395127,0.83051842769989
"DNMT1;TXNRD1",-0.58764045944117,0.83051842769989
"RAF1;TXNRD1",-0.217698271809349,0.83051842769989
"CDK6;TXNRD1",-0.802790437931959,0.857584615309761
"ATR;TXNRD1",-1.05835538199382,0.916839900249056
"MCL1;TXNRD1",-0.16875131458169,0.83051842769989
"BCL2;TXNRD1",-0.521121553080195,0.83051842769989
"PRMT5;TXNRD1",-0.827666197267176,0.858367750999105
"ATM;TXNRD1",-0.34461672790222,0.83051842769989
"BCL2L1;TXNRD1",-0.232474807977705,0.83051842769989
"KRAS;TXNRD1",-0.425817860748845,0.83051842769989
"CDK4;TXNRD1",-0.181162013774763,0.83051842769989
"CTNNB1;TXNRD1",-0.936890015781927,0.885802756122637
"BRAF;TXNRD1",-0.176965197431475,0.83051842769989
"MAP2K2;TXNRD1",-0.00270437172260105,0.83051842769989
"PIK3CA;TXNRD1",-0.54984731709308,0.83051842769989
"IGF1R;TXNRD1",-0.345920937111935,0.83051842769989
"TAZ;TXNRD1",-0.194307705125084,0.83051842769989
"TXNRD1;WRN",-0.342471466927321,0.83051842769989
"AKT2;TXNRD1",-0.543681340015089,0.83051842769989
"SRC;TXNRD1",-0.161259812561694,0.83051842769989
"DNMT3B;TXNRD1",-0.516663920191615,0.83051842769989
"APC;TXNRD1",-0.119909726291922,0.83051842769989
"ERBB2;TXNRD1",-0.187887713755814,0.83051842769989
"TXNRD1;YAP1",-0.245196757109416,0.83051842769989
"PTPN11;TXNRD1",-0.158911795917466,0.83051842769989
"CHEK1;TXNRD1",-1.70542487565838,0.996820526247479
"JAK1;TXNRD1",-0.472332652727072,0.83051842769989
"AKT1;ASF1A",-0.394066184838929,0.83051842769989
"ASF1A;BRD4",-0.284165005294512,0.83051842769989
"ASF1A;MYC",-1.41593341314999,0.996820526247479
"ASF1A;MAP2K1",-0.377352239211069,0.83051842769989
"ASF1A;MAPK1",-0.372952370390598,0.83051842769989
"ASF1A;WEE1",-0.867351639712549,0.865377915425553
"ARID1A;ASF1A",-0.419949259109086,0.83051842769989
"ASF1A;PRMT1",-1.2033210237708,0.958835138890904
"ASF1A;PARP1",-1.10186431258716,0.923452397685076
"ASF1A;PORCN",-0.369319940560476,0.83051842769989
"ASF1A;MDM2",-0.587462203530194,0.83051842769989
"ASF1A;EGFR",-0.44586404122884,0.83051842769989
"ASF1A;SMAD4",-0.404286216453314,0.83051842769989
"ASF1A;DNMT1",-0.626762766387211,0.83051842769989
"ASF1A;RAF1",-0.291931735430305,0.83051842769989
"ASF1A;CDK6",-0.804138492911214,0.857723760949488
"ASF1A;ATR",-0.924339539525442,0.88252779001628
"ASF1A;MCL1",-0.399336769652924,0.83051842769989
"ASF1A;BCL2",-0.568680885040204,0.83051842769989
"ASF1A;PRMT5",-0.738368081950918,0.848264934835957
"ASF1A;ATM",-0.383867161938689,0.83051842769989
"ASF1A;BCL2L1",-0.352854089541057,0.83051842769989
"ASF1A;KRAS",-0.462386692400337,0.83051842769989
"ASF1A;CDK4",-0.400538639737625,0.83051842769989
"ASF1A;CTNNB1",-0.888618210844199,0.871882780704468
"ASF1A;BRAF",-0.39749968000279,0.83051842769989
"ASF1A;MAP2K2",-0.3229290114382,0.83051842769989
"ASF1A;PIK3CA",-0.561458079949691,0.83051842769989
"ASF1A;IGF1R",-0.28854454841215,0.83051842769989
"ASF1A;TAZ",-0.346738203012718,0.83051842769989
"ASF1A;WRN",-0.307740079896971,0.83051842769989
"AKT2;ASF1A",-0.565741625072628,0.83051842769989
"ASF1A;SRC",-0.385024595165413,0.83051842769989
"ASF1A;DNMT3B",-0.424615159541667,0.83051842769989
"APC;ASF1A",-0.281507893962097,0.83051842769989
"ASF1A;ERBB2",-0.32654332799239,0.83051842769989
"ASF1A;YAP1",-0.361711332137566,0.83051842769989
"ASF1A;PTPN11",-0.345065309206887,0.83051842769989
"ASF1A;CHEK1",-1.65019759948772,0.996820526247479
"ASF1A;JAK1",-0.620557596359626,0.83051842769989
"AKT1;ERAS",-0.359351363346864,0.83051842769989
"BRD4;ERAS",-0.345409816131139,0.83051842769989
"ERAS;MYC",-1.49964352296486,0.996820526247479
"ERAS;MAP2K1",-0.255509604561387,0.83051842769989
"ERAS;MAPK1",-0.268262452620664,0.83051842769989
"ERAS;WEE1",-0.771345901238815,0.854324858744215
"ARID1A;ERAS",-0.478522846539075,0.83051842769989
"ERAS;PRMT1",-1.37535431741199,0.996820526247479
"ERAS;PARP1",-1.10709416695065,0.923895399117375
"ERAS;PORCN",-0.38099334485407,0.83051842769989
"ERAS;MDM2",-0.556411620631041,0.83051842769989
"EGFR;ERAS",-0.519876778320863,0.83051842769989
"ERAS;SMAD4",-0.336891596974581,0.83051842769989
"DNMT1;ERAS",-0.562517344238751,0.83051842769989
"ERAS;RAF1",-0.277332823626952,0.83051842769989
"CDK6;ERAS",-0.730662010455118,0.846498950077454
"ATR;ERAS",-1.11878106486524,0.924916103508183
"ERAS;MCL1",-0.2824527358933,0.83051842769989
"BCL2;ERAS",-0.641634041474237,0.83051842769989
"ERAS;PRMT5",-0.850470035334287,0.863063783647331
"ATM;ERAS",-0.255198055204671,0.83051842769989
"BCL2L1;ERAS",-0.321374840076531,0.83051842769989
"ERAS;KRAS",-0.376607899699251,0.83051842769989
"CDK4;ERAS",-0.366948860073988,0.83051842769989
"CTNNB1;ERAS",-0.875227711840834,0.867236919733233
"BRAF;ERAS",-0.334522990430027,0.83051842769989
"ERAS;MAP2K2",-0.370202988138272,0.83051842769989
"ERAS;PIK3CA",-0.558902228840971,0.83051842769989
"ERAS;IGF1R",-0.37728115335042,0.83051842769989
"ERAS;TAZ",-0.325379268636213,0.83051842769989
"ERAS;WRN",-0.347315787676568,0.83051842769989
"AKT2;ERAS",-0.550746584091079,0.83051842769989
"ERAS;SRC",-0.353889206936084,0.83051842769989
"DNMT3B;ERAS",-0.537346533870585,0.83051842769989
"APC;ERAS",-0.283881414243984,0.83051842769989
"ERAS;ERBB2",-0.361156586368851,0.83051842769989
"ERAS;YAP1",-0.31873668175228,0.83051842769989
"ERAS;PTPN11",-0.357679236284745,0.83051842769989
"CHEK1;ERAS",-1.78534046457025,0.996820526247479
"ERAS;JAK1",-0.587859347599417,0.83051842769989
"AKT1;SNRK",-0.306209252621916,0.83051842769989
"BRD4;SNRK",-0.28801676247546,0.83051842769989
"MYC;SNRK",-1.55642646432998,0.996820526247479
"MAP2K1;SNRK",-0.220471905028465,0.83051842769989
"MAPK1;SNRK",-0.252396489223273,0.83051842769989
"SNRK;WEE1",-0.851221639682009,0.86312049071149
"ARID1A;SNRK",-0.456104372329821,0.83051842769989
"PRMT1;SNRK",-1.36060515783324,0.996820526247479
"PARP1;SNRK",-1.09955049165532,0.923452397685076
"PORCN;SNRK",-0.356697935312482,0.83051842769989
"MDM2;SNRK",-0.491205625228869,0.83051842769989
"EGFR;SNRK",-0.381450067901941,0.83051842769989
"SMAD4;SNRK",-0.330697245990968,0.83051842769989
"DNMT1;SNRK",-0.569635574270529,0.83051842769989
"RAF1;SNRK",-0.298473735110894,0.83051842769989
"CDK6;SNRK",-0.805752421504094,0.858016621107286
"ATR;SNRK",-1.12266090021614,0.924916103508183
"MCL1;SNRK",-0.0920960032261884,0.83051842769989
"BCL2;SNRK",-0.53809468971008,0.83051842769989
"PRMT5;SNRK",-0.852118786011855,0.863220419071441
"ATM;SNRK",-0.334409260451582,0.83051842769989
"BCL2L1;SNRK",-0.346347723739489,0.83051842769989
"KRAS;SNRK",-0.462233324011152,0.83051842769989
"CDK4;SNRK",-0.248723430323662,0.83051842769989
"CTNNB1;SNRK",-1.03750747852171,0.913419946253691
"BRAF;SNRK",-0.284756255018055,0.83051842769989
"MAP2K2;SNRK",-0.246896284022888,0.83051842769989
"PIK3CA;SNRK",-0.484088147347894,0.83051842769989
"IGF1R;SNRK",-0.342628524747385,0.83051842769989
"SNRK;TAZ",-0.217923522016338,0.83051842769989
"SNRK;WRN",-0.23951896080432,0.83051842769989
"AKT2;SNRK",-0.522132090323195,0.83051842769989
"SNRK;SRC",-0.26320643754303,0.83051842769989
"DNMT3B;SNRK",-0.538952190774996,0.83051842769989
"APC;SNRK",-0.116332365169485,0.83051842769989
"ERBB2;SNRK",-0.282139786533691,0.83051842769989
"SNRK;YAP1",-0.299456317722187,0.83051842769989
"PTPN11;SNRK",-0.294007163113427,0.83051842769989
"CHEK1;SNRK",-1.7446064556148,0.996820526247479
"JAK1;SNRK",-0.557641681247612,0.83051842769989
"AKT1;CSK",-0.285855124478927,0.83051842769989
"BRD4;CSK",-0.220873448071985,0.83051842769989
"CSK;MYC",-1.49970522937455,0.996820526247479
"CSK;MAP2K1",-0.076141238136892,0.83051842769989
"CSK;MAPK1",-0.24276299346091,0.83051842769989
"CSK;WEE1",-0.902913874148863,0.876308506258523
"ARID1A;CSK",-0.421363687083912,0.83051842769989
"CSK;PRMT1",-1.23721887453462,0.970752286318564
"CSK;PARP1",-1.05462954878253,0.916003267076462
"CSK;PORCN",-0.271822184390272,0.83051842769989
"CSK;MDM2",-0.579807633906646,0.83051842769989
"CSK;EGFR",-0.340869584577156,0.83051842769989
"CSK;SMAD4",-0.353561386016578,0.83051842769989
"CSK;DNMT1",-0.472854432249281,0.83051842769989
"CSK;RAF1",-0.277678007421438,0.83051842769989
"CDK6;CSK",-0.798588439773776,0.857292527748453
"ATR;CSK",-0.992373305719178,0.902650045333838
"CSK;MCL1",-0.107335499784855,0.83051842769989
"BCL2;CSK",-0.654104446474468,0.83051842769989
"CSK;PRMT5",-0.672382082213653,0.831875716919463
"ATM;CSK",-0.384973725781739,0.83051842769989
"BCL2L1;CSK",-0.318884019584221,0.83051842769989
"CSK;KRAS",-0.435309598704334,0.83051842769989
"CDK4;CSK",-0.153455572712242,0.83051842769989
"CSK;CTNNB1",-0.967891405772212,0.895031532085009
"BRAF;CSK",-0.0793854670057212,0.83051842769989
"CSK;MAP2K2",-0.113478699629092,0.83051842769989
"CSK;PIK3CA",-0.331313929372359,0.83051842769989
"CSK;IGF1R",-0.274725714774221,0.83051842769989
"CSK;TAZ",-0.155916079225822,0.83051842769989
"CSK;WRN",-0.284921882530485,0.83051842769989
"AKT2;CSK",-0.567909688482839,0.83051842769989
"CSK;SRC",-0.0613376587449061,0.83051842769989
"CSK;DNMT3B",-0.546958123647258,0.83051842769989
"APC;CSK",-0.244818763405023,0.83051842769989
"CSK;ERBB2",-0.0436000596997503,0.83051842769989
"CSK;YAP1",-0.283260116387479,0.83051842769989
"CSK;PTPN11",-0.118968218118607,0.83051842769989
"CHEK1;CSK",-1.76001673820284,0.996820526247479
"CSK;JAK1",-0.621760634374753,0.83051842769989
"AKT1;TAB3",-0.323538513916245,0.83051842769989
"BRD4;TAB3",-0.246491542254548,0.83051842769989
"MYC;TAB3",-1.5923325981242,0.996820526247479
"MAP2K1;TAB3",-0.21376249392273,0.83051842769989
"MAPK1;TAB3",-0.247817910605531,0.83051842769989
"TAB3;WEE1",-0.806162124132343,0.858086654430842
"ARID1A;TAB3",-0.408486922955341,0.83051842769989
"PRMT1;TAB3",-1.26970052542389,0.980125494159251
"PARP1;TAB3",-1.10183427469819,0.923452397685076
"PORCN;TAB3",-0.330881550742354,0.83051842769989
"MDM2;TAB3",-0.569053747180182,0.83051842769989
"EGFR;TAB3",-0.42539470377982,0.83051842769989
"SMAD4;TAB3",-0.366144507386606,0.83051842769989
"DNMT1;TAB3",-0.586884224389609,0.83051842769989
"RAF1;TAB3",-0.188109591294651,0.83051842769989
"CDK6;TAB3",-0.708796446069056,0.841844547382223
"ATR;TAB3",-1.07082605304716,0.919808365314978
"MCL1;TAB3",-0.252135204331391,0.83051842769989
"BCL2;TAB3",-0.591674389451768,0.83051842769989
"PRMT5;TAB3",-0.741827743524762,0.848926746149907
"ATM;TAB3",-0.318474404169759,0.83051842769989
"BCL2L1;TAB3",-0.314213047370363,0.83051842769989
"KRAS;TAB3",-0.416805865197602,0.83051842769989
"CDK4;TAB3",-0.187138048906197,0.83051842769989
"CTNNB1;TAB3",-1.01140858520785,0.907274662241743
"BRAF;TAB3",-0.188699418996816,0.83051842769989
"MAP2K2;TAB3",-0.231911948234546,0.83051842769989
"PIK3CA;TAB3",-0.535987159876927,0.83051842769989
"IGF1R;TAB3",-0.296321193360837,0.83051842769989
"TAB3;TAZ",-0.124990684493669,0.83051842769989
"TAB3;WRN",-0.186096479044691,0.83051842769989
"AKT2;TAB3",-0.565008874927147,0.83051842769989
"SRC;TAB3",-0.190793036481632,0.83051842769989
"DNMT3B;TAB3",-0.455807915470425,0.83051842769989
"APC;TAB3",-0.239767446519326,0.83051842769989
"ERBB2;TAB3",-0.208542943536007,0.83051842769989
"TAB3;YAP1",-0.224161051423896,0.83051842769989
"PTPN11;TAB3",-0.172142889661096,0.83051842769989
"CHEK1;TAB3",-1.72660556213174,0.996820526247479
"JAK1;TAB3",-0.624342772932234,0.83051842769989
"AKT1;TBK1",-0.314792666073767,0.83051842769989
"BRD4;TBK1",-0.318672351201767,0.83051842769989
"MYC;TBK1",-1.5254970943697,0.996820526247479
"MAP2K1;TBK1",-0.305103126913505,0.83051842769989
"MAPK1;TBK1",-0.340458883862877,0.83051842769989
"TBK1;WEE1",-0.713796617002032,0.843017087114036
"ARID1A;TBK1",-0.438945813140992,0.83051842769989
"PRMT1;TBK1",-1.30577986463422,0.988901371036117
"PARP1;TBK1",-1.0986444636904,0.923386522220011
"PORCN;TBK1",-0.322655446677725,0.83051842769989
"MDM2;TBK1",-0.568228870251742,0.83051842769989
"EGFR;TBK1",-0.519581121564838,0.83051842769989
"SMAD4;TBK1",-0.370447596508383,0.83051842769989
"DNMT1;TBK1",-0.486902681601246,0.83051842769989
"RAF1;TBK1",-0.312679221428587,0.83051842769989
"CDK6;TBK1",-0.767627430147007,0.853610623147136
"ATR;TBK1",-1.08575437797881,0.922001026393481
"MCL1;TBK1",-0.353110296655742,0.83051842769989
"BCL2;TBK1",-0.56981521893365,0.83051842769989
"PRMT5;TBK1",-0.813013493293293,0.858150763100959
"ATM;TBK1",-0.364246221452855,0.83051842769989
"BCL2L1;TBK1",-0.341724453351226,0.83051842769989
"KRAS;TBK1",-0.406301519864647,0.83051842769989
"CDK4;TBK1",-0.330646348298614,0.83051842769989
"CTNNB1;TBK1",-1.03209271781176,0.912258022152098
"BRAF;TBK1",-0.28842249439627,0.83051842769989
"MAP2K2;TBK1",-0.246892669326201,0.83051842769989
"PIK3CA;TBK1",-0.443006141954693,0.83051842769989
"IGF1R;TBK1",-0.321884813707181,0.83051842769989
"TAZ;TBK1",-0.299760993803876,0.83051842769989
"TBK1;WRN",-0.204911703260087,0.83051842769989
"AKT2;TBK1",-0.506702674402319,0.83051842769989
"SRC;TBK1",-0.3340716335776,0.83051842769989
"DNMT3B;TBK1",-0.513825745529988,0.83051842769989
"APC;TBK1",-0.310211245057836,0.83051842769989
"ERBB2;TBK1",-0.275160511535675,0.83051842769989
"TBK1;YAP1",-0.355555812848377,0.83051842769989
"PTPN11;TBK1",-0.311147820356407,0.83051842769989
"CHEK1;TBK1",-1.79385139501278,0.996820526247479
"JAK1;TBK1",-0.583278844386245,0.83051842769989
"AKT1;TEAD1",-0.355642247711503,0.83051842769989
"BRD4;TEAD1",-0.250267758479687,0.83051842769989
"MYC;TEAD1",-1.64335044699916,0.996820526247479
"MAP2K1;TEAD1",-0.0364492086818558,0.83051842769989
"MAPK1;TEAD1",-0.16340416119208,0.83051842769989
"TEAD1;WEE1",-0.954398259874778,0.8900318682095
"ARID1A;TEAD1",-0.448161540070225,0.83051842769989
"PRMT1;TEAD1",-1.33131552388449,0.993194720219743
"PARP1;TEAD1",-1.03404765492815,0.91301771659841
"PORCN;TEAD1",-0.297061647562291,0.83051842769989
"MDM2;TEAD1",-0.573335470882135,0.83051842769989
"EGFR;TEAD1",-0.440872723247725,0.83051842769989
"SMAD4;TEAD1",-0.362088377949595,0.83051842769989
"DNMT1;TEAD1",-0.617876090286594,0.83051842769989
"RAF1;TEAD1",-0.211371380953056,0.83051842769989
"CDK6;TEAD1",-0.777853076907716,0.855392982465961
"ATR;TEAD1",-1.03957171569833,0.913419946253691
"MCL1;TEAD1",-0.130658351210624,0.83051842769989
"BCL2;TEAD1",-0.646898394775487,0.83051842769989
"PRMT5;TEAD1",-0.846601411512381,0.86167473793251
"ATM;TEAD1",-0.316924958254597,0.83051842769989
"BCL2L1;TEAD1",-0.258511940966941,0.83051842769989
"KRAS;TEAD1",-0.467062324142498,0.83051842769989
"CDK4;TEAD1",-0.179525772519014,0.83051842769989
"CTNNB1;TEAD1",-0.904780050700537,0.876697180885368
"BRAF;TEAD1",-0.0795762160475836,0.83051842769989
"MAP2K2;TEAD1",-0.151437558415269,0.83051842769989
"PIK3CA;TEAD1",-0.536898327866612,0.83051842769989
"IGF1R;TEAD1",-0.35926322459414,0.83051842769989
"TAZ;TEAD1",-0.0603887961269223,0.83051842769989
"TEAD1;WRN",-0.241878359555975,0.83051842769989
"AKT2;TEAD1",-0.529562367872793,0.83051842769989
"SRC;TEAD1",-0.177750576760244,0.83051842769989
"DNMT3B;TEAD1",-0.512554886601989,0.83051842769989
"APC;TEAD1",-0.221948592418681,0.83051842769989
"ERBB2;TEAD1",-0.16948262495839,0.83051842769989
"TEAD1;YAP1",-0.112992401349096,0.83051842769989
"PTPN11;TEAD1",-0.188762151155571,0.83051842769989
"CHEK1;TEAD1",-1.38476252991742,0.996820526247479
"JAK1;TEAD1",-0.619597282418598,0.83051842769989
"AKT1;DCTN4",-0.402075839659617,0.83051842769989
"BRD4;DCTN4",-0.347117914390972,0.83051842769989
"DCTN4;MYC",-1.54934892808245,0.996820526247479
"DCTN4;MAP2K1",-0.311903713151088,0.83051842769989
"DCTN4;MAPK1",-0.365279507907922,0.83051842769989
"DCTN4;WEE1",-0.332058626892909,0.83051842769989
"ARID1A;DCTN4",-0.359257948310605,0.83051842769989
"DCTN4;PRMT1",-1.28305875932146,0.983755048926127
"DCTN4;PARP1",-0.980823001536381,0.898443240710877
"DCTN4;PORCN",-0.342222748929847,0.83051842769989
"DCTN4;MDM2",-0.481430050738091,0.83051842769989
"DCTN4;EGFR",-0.517648412103676,0.83051842769989
"DCTN4;SMAD4",-0.298702120435692,0.83051842769989
"DCTN4;DNMT1",-0.628275964223952,0.83051842769989
"DCTN4;RAF1",-0.377580294617861,0.83051842769989
"CDK6;DCTN4",-0.757180226303019,0.852556259395296
"ATR;DCTN4",-0.946554435256148,0.888231399331582
"DCTN4;MCL1",-0.399050194946474,0.83051842769989
"BCL2;DCTN4",-0.465086831680017,0.83051842769989
"DCTN4;PRMT5",-0.671893794584541,0.83173992559053
"ATM;DCTN4",-0.392826555929875,0.83051842769989
"BCL2L1;DCTN4",-0.320058068504889,0.83051842769989
"DCTN4;KRAS",-0.262447434608178,0.83051842769989
"CDK4;DCTN4",-0.289730648894125,0.83051842769989
"CTNNB1;DCTN4",-0.832045105803462,0.858667905495995
"BRAF;DCTN4",-0.246548228350065,0.83051842769989
"DCTN4;MAP2K2",-0.340156451358024,0.83051842769989
"DCTN4;PIK3CA",-0.426297700499536,0.83051842769989
"DCTN4;IGF1R",-0.186370323839213,0.83051842769989
"DCTN4;TAZ",-0.367200863399452,0.83051842769989
"DCTN4;WRN",-0.196823099567141,0.83051842769989
"AKT2;DCTN4",-0.574304788127699,0.83051842769989
"DCTN4;SRC",-0.303351567560892,0.83051842769989
"DCTN4;DNMT3B",-0.493117554003841,0.83051842769989
"APC;DCTN4",-0.12256816051704,0.83051842769989
"DCTN4;ERBB2",-0.34833328310662,0.83051842769989
"DCTN4;YAP1",-0.362476549169417,0.83051842769989
"DCTN4;PTPN11",-0.386256458706786,0.83051842769989
"CHEK1;DCTN4",-1.6172232594577,0.996820526247479
"DCTN4;JAK1",-0.55002815690651,0.83051842769989
"AKT1;LIMK2",-0.380191248412593,0.83051842769989
"BRD4;LIMK2",-0.176850878129697,0.83051842769989
"LIMK2;MYC",-1.39766989297746,0.996820526247479
"LIMK2;MAP2K1",-0.157315292254599,0.83051842769989
"LIMK2;MAPK1",-0.24012274173144,0.83051842769989
"LIMK2;WEE1",-0.865389404824318,0.865027463644771
"ARID1A;LIMK2",-0.41604398597127,0.83051842769989
"LIMK2;PRMT1",-1.37217760231967,0.996820526247479
"LIMK2;PARP1",-1.07499117904484,0.920438060131278
"LIMK2;PORCN",-0.285770771030731,0.83051842769989
"LIMK2;MDM2",-0.554746650940744,0.83051842769989
"EGFR;LIMK2",-0.478671765722037,0.83051842769989
"LIMK2;SMAD4",-0.341227978390707,0.83051842769989
"DNMT1;LIMK2",-0.622782539693984,0.83051842769989
"LIMK2;RAF1",-0.200682594800362,0.83051842769989
"CDK6;LIMK2",-0.801526098719269,0.857445669988327
"ATR;LIMK2",-1.10341970255633,0.923693465737953
"LIMK2;MCL1",-0.109640744101986,0.83051842769989
"BCL2;LIMK2",-0.611740726122167,0.83051842769989
"LIMK2;PRMT5",-0.812193069815876,0.858150763100959
"ATM;LIMK2",-0.212406350387413,0.83051842769989
"BCL2L1;LIMK2",-0.281087573795929,0.83051842769989
"KRAS;LIMK2",-0.424332776173868,0.83051842769989
"CDK4;LIMK2",-0.116515401687067,0.83051842769989
"CTNNB1;LIMK2",-1.02207102836845,0.909626704101077
"BRAF;LIMK2",-0.112288034892243,0.83051842769989
"LIMK2;MAP2K2",-0.116486159744742,0.83051842769989
"LIMK2;PIK3CA",-0.489470455565327,0.83051842769989
"IGF1R;LIMK2",-0.331215289817516,0.83051842769989
"LIMK2;TAZ",-0.192612141917355,0.83051842769989
"LIMK2;WRN",-0.34109556091885,0.83051842769989
"AKT2;LIMK2",-0.54490145536533,0.83051842769989
"LIMK2;SRC",-0.16910958614741,0.83051842769989
"DNMT3B;LIMK2",-0.516606304689117,0.83051842769989
"APC;LIMK2",-0.238199861626885,0.83051842769989
"ERBB2;LIMK2",-0.110652852617008,0.83051842769989
"LIMK2;YAP1",-0.22239786092026,0.83051842769989
"LIMK2;PTPN11",-0.147035294328987,0.83051842769989
"CHEK1;LIMK2",-1.71284627988315,0.996820526247479
"JAK1;LIMK2",-0.560815789042184,0.83051842769989
"AKT1;DIDO1",-0.344892330201882,0.83051842769989
"BRD4;DIDO1",-0.0834904133492519,0.83051842769989
"DIDO1;MYC",-1.58414375045628,0.996820526247479
"DIDO1;MAP2K1",-0.123930507479991,0.83051842769989
"DIDO1;MAPK1",-0.205680065391375,0.83051842769989
"DIDO1;WEE1",-0.755712457452667,0.852317934867646
"ARID1A;DIDO1",-0.431439974808082,0.83051842769989
"DIDO1;PRMT1",-1.24616611201723,0.973349309203938
"DIDO1;PARP1",-1.08907733537427,0.922096957257802
"DIDO1;PORCN",-0.29254748756279,0.83051842769989
"DIDO1;MDM2",-0.586534096530749,0.83051842769989
"DIDO1;EGFR",-0.454951088841732,0.83051842769989
"DIDO1;SMAD4",-0.357244693082979,0.83051842769989
"DIDO1;DNMT1",-0.573784360638792,0.83051842769989
"DIDO1;RAF1",-0.295496211607479,0.83051842769989
"CDK6;DIDO1",-0.691468340685115,0.837019308062908
"ATR;DIDO1",-0.874640951544376,0.867076776239677
"DIDO1;MCL1",-0.176917089013334,0.83051842769989
"BCL2;DIDO1",-0.612954185160283,0.83051842769989
"DIDO1;PRMT5",-0.849939779541348,0.862818643261156
"ATM;DIDO1",-0.383528310242922,0.83051842769989
"BCL2L1;DIDO1",-0.283355526980458,0.83051842769989
"DIDO1;KRAS",-0.436134337333392,0.83051842769989
"CDK4;DIDO1",-0.147711711213173,0.83051842769989
"CTNNB1;DIDO1",-1.00063727254674,0.904459082166205
"BRAF;DIDO1",-0.0889547211828858,0.83051842769989
"DIDO1;MAP2K2",-0.189202322354004,0.83051842769989
"DIDO1;PIK3CA",-0.534221759185208,0.83051842769989
"DIDO1;IGF1R",-0.358405319467687,0.83051842769989
"DIDO1;TAZ",-0.191292998519104,0.83051842769989
"DIDO1;WRN",-0.303159655773359,0.83051842769989
"AKT2;DIDO1",-0.5621475592178,0.83051842769989
"DIDO1;SRC",-0.210859728369846,0.83051842769989
"DIDO1;DNMT3B",-0.527348434504911,0.83051842769989
"APC;DIDO1",-0.157949172497389,0.83051842769989
"DIDO1;ERBB2",-0.170093512225457,0.83051842769989
"DIDO1;YAP1",-0.324453044820709,0.83051842769989
"DIDO1;PTPN11",-0.196712717462935,0.83051842769989
"CHEK1;DIDO1",-1.68783130549488,0.996820526247479
"DIDO1;JAK1",-0.548935973952947,0.83051842769989
"AKT1;FYN",-0.312822608045471,0.83051842769989
"BRD4;FYN",-0.226906017674709,0.83051842769989
"FYN;MYC",-1.52015942354602,0.996820526247479
"FYN;MAP2K1",-0.204497740314701,0.83051842769989
"FYN;MAPK1",-0.21545799705578,0.83051842769989
"FYN;WEE1",-0.902114889089142,0.876113000379041
"ARID1A;FYN",-0.369748857004152,0.83051842769989
"FYN;PRMT1",-1.27690771004959,0.981917002821665
"FYN;PARP1",-1.01017206603058,0.907078303192916
"FYN;PORCN",-0.217967252987312,0.83051842769989
"FYN;MDM2",-0.584854599274048,0.83051842769989
"EGFR;FYN",-0.514283250413963,0.83051842769989
"FYN;SMAD4",-0.304954616194985,0.83051842769989
"DNMT1;FYN",-0.51160340371451,0.83051842769989
"FYN;RAF1",-0.25584941683153,0.83051842769989
"CDK6;FYN",-0.797541465928697,0.857292228679877
"ATR;FYN",-0.965082019018208,0.893798847318452
"FYN;MCL1",-0.149852682623947,0.83051842769989
"BCL2;FYN",-0.652362964119192,0.83051842769989
"FYN;PRMT5",-0.869426523988581,0.865507228575333
"ATM;FYN",-0.373780999887961,0.83051842769989
"BCL2L1;FYN",-0.325906847186823,0.83051842769989
"FYN;KRAS",-0.143204759255035,0.83051842769989
"CDK4;FYN",-0.206802339528153,0.83051842769989
"CTNNB1;FYN",-0.840132013083545,0.860483193364511
"BRAF;FYN",-0.134674401284832,0.83051842769989
"FYN;MAP2K2",-0.219185950730113,0.83051842769989
"FYN;PIK3CA",-0.479365266840377,0.83051842769989
"FYN;IGF1R",-0.330971578029609,0.83051842769989
"FYN;TAZ",-0.14531176358618,0.83051842769989
"FYN;WRN",-0.257153828924878,0.83051842769989
"AKT2;FYN",-0.543337446222172,0.83051842769989
"FYN;SRC",-0.244146381298833,0.83051842769989
"DNMT3B;FYN",-0.53970990053933,0.83051842769989
"APC;FYN",-0.133866731358748,0.83051842769989
"ERBB2;FYN",-0.201329911771464,0.83051842769989
"FYN;YAP1",-0.21135516592526,0.83051842769989
"FYN;PTPN11",-0.195214055570777,0.83051842769989
"CHEK1;FYN",-1.68942008178481,0.996820526247479
"FYN;JAK1",-0.488465699473865,0.83051842769989
"AKT1;PAK2",-0.360110592845537,0.83051842769989
"BRD4;PAK2",-0.0945673194891226,0.83051842769989
"MYC;PAK2",-1.55791978588442,0.996820526247479
"MAP2K1;PAK2",-0.112131382544399,0.83051842769989
"MAPK1;PAK2",-0.207544768469957,0.83051842769989
"PAK2;WEE1",-0.858807378660914,0.86443615298251
"ARID1A;PAK2",-0.417620403361659,0.83051842769989
"PAK2;PRMT1",-1.19779230814156,0.956734126726279
"PAK2;PARP1",-1.03555637291953,0.913394991889077
"PAK2;PORCN",-0.268215825354749,0.83051842769989
"MDM2;PAK2",-0.588559274784081,0.83051842769989
"EGFR;PAK2",-0.475905344582524,0.83051842769989
"PAK2;SMAD4",-0.247958130837709,0.83051842769989
"DNMT1;PAK2",-0.430175439732177,0.83051842769989
"PAK2;RAF1",-0.238402118452297,0.83051842769989
"CDK6;PAK2",-0.762713749627879,0.853329897622711
"ATR;PAK2",-0.841559520692745,0.860658710032528
"MCL1;PAK2",-0.0832514292711087,0.83051842769989
"BCL2;PAK2",-0.613783904911886,0.83051842769989
"PAK2;PRMT5",-0.853168215920916,0.863220419071441
"ATM;PAK2",-0.372693857066085,0.83051842769989
"BCL2L1;PAK2",-0.270464314060953,0.83051842769989
"KRAS;PAK2",-0.385402979482364,0.83051842769989
"CDK4;PAK2",-0.0887653201747173,0.83051842769989
"CTNNB1;PAK2",-1.00352851090595,0.905120565897727
"BRAF;PAK2",-0.0371658366019605,0.83051842769989
"MAP2K2;PAK2",-0.138815135087895,0.83051842769989
"PAK2;PIK3CA",-0.543522994218379,0.83051842769989
"IGF1R;PAK2",-0.195589013460246,0.83051842769989
"PAK2;TAZ",-0.173516169909304,0.83051842769989
"PAK2;WRN",-0.264853973850285,0.83051842769989
"AKT2;PAK2",-0.533621337974247,0.83051842769989
"PAK2;SRC",-0.107585988988455,0.83051842769989
"DNMT3B;PAK2",-0.542715757141969,0.83051842769989
"APC;PAK2",-0.205774337880422,0.83051842769989
"ERBB2;PAK2",-0.104829544597809,0.83051842769989
"PAK2;YAP1",-0.284084567211917,0.83051842769989
"PAK2;PTPN11",-0.113501045904811,0.83051842769989
"CHEK1;PAK2",-1.58463942644613,0.996820526247479
"JAK1;PAK2",-0.581473594021191,0.83051842769989
"AKT1;NDE1",-0.814753196857062,0.858150763100959
"BRD4;NDE1",-0.873041022799475,0.866546805961303
"MYC;NDE1",-1.19560752331021,0.955859828353274
"MAP2K1;NDE1",-0.860293068361849,0.864668066269919
"MAPK1;NDE1",-0.757228773813604,0.852556259395296
"NDE1;WEE1",-0.584940873227733,0.83051842769989
"ARID1A;NDE1",-0.861700283362876,0.864680931476723
"NDE1;PRMT1",-1.30929990453694,0.98937615153971
"NDE1;PARP1",-1.11715026335299,0.924896231395191
"NDE1;PORCN",-0.818429222527673,0.85826452060764
"MDM2;NDE1",-0.90502106657313,0.876705976238189
"EGFR;NDE1",-0.865960154816649,0.865049125002658
"NDE1;SMAD4",-0.837790944207219,0.860357002319739
"DNMT1;NDE1",-0.751003565140833,0.851147158300069
"NDE1;RAF1",-0.894543597413379,0.873594626518744
"CDK6;NDE1",-0.638846749735618,0.83051842769989
"ATR;NDE1",-0.648112448317615,0.83051842769989
"MCL1;NDE1",-0.872269791770196,0.866255591032839
"BCL2;NDE1",-0.796738743786458,0.857223296658322
"NDE1;PRMT5",-0.760391731011318,0.853063081294386
"ATM;NDE1",-0.888397980078513,0.871861553462634
"BCL2L1;NDE1",-0.866707750596965,0.865204922839714
"KRAS;NDE1",-0.902429523858367,0.876203400545797
"CDK4;NDE1",-0.798384034627569,0.857292527748453
"CTNNB1;NDE1",-0.919073913237529,0.880974348043659
"BRAF;NDE1",-0.777926202111608,0.855392982465961
"MAP2K2;NDE1",-0.741104466095053,0.848916971371583
"NDE1;PIK3CA",-0.865786066396897,0.865049125002658
"IGF1R;NDE1",-0.725803385092519,0.845503814887349
"NDE1;TAZ",-0.89246983525438,0.873019629195943
"NDE1;WRN",-0.851699594544115,0.863220419071441
"AKT2;NDE1",-0.907986015662444,0.877486254036735
"NDE1;SRC",-0.899921524683936,0.875258865792815
"DNMT3B;NDE1",-0.78522106788928,0.855597618930893
"APC;NDE1",-0.914135983774704,0.879380027155368
"ERBB2;NDE1",-0.855085944968435,0.863701717201432
"NDE1;YAP1",-0.875834394649617,0.867485981743424
"NDE1;PTPN11",-0.904037621876075,0.876549423273876
"CHEK1;NDE1",-1.48088283019523,0.996820526247479
"JAK1;NDE1",-0.874981912483084,0.867179936806902
"AKT1;CSNK2A1",-0.376498535127851,0.83051842769989
"BRD4;CSNK2A1",-0.226985673289102,0.83051842769989
"CSNK2A1;MYC",-1.64349029309209,0.996820526247479
"CSNK2A1;MAP2K1",-0.154699108248743,0.83051842769989
"CSNK2A1;MAPK1",-0.23980305493382,0.83051842769989
"CSNK2A1;WEE1",-0.801594824143481,0.857445669988327
"ARID1A;CSNK2A1",-0.435112046578277,0.83051842769989
"CSNK2A1;PRMT1",-1.17240133921048,0.946098945477152
"CSNK2A1;PARP1",-1.1046244534447,0.92376303061524
"CSNK2A1;PORCN",-0.257304937492623,0.83051842769989
"CSNK2A1;MDM2",-0.596513390286719,0.83051842769989
"CSNK2A1;EGFR",-0.434360632257239,0.83051842769989
"CSNK2A1;SMAD4",-0.344050413416151,0.83051842769989
"CSNK2A1;DNMT1",-0.615769235130046,0.83051842769989
"CSNK2A1;RAF1",-0.288314732019663,0.83051842769989
"CDK6;CSNK2A1",-0.821582259588751,0.85826452060764
"ATR;CSNK2A1",-1.08017755266501,0.921466202808487
"CSNK2A1;MCL1",-0.119083482244597,0.83051842769989
"BCL2;CSNK2A1",-0.626658742086661,0.83051842769989
"CSNK2A1;PRMT5",-0.790419089309044,0.856603344537121
"ATM;CSNK2A1",-0.341673354692949,0.83051842769989
"BCL2L1;CSNK2A1",-0.280293705907399,0.83051842769989
"CSNK2A1;KRAS",-0.467341063462048,0.83051842769989
"CDK4;CSNK2A1",-0.0831881888893144,0.83051842769989
"CSNK2A1;CTNNB1",-1.00487046331165,0.905353110343871
"BRAF;CSNK2A1",-0.165297547327695,0.83051842769989
"CSNK2A1;MAP2K2",-0.022347888962387,0.83051842769989
"CSNK2A1;PIK3CA",-0.304507479536786,0.83051842769989
"CSNK2A1;IGF1R",-0.303070227457368,0.83051842769989
"CSNK2A1;TAZ",-0.158698056761808,0.83051842769989
"CSNK2A1;WRN",-0.246058098719146,0.83051842769989
"AKT2;CSNK2A1",-0.543411849670891,0.83051842769989
"CSNK2A1;SRC",-0.0861758746182926,0.83051842769989
"CSNK2A1;DNMT3B",-0.534313751150384,0.83051842769989
"APC;CSNK2A1",-0.227717558458108,0.83051842769989
"CSNK2A1;ERBB2",-0.131356849882881,0.83051842769989
"CSNK2A1;YAP1",-0.306091026777244,0.83051842769989
"CSNK2A1;PTPN11",-0.17810214366185,0.83051842769989
"CHEK1;CSNK2A1",-1.78430906072677,0.996820526247479
"CSNK2A1;JAK1",-0.514393435944506,0.83051842769989
"AKT1;JAK3",-0.364242281639378,0.83051842769989
"BRD4;JAK3",-0.271862084437329,0.83051842769989
"JAK3;MYC",-1.62616711623934,0.996820526247479
"JAK3;MAP2K1",-0.259793633934168,0.83051842769989
"JAK3;MAPK1",-0.263700183432827,0.83051842769989
"JAK3;WEE1",-0.829111973079403,0.858667905495995
"ARID1A;JAK3",-0.417618277832201,0.83051842769989
"JAK3;PRMT1",-1.28860749996868,0.985051469083052
"JAK3;PARP1",-1.09258053447162,0.922637573447407
"JAK3;PORCN",-0.34515407659847,0.83051842769989
"JAK3;MDM2",-0.518246195349658,0.83051842769989
"EGFR;JAK3",-0.467729920197627,0.83051842769989
"JAK3;SMAD4",-0.357660728969026,0.83051842769989
"DNMT1;JAK3",-0.533276437138672,0.83051842769989
"JAK3;RAF1",-0.274129689254397,0.83051842769989
"CDK6;JAK3",-0.689777213627487,0.836598700753595
"ATR;JAK3",-1.12397698831852,0.924916103508183
"JAK3;MCL1",-0.298837180461591,0.83051842769989
"BCL2;JAK3",-0.606095239655714,0.83051842769989
"JAK3;PRMT5",-0.837154241083178,0.860280182295315
"ATM;JAK3",-0.401335069715852,0.83051842769989
"BCL2L1;JAK3",-0.31037126777432,0.83051842769989
"JAK3;KRAS",-0.376995636932044,0.83051842769989
"CDK4;JAK3",-0.245351171745314,0.83051842769989
"CTNNB1;JAK3",-0.984654851846795,0.899728198420187
"BRAF;JAK3",-0.295272592378895,0.83051842769989
"JAK3;MAP2K2",-0.257188830147841,0.83051842769989
"JAK3;PIK3CA",-0.532817487295661,0.83051842769989
"IGF1R;JAK3",-0.312856458893955,0.83051842769989
"JAK3;TAZ",-0.288156571345795,0.83051842769989
"JAK3;WRN",-0.221071655783195,0.83051842769989
"AKT2;JAK3",-0.461679919087498,0.83051842769989
"JAK3;SRC",-0.248682009392397,0.83051842769989
"DNMT3B;JAK3",-0.541418005206482,0.83051842769989
"APC;JAK3",-0.250074449482985,0.83051842769989
"ERBB2;JAK3",-0.218808180101179,0.83051842769989
"JAK3;YAP1",-0.309950840486252,0.83051842769989
"JAK3;PTPN11",-0.221890993664479,0.83051842769989
"CHEK1;JAK3",-1.76521217549924,0.996820526247479
"JAK1;JAK3",-0.569787667586499,0.83051842769989
"AKT1;CEACAM5",-0.301487192045542,0.83051842769989
"BRD4;CEACAM5",-0.266907779945672,0.83051842769989
"CEACAM5;MYC",-1.37825247805275,0.996820526247479
"CEACAM5;MAP2K1",-0.202796085473878,0.83051842769989
"CEACAM5;MAPK1",-0.124392521939183,0.83051842769989
"CEACAM5;WEE1",-0.878948650349708,0.868561636019687
"ARID1A;CEACAM5",-0.431693083980639,0.83051842769989
"CEACAM5;PRMT1",-1.26792819921629,0.979652755497491
"CEACAM5;PARP1",-1.04152318275242,0.913419946253691
"CEACAM5;PORCN",-0.306938031036765,0.83051842769989
"CEACAM5;MDM2",-0.554631819670643,0.83051842769989
"CEACAM5;EGFR",-0.510018768389185,0.83051842769989
"CEACAM5;SMAD4",-0.371537706344884,0.83051842769989
"CEACAM5;DNMT1",-0.536405959699622,0.83051842769989
"CEACAM5;RAF1",-0.178036605503326,0.83051842769989
"CDK6;CEACAM5",-0.779702996058413,0.855392982465961
"ATR;CEACAM5",-0.947003836848376,0.888389933369174
"CEACAM5;MCL1",-0.090072944651561,0.83051842769989
"BCL2;CEACAM5",-0.597630567290727,0.83051842769989
"CEACAM5;PRMT5",-0.800286267675157,0.857292527748453
"ATM;CEACAM5",-0.394513053542328,0.83051842769989
"BCL2L1;CEACAM5",-0.336088385349198,0.83051842769989
"CEACAM5;KRAS",-0.466784573231808,0.83051842769989
"CDK4;CEACAM5",-0.190044482844362,0.83051842769989
"CEACAM5;CTNNB1",-1.02427030808147,0.910304267813226
"BRAF;CEACAM5",-0.189007401755432,0.83051842769989
"CEACAM5;MAP2K2",-0.136907975240491,0.83051842769989
"CEACAM5;PIK3CA",-0.539331054760926,0.83051842769989
"CEACAM5;IGF1R",-0.300863108145601,0.83051842769989
"CEACAM5;TAZ",-0.175089232629016,0.83051842769989
"CEACAM5;WRN",-0.345155966034995,0.83051842769989
"AKT2;CEACAM5",-0.548610482049216,0.83051842769989
"CEACAM5;SRC",-0.132969392326521,0.83051842769989
"CEACAM5;DNMT3B",-0.526192624827319,0.83051842769989
"APC;CEACAM5",-0.226571478282122,0.83051842769989
"CEACAM5;ERBB2",-0.19010785450247,0.83051842769989
"CEACAM5;YAP1",-0.320825933217914,0.83051842769989
"CEACAM5;PTPN11",-0.136606718218752,0.83051842769989
"CEACAM5;CHEK1",-1.62544614474591,0.996820526247479
"CEACAM5;JAK1",-0.560370498237766,0.83051842769989
"AKT1;BRSK1",-0.373788082668165,0.83051842769989
"BRD4;BRSK1",-0.240025947990577,0.83051842769989
"BRSK1;MYC",-1.6475175453084,0.996820526247479
"BRSK1;MAP2K1",-0.125866250245681,0.83051842769989
"BRSK1;MAPK1",-0.228240280698945,0.83051842769989
"BRSK1;WEE1",-0.808521094434945,0.858145437136202
"ARID1A;BRSK1",-0.445352785594407,0.83051842769989
"BRSK1;PRMT1",-1.20521569295213,0.9595345075663
"BRSK1;PARP1",-1.06275231777155,0.917907722824505
"BRSK1;PORCN",-0.34351053255014,0.83051842769989
"BRSK1;MDM2",-0.533432931537437,0.83051842769989
"BRSK1;EGFR",-0.486129466719541,0.83051842769989
"BRSK1;SMAD4",-0.290510663895939,0.83051842769989
"BRSK1;DNMT1",-0.569777846854459,0.83051842769989
"BRSK1;RAF1",-0.288437377556433,0.83051842769989
"BRSK1;CDK6",-0.6921333969445,0.83704328326344
"ATR;BRSK1",-0.976924782632424,0.897553188838632
"BRSK1;MCL1",-0.159044262748346,0.83051842769989
"BCL2;BRSK1",-0.522357384616347,0.83051842769989
"BRSK1;PRMT5",-0.869420894491645,0.865507228575333
"ATM;BRSK1",-0.341691958330165,0.83051842769989
"BCL2L1;BRSK1",-0.290668449711889,0.83051842769989
"BRSK1;KRAS",-0.430409667843372,0.83051842769989
"BRSK1;CDK4",-0.150532301483527,0.83051842769989
"BRSK1;CTNNB1",-0.931989336653712,0.88452000271706
"BRAF;BRSK1",-0.155157490442839,0.83051842769989
"BRSK1;MAP2K2",-0.158522704825117,0.83051842769989
"BRSK1;PIK3CA",-0.477745260453549,0.83051842769989
"BRSK1;IGF1R",-0.275244253255345,0.83051842769989
"BRSK1;TAZ",-0.139642901787594,0.83051842769989
"BRSK1;WRN",-0.301226240299938,0.83051842769989
"AKT2;BRSK1",-0.5119636392622,0.83051842769989
"BRSK1;SRC",-0.165560364069355,0.83051842769989
"BRSK1;DNMT3B",-0.511510239665326,0.83051842769989
"APC;BRSK1",-0.204943094538659,0.83051842769989
"BRSK1;ERBB2",-0.15629799696257,0.83051842769989
"BRSK1;YAP1",-0.272939270785621,0.83051842769989
"BRSK1;PTPN11",-0.181658331244079,0.83051842769989
"BRSK1;CHEK1",-1.68502454574516,0.996820526247479
"BRSK1;JAK1",-0.578721425331421,0.83051842769989
"AKT1;GSK3B",-0.36499981265742,0.83051842769989
"BRD4;GSK3B",-0.196001826219553,0.83051842769989
"GSK3B;MYC",-1.61716855017926,0.996820526247479
"GSK3B;MAP2K1",-0.0782398961167951,0.83051842769989
"GSK3B;MAPK1",-0.19377148962382,0.83051842769989
"GSK3B;WEE1",-0.770931271470648,0.854290408947958
"ARID1A;GSK3B",-0.454081739787437,0.83051842769989
"GSK3B;PRMT1",-1.25197348173863,0.974859468723633
"GSK3B;PARP1",-1.03600535559885,0.913394991889077
"GSK3B;PORCN",-0.276640556494843,0.83051842769989
"GSK3B;MDM2",-0.501865979478508,0.83051842769989
"EGFR;GSK3B",-0.505078386324621,0.83051842769989
"GSK3B;SMAD4",-0.373852148616822,0.83051842769989
"DNMT1;GSK3B",-0.401134176357073,0.83051842769989
"GSK3B;RAF1",-0.260318163271974,0.83051842769989
"CDK6;GSK3B",-0.760435004401544,0.853063081294386
"ATR;GSK3B",-1.03010503949967,0.911613378349858
"GSK3B;MCL1",-0.132488884224278,0.83051842769989
"BCL2;GSK3B",-0.608794086028829,0.83051842769989
"GSK3B;PRMT5",-0.804042746413358,0.857723760949488
"ATM;GSK3B",-0.307631572825408,0.83051842769989
"BCL2L1;GSK3B",-0.279341816765913,0.83051842769989
"GSK3B;KRAS",-0.444221419354472,0.83051842769989
"CDK4;GSK3B",-0.136295116133998,0.83051842769989
"CTNNB1;GSK3B",-0.930737753937223,0.883973648667152
"BRAF;GSK3B",-0.0184254974104932,0.83051842769989
"GSK3B;MAP2K2",-0.0120201792452309,0.83051842769989
"GSK3B;PIK3CA",-0.5544088488723,0.83051842769989
"GSK3B;IGF1R",-0.355155445879678,0.83051842769989
"GSK3B;TAZ",-0.151072936016825,0.83051842769989
"GSK3B;WRN",-0.296381659702391,0.83051842769989
"AKT2;GSK3B",-0.553538428036976,0.83051842769989
"GSK3B;SRC",-0.093948244380737,0.83051842769989
"DNMT3B;GSK3B",-0.545806846165398,0.83051842769989
"APC;GSK3B",-0.185361792632968,0.83051842769989
"ERBB2;GSK3B",-0.113332504005577,0.83051842769989
"GSK3B;YAP1",-0.290764950369534,0.83051842769989
"GSK3B;PTPN11",-0.161033199389533,0.83051842769989
"CHEK1;GSK3B",-1.3941055682089,0.996820526247479
"GSK3B;JAK1",-0.557680630993795,0.83051842769989
"AKT1;PIK3CG",-0.357567651160612,0.83051842769989
"BRD4;PIK3CG",-0.228405476962086,0.83051842769989
"MYC;PIK3CG",-1.64271806667113,0.996820526247479
"MAP2K1;PIK3CG",-0.242800275631646,0.83051842769989
"MAPK1;PIK3CG",-0.231872260558344,0.83051842769989
"PIK3CG;WEE1",-0.711151878221909,0.842012866140055
"ARID1A;PIK3CG",-0.411081351155535,0.83051842769989
"PIK3CG;PRMT1",-1.22542313377987,0.966670428413245
"PARP1;PIK3CG",-1.11032106749878,0.924121252169155
"PIK3CG;PORCN",-0.327272777067129,0.83051842769989
"MDM2;PIK3CG",-0.560225942793023,0.83051842769989
"EGFR;PIK3CG",-0.514236168718969,0.83051842769989
"PIK3CG;SMAD4",-0.367924197356127,0.83051842769989
"DNMT1;PIK3CG",-0.620643129854052,0.83051842769989
"PIK3CG;RAF1",-0.214203470866985,0.83051842769989
"CDK6;PIK3CG",-0.775417705502422,0.855315764142256
"ATR;PIK3CG",-0.947824166571082,0.888605653110141
"MCL1;PIK3CG",-0.207002200943059,0.83051842769989
"BCL2;PIK3CG",-0.544151641988468,0.83051842769989
"PIK3CG;PRMT5",-0.726247640017535,0.845613768896708
"ATM;PIK3CG",-0.294311505861689,0.83051842769989
"BCL2L1;PIK3CG",-0.344636660146359,0.83051842769989
"KRAS;PIK3CG",-0.435582989927629,0.83051842769989
"CDK4;PIK3CG",-0.258022459801339,0.83051842769989
"CTNNB1;PIK3CG",-1.00792790277529,0.906242433943767
"BRAF;PIK3CG",-0.184919836253484,0.83051842769989
"MAP2K2;PIK3CG",-0.134632894361307,0.83051842769989
"PIK3CA;PIK3CG",-0.521475042234903,0.83051842769989
"IGF1R;PIK3CG",-0.256117051726042,0.83051842769989
"PIK3CG;TAZ",-0.16292550131864,0.83051842769989
"PIK3CG;WRN",-0.217601057179619,0.83051842769989
"AKT2;PIK3CG",-0.480582132893466,0.83051842769989
"PIK3CG;SRC",-0.239778369679019,0.83051842769989
"DNMT3B;PIK3CG",-0.512853363576101,0.83051842769989
"APC;PIK3CG",-0.254181553429292,0.83051842769989
"ERBB2;PIK3CG",-0.194840880990181,0.83051842769989
"PIK3CG;YAP1",-0.271974136222969,0.83051842769989
"PIK3CG;PTPN11",-0.234372873957679,0.83051842769989
"CHEK1;PIK3CG",-1.6443072690713,0.996820526247479
"JAK1;PIK3CG",-0.567207046367469,0.83051842769989
"AKT1;MAP3K13",-0.340534793302891,0.83051842769989
"BRD4;MAP3K13",-0.256114566588942,0.83051842769989
"MAP3K13;MYC",-1.62183351443812,0.996820526247479
"MAP2K1;MAP3K13",-0.329124439799284,0.83051842769989
"MAP3K13;MAPK1",-0.379608703979826,0.83051842769989
"MAP3K13;WEE1",-0.412206701597268,0.83051842769989
"ARID1A;MAP3K13",-0.432664816569217,0.83051842769989
"MAP3K13;PRMT1",-1.28857656965443,0.985051469083052
"MAP3K13;PARP1",-1.11940609494565,0.924916103508183
"MAP3K13;PORCN",-0.376650595789503,0.83051842769989
"MAP3K13;MDM2",-0.565056812597196,0.83051842769989
"EGFR;MAP3K13",-0.445957973308365,0.83051842769989
"MAP3K13;SMAD4",-0.363496425649072,0.83051842769989
"DNMT1;MAP3K13",-0.580766803919171,0.83051842769989
"MAP3K13;RAF1",-0.302293401462518,0.83051842769989
"CDK6;MAP3K13",-0.706704143726706,0.841392258468424
"ATR;MAP3K13",-1.05824777280915,0.916833320842648
"MAP3K13;MCL1",-0.322207580400153,0.83051842769989
"BCL2;MAP3K13",-0.665597091944045,0.83051842769989
"MAP3K13;PRMT5",-0.820484305935688,0.85826452060764
"ATM;MAP3K13",-0.391462444139957,0.83051842769989
"BCL2L1;MAP3K13",-0.346433755383527,0.83051842769989
"KRAS;MAP3K13",-0.417594559682149,0.83051842769989
"CDK4;MAP3K13",-0.367433880452669,0.83051842769989
"CTNNB1;MAP3K13",-0.900310636104765,0.875435523590355
"BRAF;MAP3K13",-0.310919611899676,0.83051842769989
"MAP2K2;MAP3K13",-0.32908848344263,0.83051842769989
"MAP3K13;PIK3CA",-0.534898441355834,0.83051842769989
"IGF1R;MAP3K13",-0.364095504755836,0.83051842769989
"MAP3K13;TAZ",-0.319122529348823,0.83051842769989
"MAP3K13;WRN",-0.31962757908031,0.83051842769989
"AKT2;MAP3K13",-0.575976393336115,0.83051842769989
"MAP3K13;SRC",-0.371725651305059,0.83051842769989
"DNMT3B;MAP3K13",-0.503436400963996,0.83051842769989
"APC;MAP3K13",-0.357516941162135,0.83051842769989
"ERBB2;MAP3K13",-0.238977900901149,0.83051842769989
"MAP3K13;YAP1",-0.30864627411024,0.83051842769989
"MAP3K13;PTPN11",-0.331710259244689,0.83051842769989
"CHEK1;MAP3K13",-1.31584014712872,0.990408016205592
"JAK1;MAP3K13",-0.586991386692596,0.83051842769989
"AKT1;BRD8",-0.347437178977083,0.83051842769989
"BRD4;BRD8",-0.323878303078793,0.83051842769989
"BRD8;MYC",-1.50065777545989,0.996820526247479
"BRD8;MAP2K1",-0.427130150013461,0.83051842769989
"BRD8;MAPK1",-0.42483783094381,0.83051842769989
"BRD8;WEE1",-0.954906699310278,0.890148732815625
"ARID1A;BRD8",-0.395831956497428,0.83051842769989
"BRD8;PRMT1",-1.23434655865142,0.969750024856397
"BRD8;PARP1",-1.12466027507792,0.924916103508183
"BRD8;PORCN",-0.373716257274759,0.83051842769989
"BRD8;MDM2",-0.54206524125886,0.83051842769989
"BRD8;EGFR",-0.490890844008056,0.83051842769989
"BRD8;SMAD4",-0.414412487180155,0.83051842769989
"BRD8;DNMT1",-0.297524170796964,0.83051842769989
"BRD8;RAF1",-0.289555414197684,0.83051842769989
"BRD8;CDK6",-0.752466989828402,0.851450545270786
"ATR;BRD8",-1.11533676410235,0.924717238549349
"BRD8;MCL1",-0.323050099816947,0.83051842769989
"BCL2;BRD8",-0.588788325348832,0.83051842769989
"BRD8;PRMT5",-0.606384787933212,0.83051842769989
"ATM;BRD8",-0.435074907299244,0.83051842769989
"BCL2L1;BRD8",-0.39739915891503,0.83051842769989
"BRD8;KRAS",-0.420441021657958,0.83051842769989
"BRD8;CDK4",-0.308952200012488,0.83051842769989
"BRD8;CTNNB1",-0.96479749016917,0.893684331679054
"BRAF;BRD8",-0.295264456910766,0.83051842769989
"BRD8;MAP2K2",-0.360465582096403,0.83051842769989
"BRD8;PIK3CA",-0.52264877922121,0.83051842769989
"BRD8;IGF1R",-0.366464050853228,0.83051842769989
"BRD8;TAZ",-0.346921761160126,0.83051842769989
"BRD8;WRN",-0.391950229640167,0.83051842769989
"AKT2;BRD8",-0.528955499686791,0.83051842769989
"BRD8;SRC",-0.373548541042964,0.83051842769989
"BRD8;DNMT3B",-0.389575339795945,0.83051842769989
"APC;BRD8",-0.287788337815511,0.83051842769989
"BRD8;ERBB2",-0.366856476182955,0.83051842769989
"BRD8;YAP1",-0.281803608798123,0.83051842769989
"BRD8;PTPN11",-0.43784900768797,0.83051842769989
"BRD8;CHEK1",-1.69677852616998,0.996820526247479
"BRD8;JAK1",-0.50205333641824,0.83051842769989
"AKT1;DNM1L",-0.379419396314698,0.83051842769989
"BRD4;DNM1L",-0.260030941401264,0.83051842769989
"DNM1L;MYC",-1.62089473087989,0.996820526247479
"DNM1L;MAP2K1",-0.117747406947813,0.83051842769989
"DNM1L;MAPK1",-0.171082280162825,0.83051842769989
"DNM1L;WEE1",-0.754812718867269,0.852146746278185
"ARID1A;DNM1L",-0.481377887716687,0.83051842769989
"DNM1L;PRMT1",-1.21408817936703,0.962618900540505
"DNM1L;PARP1",-1.07344552502734,0.92009763792805
"DNM1L;PORCN",-0.323320118543227,0.83051842769989
"DNM1L;MDM2",-0.590591429260038,0.83051842769989
"DNM1L;EGFR",-0.479316420800904,0.83051842769989
"DNM1L;SMAD4",-0.37211090328315,0.83051842769989
"DNM1L;DNMT1",-0.55013360489433,0.83051842769989
"DNM1L;RAF1",-0.255329551188986,0.83051842769989
"CDK6;DNM1L",-0.763453756541131,0.853329897622711
"ATR;DNM1L",-1.08448970003941,0.922001026393481
"DNM1L;MCL1",-0.177087328009805,0.83051842769989
"BCL2;DNM1L",-0.656348587825643,0.83051842769989
"DNM1L;PRMT5",-0.796644561087491,0.857223296658322
"ATM;DNM1L",-0.33477380492188,0.83051842769989
"BCL2L1;DNM1L",-0.322756506714615,0.83051842769989
"DNM1L;KRAS",-0.324965156584211,0.83051842769989
"CDK4;DNM1L",-0.163792797260825,0.83051842769989
"CTNNB1;DNM1L",-0.870087423659779,0.865664242138467
"BRAF;DNM1L",-0.132350908556531,0.83051842769989
"DNM1L;MAP2K2",-0.133383113407779,0.83051842769989
"DNM1L;PIK3CA",-0.521867235985932,0.83051842769989
"DNM1L;IGF1R",-0.296023627806581,0.83051842769989
"DNM1L;TAZ",-0.0985140457567562,0.83051842769989
"DNM1L;WRN",-0.312154332765122,0.83051842769989
"AKT2;DNM1L",-0.533790011429893,0.83051842769989
"DNM1L;SRC",-0.133672516363157,0.83051842769989
"DNM1L;DNMT3B",-0.438545233418222,0.83051842769989
"APC;DNM1L",-0.164751711702767,0.83051842769989
"DNM1L;ERBB2",-0.146442473088691,0.83051842769989
"DNM1L;YAP1",-0.283212794520347,0.83051842769989
"DNM1L;PTPN11",-0.165998570414146,0.83051842769989
"CHEK1;DNM1L",-1.59906338280993,0.996820526247479
"DNM1L;JAK1",-0.514098424456802,0.83051842769989
"AKT1;RPTOR",-0.143466759853867,0.83051842769989
"BRD4;RPTOR",-0.0764870657727461,0.83051842769989
"MYC;RPTOR",-1.60825676810806,0.996820526247479
"MAP2K1;RPTOR",0.0860265737341389,0.83051842769989
"MAPK1;RPTOR",-0.124346876027559,0.83051842769989
"RPTOR;WEE1",-0.725605510455871,0.845481317657162
"ARID1A;RPTOR",-0.480483044051811,0.83051842769989
"PRMT1;RPTOR",-1.35652983690672,0.996592679322723
"PARP1;RPTOR",-1.1085031756975,0.923912235646249
"PORCN;RPTOR",-0.257952327181624,0.83051842769989
"MDM2;RPTOR",-0.582073169377021,0.83051842769989
"EGFR;RPTOR",-0.492539837072602,0.83051842769989
"RPTOR;SMAD4",-0.203542042709986,0.83051842769989
"DNMT1;RPTOR",-0.629021000779428,0.83051842769989
"RAF1;RPTOR",-0.303096380466417,0.83051842769989
"CDK6;RPTOR",-0.71604319407416,0.843490176999434
"ATR;RPTOR",-0.950493338591393,0.889485758607775
"MCL1;RPTOR",-0.0471618913823398,0.83051842769989
"BCL2;RPTOR",-0.606704830671756,0.83051842769989
"PRMT5;RPTOR",-0.645395617174584,0.83051842769989
"ATM;RPTOR",-0.309026889350988,0.83051842769989
"BCL2L1;RPTOR",-0.343969748476355,0.83051842769989
"KRAS;RPTOR",-0.456835531698362,0.83051842769989
"CDK4;RPTOR",-0.0776915464308756,0.83051842769989
"CTNNB1;RPTOR",-0.944569611438045,0.887867768485882
"BRAF;RPTOR",-0.015850994068044,0.83051842769989
"MAP2K2;RPTOR",-0.156971633557832,0.83051842769989
"PIK3CA;RPTOR",-0.533646236739873,0.83051842769989
"IGF1R;RPTOR",-0.311242927667789,0.83051842769989
"RPTOR;TAZ",-0.193088123736574,0.83051842769989
"RPTOR;WRN",-0.303327198826665,0.83051842769989
"AKT2;RPTOR",-0.456429867015192,0.83051842769989
"RPTOR;SRC",-0.0430240321306233,0.83051842769989
"DNMT3B;RPTOR",-0.488643941472808,0.83051842769989
"APC;RPTOR",-0.191744708343851,0.83051842769989
"ERBB2;RPTOR",0.000815288744328013,0.83051842769989
"RPTOR;YAP1",-0.246191452344404,0.83051842769989
"PTPN11;RPTOR",-0.145500292228655,0.83051842769989
"CHEK1;RPTOR",-1.79196657834977,0.996820526247479
"JAK1;RPTOR",-0.537407491356197,0.83051842769989
"AKT1;RHOA",-0.343311517519325,0.83051842769989
"BRD4;RHOA",-0.230685591749545,0.83051842769989
"MYC;RHOA",-1.61514811958307,0.996820526247479
"MAP2K1;RHOA",-0.105387966779294,0.83051842769989
"MAPK1;RHOA",-0.116311935444405,0.83051842769989
"RHOA;WEE1",-0.883037560581839,0.86999732010994
"ARID1A;RHOA",-0.421924664056583,0.83051842769989
"PRMT1;RHOA",-1.2533600296356,0.975149581218497
"PARP1;RHOA",-1.1065143216389,0.923850009252945
"PORCN;RHOA",-0.307769385569184,0.83051842769989
"MDM2;RHOA",-0.530822424672571,0.83051842769989
"EGFR;RHOA",-0.51420266782362,0.83051842769989
"RHOA;SMAD4",-0.368730562766831,0.83051842769989
"DNMT1;RHOA",-0.616159909143567,0.83051842769989
"RAF1;RHOA",-0.19892444641914,0.83051842769989
"CDK6;RHOA",-0.728957582874385,0.845959364164109
"ATR;RHOA",-0.94618492155865,0.888231399331582
"MCL1;RHOA",0.0786615181041575,0.83051842769989
"BCL2;RHOA",-0.612943181181572,0.83051842769989
"PRMT5;RHOA",-0.634865738883622,0.83051842769989
"ATM;RHOA",-0.389572821503748,0.83051842769989
"BCL2L1;RHOA",-0.315795154129564,0.83051842769989
"KRAS;RHOA",-0.457812938256425,0.83051842769989
"CDK4;RHOA",-0.0619984739699966,0.83051842769989
"CTNNB1;RHOA",-0.980256922999499,0.898358785445461
"BRAF;RHOA",0.0268919746852831,0.83051842769989
"MAP2K2;RHOA",0.0454949292086929,0.83051842769989
"PIK3CA;RHOA",-0.521945739408074,0.83051842769989
"IGF1R;RHOA",-0.206996246874208,0.83051842769989
"RHOA;TAZ",-0.140187282624189,0.83051842769989
"RHOA;WRN",-0.271256820289096,0.83051842769989
"AKT2;RHOA",-0.543366294374019,0.83051842769989
"RHOA;SRC",-0.0859415927965084,0.83051842769989
"DNMT3B;RHOA",-0.503087638659644,0.83051842769989
"APC;RHOA",-0.203758911105437,0.83051842769989
"ERBB2;RHOA",-0.0703217432774895,0.83051842769989
"RHOA;YAP1",-0.247718629940469,0.83051842769989
"PTPN11;RHOA",-0.186655879521565,0.83051842769989
"CHEK1;RHOA",-1.73423174547426,0.996820526247479
"JAK1;RHOA",-0.511664632969845,0.83051842769989
"CDCP2;TAAR1",-0.011736438158514,0.83051842769989
"POU3F4;ZIM3",-0.254439470114319,0.83051842769989
"ASB17;MS4A13",-0.187452260740091,0.83051842769989
"CACNG2;STATH",-0.022737192839218,0.83051842769989
"IFNA5;KRTAP4-4",-0.496825683355065,0.83051842769989
"NPHS2;PRAMEF2",-0.0465301009220599,0.83051842769989
"CATSPER4;TMPRSS11F",-0.317767606559665,0.83051842769989
"OPALIN;RPE65",-0.0431590481912414,0.83051842769989
"FAM47B;IFNA21",-0.0151735177208703,0.83051842769989
"MEP1A;MRGPRX1",-0.00264537667310949,0.83051842769989
"ADAM2;GML",-0.0253329667576725,0.83051842769989
"DEFB104A;GHSR",0.0208528225096407,0.83051842769989
"HSFY1;RNASE12",-0.0117135097784858,0.83051842769989
"FNDC7;TPTE",-0.015393883946646,0.83051842769989
"DEFB129;RHOXF2",0.000963270615822645,0.83051842769989
"KRTAP13-2;TFAP2D",-0.0578021786440388,0.83051842769989
"SSX3;TRIM48",-0.0323503724392667,0.83051842769989
"TGIF2LY;WFDC11",-0.248324774750152,0.83051842769989
"KRTAP10-2;S100G",-0.0148268808476518,0.83051842769989
"C12orf40;GSTA5",-0.188006895896756,0.83051842769989
"DCAF8L1;MRGPRD",-0.135302884529447,0.83051842769989
"IFNA16;KRTAP10-8",-0.389861430549582,0.83051842769989
"GLRA2;IFNK",-0.000479466624475032,0.83051842769989
"IL3;SPINK14",-0.13945430627066,0.83051842769989
"DMRTC2;SLC39A12",-0.028596391217553,0.83051842769989
"INS;PRB4",-0.521638212423055,0.83051842769989
"EGR4;RFX6",-0.0104430562198564,0.83051842769989
"BPIFC;DDX4",2.17956614954017e-05,0.83051842769989
"PANX3;TSHB",-0.023732578299017,0.83051842769989
"DEFB123;KRTAP10-9",-0.164387596141736,0.83051842769989
"GKN2;RBPJL",0.00820567550244046,0.83051842769989
"CCL1;DMRTB1",-0.0678580597526672,0.83051842769989
"ANKRD30A;KRT33A",-0.014641689089246,0.83051842769989
"LYZL2;TSPY1",-0.618246926931118,0.83051842769989
"KIF2B;S100A7A",0.00687675365942898,0.83051842769989
"LIN28A;PRAMEF1",-0.049894993537496,0.83051842769989
"BSND;TAS2R46",-0.00652524054007095,0.83051842769989
"HTR1A;PAX1",-0.00441207326555491,0.83051842769989
"FRMD7;HCRTR2",-0.0254492358655962,0.83051842769989
"FEZF1;KRTAP13-3",0.0012083300136132,0.83051842769989
"TRIM43;WFDC9",-0.266930267389197,0.83051842769989
"PDCL2;TAS2R42",-0.00975464456539908,0.83051842769989
"KRTAP10-4;TAS2R43",-0.253068764870918,0.83051842769989
"DAZL;HTR3C",-0.0702436857053183,0.83051842769989
"GLRA1;IL36B",-0.00201153358946862,0.83051842769989
"CSTL1;POTED",-0.00936317381661214,0.83051842769989
"PRAMEF7;TRIM49",-0.174498080069025,0.83051842769989
"CSH1;CSHL1",-0.00125265634393171,0.83051842769989
"BIRC8;KRTAP10-10",-0.0301856299133718,0.83051842769989
"NANOGNB;PIWIL3",-0.0108685447321176,0.83051842769989
"CSN3;LHX5",-0.0324412099516132,0.83051842769989
"BMP10;KRTAP23-1",-0.0284439293386956,0.83051842769989
"IFNA4;TMEM225",-0.192712582750009,0.83051842769989
"KRTAP4-12;TCP10L2",-0.200834869754663,0.83051842769989
"EFCAB3;XKR7",-0.0399849844522978,0.83051842769989
"C1orf146;F9",-0.231303811786894,0.83051842769989
"ANTXRL;KRTAP19-3",-0.0116563581898722,0.83051842769989
"DRGX;INSL5",-0.00886254491457354,0.83051842769989
"MTNR1B;NLRP4",-0.00153465794563623,0.83051842769989
"CST4;TAS2R50",-0.301568926450338,0.83051842769989
"HOXD12;KRTAP9-2",-0.000484231973428527,0.83051842769989
"CCDC172;CSN2",-0.00992088384473191,0.83051842769989
"PDE6H;PRB1",-0.243404670997215,0.83051842769989
"ATP6V1G3;TAS2R39",-0.191366947018442,0.83051842769989
"MEPE;SAGE1",-0.00126399044526802,0.83051842769989
"IFNW1;KRTAP10-6",-0.29329022979527,0.83051842769989
"PRSS55;ZCCHC13",-0.0264855783561347,0.83051842769989
"CACNG3;NMS",-0.00237062060800551,0.83051842769989
"NONTARGET00311;NONTARGET00833",0.749319099138435,0.83051842769989
"NONTARGET00208;NONTARGET00957",1.43687774068804,0.83051842769989
"NONTARGET00501;NONTARGET00731",0.36683913113168,0.83051842769989
"NONTARGET00449;NONTARGET00636",0.566073670952895,0.83051842769989
"NONTARGET00204;NONTARGET00845",0.531598820766233,0.83051842769989
"NONTARGET00008;NONTARGET00542",0.904872111691239,0.83051842769989
"NONTARGET00006;NONTARGET00962",0.431319906873328,0.83051842769989
"NONTARGET00277;NONTARGET00787",0.620240192286604,0.83051842769989
"NONTARGET00111;NONTARGET00510",0.539895120035315,0.83051842769989
"NONTARGET00633;NONTARGET00773",0.195625870960905,0.83051842769989
"NONTARGET00635;NONTARGET00683",-0.0319858897265071,0.83051842769989
"NONTARGET00749;NONTARGET00785",0.649035066026189,0.83051842769989
"NONTARGET00175;NONTARGET00293",0.131815480338304,0.83051842769989
"NONTARGET00320;NONTARGET00383",0.416490371196683,0.83051842769989
"NONTARGET00019;NONTARGET00316",0.0354667534382909,0.83051842769989
"NONTARGET00901;NONTARGET00930",0.292976587857982,0.83051842769989
"NONTARGET00652;NONTARGET00890",0.51413416280786,0.83051842769989
"NONTARGET00054;NONTARGET00986",-0.0353618678692832,0.83051842769989
"NONTARGET00161;NONTARGET00304",0.963066604282498,0.83051842769989
"NONTARGET00347;NONTARGET00757",1.52683222840805,0.83051842769989
"NONTARGET00678;NONTARGET00868",0.978819869562763,0.83051842769989
"NONTARGET00376;NONTARGET00712",0.25691107783785,0.83051842769989
"NONTARGET00177;NONTARGET00232",0.363679184145305,0.83051842769989
"NONTARGET00183;NONTARGET00946",1.01765438099018,0.83051842769989
"NONTARGET00189;NONTARGET00656",-0.00273689959624979,0.83051842769989
"NONTARGET00123;NONTARGET00185",0.747892337551996,0.83051842769989
"NONTARGET00068;NONTARGET00780",0.869613380660164,0.83051842769989
"NONTARGET00655;NONTARGET00751",0.505733757358469,0.83051842769989
"NONTARGET00664;NONTARGET00929",0.438787394787203,0.83051842769989
"NONTARGET00142;NONTARGET00490",0.318688888412473,0.83051842769989
"NONTARGET00370;NONTARGET00899",0.353913680474142,0.83051842769989
"NONTARGET00147;NONTARGET00585",-0.381067371392203,0.83051842769989
"NONTARGET00036;NONTARGET00761",0.459049817649864,0.83051842769989
"NONTARGET00329;NONTARGET00804",0.477492496040706,0.83051842769989
"NONTARGET00740;NONTARGET00917",-0.0577522533748548,0.83051842769989
"NONTARGET00445;NONTARGET00992",0.588490400437846,0.83051842769989
"NONTARGET00164;NONTARGET00882",-0.0421204776472572,0.83051842769989
"NONTARGET00407;NONTARGET00922",0.602676420598488,0.83051842769989
"NONTARGET00235;NONTARGET00335",1.21903562057864,0.83051842769989
"NONTARGET00595;NONTARGET00794",0.719394703566729,0.83051842769989
"NONTARGET00294;NONTARGET00934",0.37975128062376,0.83051842769989
"NONTARGET00107;NONTARGET00188",0.511531654580099,0.83051842769989
"NONTARGET00954;NONTARGET00975",0.220699121378503,0.83051842769989
"NONTARGET00016;NONTARGET00221",0.29954972189395,0.83051842769989
"NONTARGET00047;NONTARGET00821",0.265806281392583,0.83051842769989
"NONTARGET00406;NONTARGET00517",0.780401170784543,0.83051842769989
"NONTARGET00312;NONTARGET00360",0.440848138872378,0.83051842769989
"NONTARGET00046;NONTARGET00628",0.538238801350982,0.83051842769989
"NONTARGET00022;NONTARGET00477",0.722412559888,0.83051842769989
"NONTARGET00478;NONTARGET00534",0.382657476240841,0.83051842769989
"NONTARGET00435;NONTARGET01004",-0.114096298386719,0.83051842769989
"NONTARGET00095;NONTARGET00219",0.483683109755712,0.83051842769989
"NONTARGET00438;NONTARGET00883",0.515134458226912,0.83051842769989
"NONTARGET00549;NONTARGET00825",1.11911845834664,0.83051842769989
"NONTARGET00152;NONTARGET00413",0.611286967212078,0.83051842769989
"NONTARGET00322;NONTARGET00663",1.09641631848653,0.83051842769989
"NONTARGET00083;NONTARGET00667",0.339315217469633,0.83051842769989
"NONTARGET00377;NONTARGET00414",-0.500677768898976,0.83051842769989
"NONTARGET00259;NONTARGET00638",0.629348462935271,0.83051842769989
"NONTARGET00021;NONTARGET00860",0.262460088002026,0.83051842769989
"NONTARGET00582;NONTARGET00859",0.911318495530701,0.83051842769989
"NONTARGET00162;NONTARGET00218",0.911055047734488,0.83051842769989
"NONTARGET00771;NONTARGET00866",1.20881520261435,0.83051842769989
"NONTARGET00034;NONTARGET00601",0.54032881500289,0.83051842769989
"NONTARGET00519;NONTARGET00880",0.526528815693085,0.83051842769989
"NONTARGET00303;NONTARGET00798",0.162903427401065,0.83051842769989
"NONTARGET00314;NONTARGET00560",-0.582411060325836,0.83051842769989
"NONTARGET00031;NONTARGET00211",0.100616648799504,0.83051842769989
"NONTARGET00425;NONTARGET00559",0.476258389005455,0.83051842769989
"NONTARGET00368;NONTARGET00566",0.803180589581289,0.83051842769989
"NONTARGET00317;NONTARGET00908",0.343740784676399,0.83051842769989
"NONTARGET00687;NONTARGET00869",0.690872082106684,0.83051842769989
"NONTARGET00007;NONTARGET00500",0.0159345490443397,0.83051842769989
"NONTARGET00014;NONTARGET00872",0.754806366675273,0.83051842769989
"NONTARGET00061;NONTARGET00713",0.145314021476718,0.83051842769989
"NONTARGET00590;NONTARGET00837",-0.0593896443589327,0.83051842769989
"NONTARGET00302;NONTARGET00555",0.0322228845043441,0.83051842769989
"NONTARGET00136;NONTARGET00195",0.332295863200859,0.83051842769989
"NONTARGET00029;NONTARGET00551",0.978375366781551,0.83051842769989
"NONTARGET00266;NONTARGET00781",0.896938552096539,0.83051842769989
"NONTARGET00450;NONTARGET00733",0.77651811943288,0.83051842769989
"NONTARGET00170;NONTARGET00226",0.878946750649858,0.83051842769989
"NONTARGET00539;NONTARGET00885",0.53265840117896,0.83051842769989
"NONTARGET00291;NONTARGET00343",0.513029552142951,0.83051842769989
"NONTARGET00354;NONTARGET00577",1.56423723122016,0.83051842769989
"NONTARGET00321;NONTARGET00873",0.174162943454525,0.83051842769989
"NONTARGET00120;NONTARGET00573",0.597743796742449,0.83051842769989
"NONTARGET00070;NONTARGET00447",0.699223710315441,0.83051842769989
"NONTARGET00307;NONTARGET00324",0.798688227248406,0.83051842769989
"NONTARGET00508;NONTARGET00533",1.60449727667258,0.83051842769989
"NONTARGET00067;NONTARGET00793",0.274677802767005,0.83051842769989
"NONTARGET00502;NONTARGET00996",0.588413792194593,0.83051842769989
"NONTARGET00409;NONTARGET00550",0.390774136531345,0.83051842769989
"NONTARGET00574;NONTARGET00978",0.822512183362227,0.83051842769989
"NONTARGET00091;NONTARGET00112",0.0323773479837791,0.83051842769989
"NONTARGET00273;NONTARGET00306",0.337519919207473,0.83051842769989
"NONTARGET00497;NONTARGET00903",0.558478190176696,0.83051842769989
"NONTARGET00270;NONTARGET00340",0.185745392180702,0.83051842769989
"NONTARGET00874;NONTARGET00906",-0.329226312572002,0.83051842769989
"INTERGENIC1;INTERGENIC103",-0.0951498212261735,0.83051842769989
"INTERGENIC136;INTERGENIC2",-0.709412188754917,0.841953357183135
"INTERGENIC3;INTERGENIC48",0.497017193356814,0.83051842769989
"INTERGENIC104;INTERGENIC4",-0.308186961534821,0.83051842769989
"INTERGENIC107;INTERGENIC5",0.0285695621500197,0.83051842769989
"INTERGENIC102;INTERGENIC6",-0.912771111080275,0.878936795281164
"INTERGENIC65;INTERGENIC7",0.477483946971825,0.83051842769989
"INTERGENIC143;INTERGENIC8",0.396053201040459,0.83051842769989
"INTERGENIC118;INTERGENIC9",-0.0316050589171484,0.83051842769989
"INTERGENIC10;INTERGENIC83",-0.0586820020788461,0.83051842769989
"INTERGENIC11;INTERGENIC137",-0.0388995920822601,0.83051842769989
"INTERGENIC115;INTERGENIC12",0.579679597020364,0.83051842769989
"INTERGENIC13;INTERGENIC156",-0.111833887599906,0.83051842769989
"INTERGENIC14;INTERGENIC49",0.000682437483923909,0.83051842769989
"INTERGENIC15;INTERGENIC86",-0.0319819654699175,0.83051842769989
"INTERGENIC116;INTERGENIC16",-0.0123332512963013,0.83051842769989
"INTERGENIC111;INTERGENIC17",-0.00167054291502947,0.83051842769989
"INTERGENIC108;INTERGENIC18",-0.146182079291284,0.83051842769989
"INTERGENIC19;INTERGENIC51",-0.00380584059303751,0.83051842769989
"INTERGENIC112;INTERGENIC20",-1.27605913313702,0.981823570642004
"INTERGENIC21;INTERGENIC93",-0.0151521385480559,0.83051842769989
"INTERGENIC109;INTERGENIC22",0.420728383158264,0.83051842769989
"INTERGENIC148;INTERGENIC23",0.10304699993965,0.83051842769989
"INTERGENIC24;INTERGENIC74",-0.0348220783791679,0.83051842769989
"INTERGENIC126;INTERGENIC25",0.171734627176425,0.83051842769989
"INTERGENIC26;INTERGENIC89",-0.472790117903956,0.83051842769989
"INTERGENIC27;INTERGENIC60",-0.339013061895651,0.83051842769989
"INTERGENIC28;INTERGENIC70",-0.0373690478118011,0.83051842769989
"INTERGENIC29;INTERGENIC99",0.062713256580054,0.83051842769989
"INTERGENIC30;INTERGENIC79",0.121482976972043,0.83051842769989
"INTERGENIC31;INTERGENIC92",0.0158500966415042,0.83051842769989
"INTERGENIC101;INTERGENIC32",0.153036810756711,0.83051842769989
"INTERGENIC33;INTERGENIC64",0.571357788766421,0.83051842769989
"INTERGENIC34;INTERGENIC87",-0.0228442337214994,0.83051842769989
"INTERGENIC113;INTERGENIC35",-0.109835580296538,0.83051842769989
"INTERGENIC36;INTERGENIC54",0.342702521905016,0.83051842769989
"INTERGENIC37;INTERGENIC77",-0.00579886511650318,0.83051842769989
"INTERGENIC110;INTERGENIC38",-0.054031528025103,0.83051842769989
"INTERGENIC134;INTERGENIC39",-0.0607912239421261,0.83051842769989
"INTERGENIC155;INTERGENIC40",0.316357189570384,0.83051842769989
"INTERGENIC41;INTERGENIC91",0.521650133826649,0.83051842769989
"INTERGENIC42;INTERGENIC68",0.377264833843375,0.83051842769989
"INTERGENIC43;INTERGENIC95",0.368812795046473,0.83051842769989
"INTERGENIC44;INTERGENIC69",-0.00812207995892922,0.83051842769989
"INTERGENIC45;INTERGENIC57",0.131372154411401,0.83051842769989
"INTERGENIC46;INTERGENIC72",0.309680084627649,0.83051842769989
"INTERGENIC123;INTERGENIC63",-0.107511178459199,0.83051842769989
"INTERGENIC100;INTERGENIC71",-0.0570626325743007,0.83051842769989
"INTERGENIC127;INTERGENIC58",-0.00326760650692254,0.83051842769989
"INTERGENIC149;INTERGENIC153",-0.0265836185372717,0.83051842769989
"INTERGENIC125;INTERGENIC140",-0.00037779239323895,0.83051842769989
"INTERGENIC75;INTERGENIC90",-0.00677993691541612,0.83051842769989
"INTERGENIC138;INTERGENIC152",-0.040782132356875,0.83051842769989
"INTERGENIC128;INTERGENIC88",-0.0044866466065213,0.83051842769989
"INTERGENIC122;INTERGENIC151",-0.0399076021767285,0.83051842769989
"INTERGENIC131;INTERGENIC66",-0.300044583221081,0.83051842769989
"INTERGENIC135;INTERGENIC142",-0.335198076578584,0.83051842769989
"INTERGENIC133;INTERGENIC85",-0.0399113615759089,0.83051842769989
"INTERGENIC124;INTERGENIC81",-0.0306884128544892,0.83051842769989
"INTERGENIC129;INTERGENIC55",-0.0416235947497231,0.83051842769989
"INTERGENIC141;INTERGENIC97",-0.429617351404265,0.83051842769989
"INTERGENIC130;INTERGENIC62",-0.0132961546265944,0.83051842769989
"INTERGENIC105;INTERGENIC114",-0.629668333930464,0.83051842769989
"INTERGENIC145;INTERGENIC147",-0.374063080390873,0.83051842769989
"INTERGENIC106;INTERGENIC96",-0.6508638128819,0.83051842769989
"INTERGENIC117;INTERGENIC139",-0.00308732094369363,0.83051842769989
"INTERGENIC132;INTERGENIC59",-1.00506241952649,0.905353110343871
"INTERGENIC56;INTERGENIC80",-0.158964828992193,0.83051842769989
"INTERGENIC121;INTERGENIC47",-0.218463698723137,0.83051842769989
"INTERGENIC150;INTERGENIC98",-0.00420384010910324,0.83051842769989
"INTERGENIC154;INTERGENIC61",-0.0845081781539606,0.83051842769989
"INTERGENIC146;INTERGENIC73",-0.696262288906694,0.838302639237209
"INTERGENIC120;INTERGENIC76",-0.00769245522833554,0.83051842769989
"INTERGENIC67;INTERGENIC84",-0.31343667386498,0.83051842769989
"INTERGENIC52;INTERGENIC94",-0.50771008037932,0.83051842769989
"INTERGENIC144;INTERGENIC82",-0.00810906964406355,0.83051842769989
"INTERGENIC53;INTERGENIC78",-0.0177827681016696,0.83051842769989
"INTERGENIC119;INTERGENIC50",-0.00850565692081479,0.83051842769989
"NONTARGET00311;PSMD4",-0.898738082222982,0.874828825977427
"NONTARGET00208;PSMD7",-1.49903433861704,0.996820526247479
"COPE;NONTARGET00731",-0.835134203878317,0.859747715756376
"CDC40;NONTARGET00449",-0.62108937146646,0.83051842769989
"NONTARGET00204;PSMD13",-0.630964237634471,0.83051842769989
"EIF3F;NONTARGET00542",0.00032374095747055,0.83051842769989
"NONTARGET00006;RPL35",-0.777804227645615,0.855392982465961
"CCT8;NONTARGET00277",-0.369154287902594,0.83051842769989
"NONTARGET00510;PABPN1",-0.00294733355577534,0.83051842769989
"NONTARGET00773;PSMA1",-1.06359860836039,0.918127019138725
"NONTARGET00683;RPL37",-0.384414231359839,0.83051842769989
"ETF1;NONTARGET00749",-0.851596726303521,0.863220419071441
"NONTARGET00175;NUP54",-0.301331051170653,0.83051842769989
"NONTARGET00320;RPL24",-0.86735317613369,0.865377915425553
"NONTARGET00316;RPP40",-0.00115271253143528,0.83051842769989
"NONTARGET00901;RPS20",-1.5035224434349,0.996820526247479
"NONTARGET00890;SUPV3L1",-0.180316529792602,0.83051842769989
"GNL3;NONTARGET00054",-1.09253104038202,0.922637573447407
"NONTARGET00161;PRPF18",-0.0193119443984884,0.83051842769989
"NONTARGET00757;PSMC2",-0.932324155027335,0.884610348414395
"NONTARGET00678;RPL36",-1.67758601111569,0.996820526247479
"NONTARGET00712;TSEN2",-0.000122900132470152,0.83051842769989
"ANAPC4;NONTARGET00232",-0.981753400262395,0.898775699580556
"NONTARGET00946;RPL6",-0.781531894178756,0.855443174457673
"NAA38;NONTARGET00656",-0.0951658159951984,0.83051842769989
"NONTARGET00123;SRRT",-0.520242241903965,0.83051842769989
"CCT4;NONTARGET00068",-0.953084353385665,0.88992719643538
"NONTARGET00655;RPA2",-0.777678771082485,0.855392982465961
"ACTR6;NONTARGET00929",-0.0194924974722647,0.83051842769989
"FDPS;NONTARGET00490",-0.0272994614809243,0.83051842769989
"NONTARGET00370;PFN1",-0.0253160561278273,0.83051842769989
"NONTARGET00585;PHB2",-1.31822911425438,0.990803269857148
"NONTARGET00761;RPS15A",-0.399881301747419,0.83051842769989
"NEDD8;NONTARGET00804",-0.690220099953228,0.83662620571736
"HNRNPM;NONTARGET00917",-0.12779394682743,0.83051842769989
"EIF3H;NONTARGET00992",-0.217257587583485,0.83051842769989
"NONTARGET00164;RPS13",-1.1382066268757,0.930691592093612
"NONTARGET00407;RBM17",-0.859619906785825,0.864479149973615
"NONTARGET00335;POLR2F",-0.969214384931237,0.895435159154328
"HSPA9;NONTARGET00794",-0.518836191248211,0.83051842769989
"NONTARGET00934;RPS25",-0.148437954573362,0.83051842769989
"NONTARGET00107;TOMM40",-0.184202533203013,0.83051842769989
"NONTARGET00975;TIMM10",-0.0406827327155318,0.83051842769989
"NONTARGET00221;RUVBL2",-0.948286485757848,0.888826441630523
"NONTARGET00821;PSMA3",-0.942441747522504,0.887473487107856
"CPSF3;NONTARGET00517",-0.447222986784945,0.83051842769989
"NONTARGET00312;PSMA2",-1.4235107813514,0.996820526247479
"NONTARGET00628;RPL14",-1.34114949910935,0.994803001460787
"FTSJ3;NONTARGET00022",-0.894047527571652,0.873518799095317
"DDX21;NONTARGET00478",-0.239846597664258,0.83051842769989
"EIF3B;NONTARGET01004",-0.592418093713508,0.83051842769989
"CHMP2A;NONTARGET00095",-0.244682832438385,0.83051842769989
"NONTARGET00883;ZNF207",0.154134720273864,0.83051842769989
"MED30;NONTARGET00549",-1.24239715373319,0.972273924765408
"EIF5B;NONTARGET00152",-0.588107883035785,0.83051842769989
"ERH;NONTARGET00663",-1.10153871432496,0.923452397685076
"HAUS7;NONTARGET00667",-0.519572878573658,0.83051842769989
"NONTARGET00377;UBA1",-1.6102360784634,0.996820526247479
"NONTARGET00259;RPA1",-1.51849418741353,0.996820526247479
"COX10;NONTARGET00860",-0.424090927604602,0.83051842769989
"AP2S1;NONTARGET00582",0.00128416116036915,0.83051842769989
"CCNK;NONTARGET00162",-0.597472686639268,0.83051842769989
"NONTARGET00771;PRPF19",-1.54726941623477,0.996820526247479
"NONTARGET00601;SRFBP1",-0.00092618758463462,0.83051842769989
"NONTARGET00519;RPL12",-0.652638244548408,0.83051842769989
"NONTARGET00798;TUBGCP2",-0.450697520599908,0.83051842769989
"NONTARGET00560;SUPT5H",-1.17792130328091,0.948481338762959
"KPNB1;NONTARGET00211",-0.502142989427409,0.83051842769989
"NONTARGET00425;PSMC1",-1.16795835277347,0.944202043932367
"HNRNPC;NONTARGET00368",-0.639781354839043,0.83051842769989
"NCBP1;NONTARGET00908",-1.04589636657696,0.913937683631205
"NONTARGET00687;SF3B5",-1.76207697210277,0.996820526247479
"EIF6;NONTARGET00007",-0.399901865788325,0.83051842769989
"CCT3;NONTARGET00872",-1.30741080557856,0.989164385207039
"NONTARGET00061;NUP133",-1.26065061400337,0.977320869139007
"NONTARGET00837;PLAGL2",-0.0633504250970485,0.83051842769989
"NONTARGET00302;POP5",-0.415206030427245,0.83051842769989
"NONTARGET00195;YY1",-0.212524054130091,0.83051842769989
"NONTARGET00029;PAFAH1B1",-1.35633934816359,0.996592679322723
"NONTARGET00781;RPL4",-0.851582821097099,0.863220419071441
"NONTARGET00450;RPS3",-0.00491257392507949,0.83051842769989
"NONTARGET00170;POLR2D",-0.60802357062091,0.83051842769989
"HEATR1;NONTARGET00885",-0.214083911085422,0.83051842769989
"CCT6A;NONTARGET00343",-0.128152089983273,0.83051842769989
"EIF3G;NONTARGET00354",-0.60581606704833,0.83051842769989
"NONTARGET00873;NUP205",-0.231436277719379,0.83051842769989
"BOP1;NONTARGET00573",-1.17230759750297,0.946098945477152
"NONTARGET00447;RPSA",-1.02162009519358,0.909544528705761
"NONTARGET00324;RPL18",-0.967373541990233,0.894778421522107
"NONTARGET00508;RPL13",-1.23843763902835,0.971066210983354
"LSM6;NONTARGET00793",-1.05009740968108,0.914547754517236
"ARCN1;NONTARGET00502",-0.366378504479762,0.83051842769989
"NONTARGET00550;WDR33",-0.487972089465533,0.83051842769989
"GABPA;NONTARGET00978",-0.0108549269441124,0.83051842769989
"NONTARGET00091;TCERG1",-0.00285323527362134,0.83051842769989
"DDX46;NONTARGET00273",-0.270088944093778,0.83051842769989
"EIF2S2;NONTARGET00903",-0.614820767854539,0.83051842769989
"EIF3A;NONTARGET00270",-0.582323055488144,0.83051842769989
"NONTARGET00906;RPL37A",-0.540371661506491,0.83051842769989
"NONTARGET00874;RPS12",-0.724863389792165,0.845296355906229
"MED14;NONTARGET00340",-0.841922486948843,0.860658710032528
"NONTARGET00497;POLR2I",-1.36696148969811,0.996820526247479
"NONTARGET00306;RPS8",-1.15567015986279,0.938666150811055
"NONTARGET00112;TUBA1B",-0.170114120143794,0.83051842769989
"NONTARGET00574;RPL13A",-1.03892074839721,0.913419946253691
"HNRNPK;NONTARGET00409",-1.40537324706513,0.996820526247479
"NONTARGET00996;TFIP11",-0.114679984280255,0.83051842769989
"NONTARGET00067;OPA1",-0.343635209611976,0.83051842769989
"HSPE1;NONTARGET00533",-1.34037597249167,0.994694093151451
"ALYREF;NONTARGET00307",-0.176693644539329,0.83051842769989
"NONTARGET00070;NUTF2",-0.390291166383017,0.83051842769989
"NONTARGET00120;RPLP2",-0.587271201785334,0.83051842769989
"CSE1L;NONTARGET00321",-1.2041511435948,0.959159149023297
"INTS9;NONTARGET00577",-1.00197606786885,0.904820133102315
"LUC7L3;NONTARGET00291",-0.553604541656979,0.83051842769989
"CCT7;NONTARGET00539",-1.02111994676068,0.909509859884465
"NONTARGET00226;RPL11",-1.31580909352098,0.990408016205592
"NONTARGET00733;USP39",-1.18907252231007,0.95327585549498
"NONTARGET00266;SUPT6H",-0.322774594607411,0.83051842769989
"NONTARGET00551;RBMX",-1.29971196928244,0.987490686492473
"NONTARGET00136;SDAD1",-0.272807806668807,0.83051842769989
"NONTARGET00555;RPS11",-0.92464455974419,0.882575577835064
"NONTARGET00590;RUVBL1",-0.87950848026298,0.868783410716265
"NONTARGET00713;NUDT21",-0.687769380630398,0.836175951389533
"NONTARGET00014;RPS14",-1.08828801895627,0.922001026393481
"BRIX1;NONTARGET00500",-0.142256684886435,0.83051842769989
"NONTARGET00869;POLR1B",-1.18884212507472,0.953222124578013
"NONTARGET00317;PSMD12",-0.534737368027268,0.83051842769989
"NONTARGET00566;PSMD2",-0.822738641761139,0.85826452060764
"NONTARGET00559;UBB",-0.0619137395555979,0.83051842769989
"NONTARGET00031;VCP",-1.16804081956066,0.944202043932367
"NONTARGET00314;RPL18A",-1.07280678272,0.919963971753561
"NONTARGET00303;SF3A2",-0.766756003136024,0.853610623147136
"NONTARGET00880;SNRPB",-0.955188499253785,0.8901992167144
"IMP4;NONTARGET00034",-0.31708643311915,0.83051842769989
"NONTARGET00866;SF3B2",-1.34044618933531,0.994694093151451
"NONTARGET00218;RPS4X",-0.844582946577006,0.861384496351732
"CPSF2;NONTARGET00859",-0.880577544526956,0.86914255292747
"NONTARGET00021;RPL31",-0.927190765341677,0.88324750421642
"NONTARGET00638;RPN2",0.00209860544041665,0.83051842769989
"NONTARGET00414;RPS24",-0.0786465859881545,0.83051842769989
"DKC1;NONTARGET00083",-0.231717786008172,0.83051842769989
"NONTARGET00322;RPS9",-0.812702063174446,0.858150763100959
"NONTARGET00413;SNRNP200",-1.24816462420453,0.973900960526379
"NONTARGET00825;RPL32",-1.49132563511119,0.996820526247479
"COPZ1;NONTARGET00438",-0.820053788564506,0.85826452060764
"LARS2;NONTARGET00219",-0.0641037903858134,0.83051842769989
"NONTARGET00435;NXF1",-1.30534914946497,0.9888289769529
"ATP6V0D1;NONTARGET00534",-0.375205155012453,0.83051842769989
"NONTARGET00477;SF3B4",-1.31777258384381,0.990734165867411
"DDX54;NONTARGET00046",-1.11100805583916,0.924121252169155
"NONTARGET00360;RPS5",-1.01558661796928,0.908468089716901
"NONTARGET00406;RBM22",-0.616207541102017,0.83051842769989
"NAPA;NONTARGET00047",-1.07987057755516,0.921466202808487
"HNRNPU;NONTARGET00016",-0.209979586707889,0.83051842769989
"NONTARGET00954;PCBP2",-0.83312440085492,0.858793985548551
"NONTARGET00188;RPL35A",-0.387719786634463,0.83051842769989
"NONTARGET00294;PSMB2",-0.805476504360883,0.858016621107286
"NONTARGET00595;SMC3",-0.886508914046311,0.870905713514126
"NONTARGET00235;PSMB3",-1.00997799823854,0.907078303192916
"NONTARGET00922;RPL7",-1.13665726289871,0.929968527872314
"NONTARGET00882;SF3B3",-0.602187713755797,0.83051842769989
"NONTARGET00445;PRPF31",-1.13656061123208,0.929968527872314
"NONTARGET00740;SRBD1",-0.408516795617829,0.83051842769989
"LSM4;NONTARGET00329",-1.06129175067578,0.91759429283435
"NONTARGET00036;TUBB",-0.14660954861824,0.83051842769989
"ISCU;NONTARGET00147",-0.890611483570418,0.87246363312666
"COPB2;NONTARGET00899",-1.25378803522698,0.975268746504827
"NONTARGET00142;SRCAP",-0.528736152712081,0.83051842769989
"NONTARGET00664;RPS19",-1.49829509863628,0.996820526247479
"NONTARGET00751;RPL38",0.00219978593882592,0.83051842769989
"NONTARGET00780;RPLP0",-1.18358322576528,0.950959791321171
"EIF2B4;NONTARGET00185",-1.19049260084203,0.953723571046406
"NONTARGET00189;SNRPD1",-1.64388261907051,0.996820526247479
"NONTARGET00183;PSMC3",-0.772994534641128,0.854830910005804
"NONTARGET00177;RPS6",-0.569976052609102,0.83051842769989
"EEF2;NONTARGET00376",-1.31758863682134,0.990734165867411
"EIF4E;NONTARGET00868",-0.482727051362757,0.83051842769989
"NONTARGET00347;SF3A1",-1.28775422067672,0.985012574137885
"NONTARGET00304;PFDN2",-0.99281563812208,0.90269243897405
"INCENP;NONTARGET00986",-0.51517404114062,0.83051842769989
"ACTL6A;NONTARGET00652",-0.784873466121369,0.855487292387285
"NONTARGET00930;RBM25",-0.832083673928587,0.858667905495995
"IARS2;NONTARGET00019",-0.3752835488897,0.83051842769989
"NONTARGET00383;RPL27",-0.923410800413859,0.882281434721447
"DDX18;NONTARGET00293",-0.443072608683831,0.83051842769989
"EIF2B3;NONTARGET00785",-0.341109823333654,0.83051842769989
"GAR1;NONTARGET00635",-0.00124679185162559,0.83051842769989
"HAUS1;NONTARGET00633",-0.869019739923505,0.865507228575333
"NONTARGET00111;PSMB6",-0.643944411368017,0.83051842769989
"NONTARGET00787;RPS15",-1.4382337242268,0.996820526247479
"MTFMT;NONTARGET00962",-0.0105976550969138,0.83051842769989
"NONTARGET00008;RPL7A",-1.27230972353973,0.980920107679638
"NONTARGET00845;PREB",-0.208348048975064,0.83051842769989
"NONTARGET00636;RPL34",-0.596647944528127,0.83051842769989
"NONTARGET00501;U2AF2",-1.15316557174545,0.937583304418138
"COPB1;NONTARGET00957",-0.807451367137812,0.858087473581107
"NONTARGET00833;TBCE",-0.0262190390113053,0.83051842769989
"EIF2B2;NONTARGET00246",-0.629546094133923,0.83051842769989
"INTERGENIC1;PSMB5",-1.0083243730608,0.906379413918467
"INTERGENIC2;ZC3H18",-0.121778251234929,0.83051842769989
"EIF3C;INTERGENIC3",-1.04674024629305,0.913937683631205
"COPS6;INTERGENIC4",-0.182444444244517,0.83051842769989
"INTERGENIC5;XAB2",-1.12961584472228,0.926739989209057
"INTERGENIC6;RPL30",-0.0087509212279939,0.83051842769989
"CDC5L;INTERGENIC7",-1.44333535530656,0.996820526247479
"DYNC1H1;INTERGENIC8",-1.06099546954536,0.91759429283435
"INTERGENIC9;SNRNP27",-0.892921071316438,0.873141855938178
"DYNC1I2;INTERGENIC10",-1.20075813956248,0.957826034768636
"GTF3C4;INTERGENIC11",-0.0204027851567968,0.83051842769989
"INTERGENIC12;RPS18",-0.492034726688072,0.83051842769989
"EIF3I;INTERGENIC13",-0.41136075968517,0.83051842769989
"INTERGENIC14;SON",-0.182259933471375,0.83051842769989
"INTERGENIC15;SNW1",-0.185507805317913,0.83051842769989
"INTERGENIC16;NAPG",0.124743773234542,0.83051842769989
"INTERGENIC17;PRPF38A",-0.121078428301461,0.83051842769989
"COPS8;INTERGENIC18",0.00606894320116609,0.83051842769989
"INTERGENIC19;PHB",-0.013829968043185,0.83051842769989
"INTERGENIC20;RAN",-1.21503868692015,0.962862349374238
"EIF4A3;INTERGENIC21",-0.831735937087782,0.858667905495995
"INTERGENIC22;RBM14",-1.24262703275695,0.972292520292947
"INTERGENIC23;RPS7",-1.29197869343712,0.985572925835515
"INTERGENIC24;RPP38",-0.231526687661964,0.83051842769989
"EIF3D;INTERGENIC25",-0.813819254562785,0.858150763100959
"INTERGENIC26;NAA10",-0.505347540678156,0.83051842769989
"INTERGENIC27;SNRPD2",-0.314474010313729,0.83051842769989
"INTERGENIC28;PSMA4",-1.27449309033371,0.981376806377399
"ANAPC5;INTERGENIC29",-1.45291702961854,0.996820526247479
"INTERGENIC30;PHF5A",-1.27331076562052,0.981123201355568
"INTERGENIC31;RRM1",-1.072158420934,0.919922225063742
"COPA;INTERGENIC32",-1.16495560093308,0.942967512890327
"INTERGENIC33;RPS27A",-1.32792121345089,0.992631515570185
"INTERGENIC34;PSMD1",-0.00563566503245121,0.83051842769989
"GEMIN2;INTERGENIC35",-0.0326315666958843,0.83051842769989
"INTERGENIC36;RPL3",-1.30091953179065,0.987756378833505
"COPS4;INTERGENIC37",0.00155123460015727,0.83051842769989
"DDB1;INTERGENIC38",-0.231661748949284,0.83051842769989
"HNRNPL;INTERGENIC39",-0.112670756331079,0.83051842769989
"INTERGENIC40;RPL10A",-0.995364331079959,0.903060996412981
"INTERGENIC41;PSMC4",-1.16989932260698,0.944996485975311
"INTERGENIC42;RPL23A",-1.07098332965466,0.919808365314978
"INTERGENIC43;RPL26",-0.739358819483021,0.848556435766431
"INTERGENIC44;RTF1",-0.158768174168445,0.83051842769989
"INTERGENIC45;SRSF1",-1.45539523563939,0.996820526247479
"INTERGENIC46;RPL19",-1.26045860277808,0.977299327487217
"ASF1A;ASF1B",0.90723283526544,0.83051842769989
"ASF1B;KLK12",-0.566226166056748,0.83051842769989
"ASF1B;CYLC2",-0.563859517237278,0.83051842769989
"ADAD1;ASF1B",-0.443549374029848,0.83051842769989
"BRAF;DEFB123",-0.0717851767142685,0.83051842769989
"DEFB123;KLK12",-0.404647358090412,0.83051842769989
"CYLC2;DEFB123",-0.396182785478621,0.83051842769989
"ADAD1;DEFB123",-0.470779875763346,0.83051842769989
"BRAF;EFCAB3",-0.145261565813437,0.83051842769989
"EFCAB3;KLK12",-0.519971530593448,0.83051842769989
"CYLC2;EFCAB3",-0.473232091787174,0.83051842769989
"ADAD1;EFCAB3",-0.413638712476647,0.83051842769989
"BRAF;GKN2",0.0314158921027134,0.83051842769989
"GKN2;KLK12",-0.512119822078747,0.83051842769989
"CYLC2;GKN2",-0.542787340140078,0.83051842769989
"ADAD1;GKN2",-0.447738780414939,0.83051842769989
"BRAF;GRB2",0.190879848715829,0.83051842769989
"GRB2;KLK12",-0.441769029115038,0.83051842769989
"CYLC2;GRB2",-0.387854331796911,0.83051842769989
"ADAD1;GRB2",-0.36373629326188,0.83051842769989
"BRAF;PHLDA2",-0.0396617058636172,0.83051842769989
"KLK12;PHLDA2",-0.527995850888037,0.83051842769989
"CYLC2;PHLDA2",-0.310563477541623,0.83051842769989
"ADAD1;PHLDA2",-0.369162090185653,0.83051842769989
"BRAF;RBM14",-1.2744769798607,0.981376806377399
"KLK12;RBM14",-1.09287948123964,0.92268351704861
"CYLC2;RBM14",-1.15408486882548,0.937986736901733
"ADAD1;RBM14",-1.20480423714323,0.959401960945409
"BRAF;WFDC11",-0.0536857817960888,0.83051842769989
"KLK12;WFDC11",-0.461074473642603,0.83051842769989
"CYLC2;WFDC11",-0.387621091045844,0.83051842769989
"ADAD1;WFDC11",-0.430617878333289,0.83051842769989
"BRCA1;PARP1",-0.70596758504379,0.841240651368057
"BRCA1;KLK12",-0.424327721467172,0.83051842769989
"BRCA1;CYLC2",-0.349972075776186,0.83051842769989
"ADAD1;BRCA1",-0.288185619452042,0.83051842769989
"CNOT7;CNOT8",1.19247772423152,0.83051842769989
"CNOT7;KLK12",-0.610117630423938,0.83051842769989
"CNOT7;CYLC2",-0.620171812911451,0.83051842769989
"ADAD1;CNOT7",-0.369695160825267,0.83051842769989
"CNOT8;KLK12",-0.526035751776637,0.83051842769989
"CNOT8;CYLC2",-0.587191725929636,0.83051842769989
"ADAD1;CNOT8",-0.465507411204519,0.83051842769989
"CSK;WFDC11",-0.0952999955691982,0.83051842769989
"DNAJC15;DNAJC19",-0.114432671874916,0.83051842769989
"DNAJC19;KLK12",-0.634422972827098,0.83051842769989
"CYLC2;DNAJC19",-0.593994297491976,0.83051842769989
"ADAD1;DNAJC19",-0.515818086350292,0.83051842769989
"DNAJC15;KLK12",-0.404256873889577,0.83051842769989
"CYLC2;DNAJC15",-0.280689061320707,0.83051842769989
"ADAD1;DNAJC15",-0.409262844690521,0.83051842769989
"CSK;EFCAB3",-0.142083431501086,0.83051842769989
"EFCAB3;EGFR",-0.401602499060197,0.83051842769989
"EFCAB3;ERBB2",-0.151256504574029,0.83051842769989
"EFCAB3;GRB2",-0.144633592806989,0.83051842769989
"EFCAB3;NF2",-0.337201811388603,0.83051842769989
"EFCAB3;PHLDA2",-0.12543456122626,0.83051842769989
"EFCAB3;STK11",-0.260085867435862,0.83051842769989
"EGFR;WFDC11",-0.23177499376014,0.83051842769989
"ERBB2;WFDC11",-0.122334145760607,0.83051842769989
"FAM50A;FAM50B",-0.0481871839843555,0.83051842769989
"FAM50A;KLK12",-0.61529812060975,0.83051842769989
"CYLC2;FAM50A",-0.460896490603071,0.83051842769989
"ADAD1;FAM50A",-0.491889219603229,0.83051842769989
"FAM50B;KLK12",-0.151978459924299,0.83051842769989
"CYLC2;FAM50B",-0.383511701551064,0.83051842769989
"ADAD1;FAM50B",-0.39816837451679,0.83051842769989
"CSK;GKN2",-0.0748052342745045,0.83051842769989
"EGFR;GKN2",-0.450832159447689,0.83051842769989
"ERBB2;GKN2",0.0175849384826587,0.83051842769989
"GKN2;GRB2",0.13601108710432,0.83051842769989
"GKN2;NF2",-0.341641027639075,0.83051842769989
"GRB2;WFDC11",-0.0581173491026073,0.83051842769989
"HDAC1;HDAC2",0.224506396435072,0.83051842769989
"HDAC2;KLK12",-0.346847852089482,0.83051842769989
"CYLC2;HDAC2",-0.576580471184153,0.83051842769989
"ADAD1;HDAC2",-0.435741702449284,0.83051842769989
"KAT6A;KAT6B",-0.166024367699656,0.83051842769989
"KAT6A;KLK12",-0.488589022257196,0.83051842769989
"CYLC2;KAT6A",-0.480586260179661,0.83051842769989
"ADAD1;KAT6A",-0.419009895619142,0.83051842769989
"KAT6B;KLK12",-0.367286413205933,0.83051842769989
"CYLC2;KAT6B",-0.418814371803617,0.83051842769989
"ADAD1;KAT6B",-0.458009063155275,0.83051842769989
"KDM3A;KDM3B",-0.0640595303719465,0.83051842769989
"KDM3A;KLK12",-0.629312829736859,0.83051842769989
"CYLC2;KDM3A",-0.533924458055855,0.83051842769989
"ADAD1;KDM3A",-0.49060687658,0.83051842769989
"KDM3B;KLK12",-0.494850671807454,0.83051842769989
"CYLC2;KDM3B",-0.521891689922099,0.83051842769989
"ADAD1;KDM3B",-0.514348966078022,0.83051842769989
"EFCAB3;NF1",-0.294559310389327,0.83051842769989
"GKN2;NF1",-0.206478332744158,0.83051842769989
"NF1;WFDC11",-0.354742561853025,0.83051842769989
"NF2;WFDC11",-0.354729181976756,0.83051842769989
"PARP1;PARP2",-0.513959540022604,0.83051842769989
"KLK12;PARP2",-0.500258864115236,0.83051842769989
"CYLC2;PARP2",-0.591154135106558,0.83051842769989
"ADAD1;PARP2",-0.478884642817741,0.83051842769989
"GKN2;PHLDA2",-0.000810262081525931,0.83051842769989
"PHLDA2;WFDC11",-0.121414392813499,0.83051842769989
"EFCAB3;RBM14",-1.04876540642718,0.914278010288487
"GKN2;RBM14",-1.29335549998001,0.985910684032529
"RBM14;WFDC11",-1.24798918431616,0.973883688500773
"SMARCA2;SMARCA4",-0.0108037384941088,0.83051842769989
"KLK12;SMARCA2",-0.606943023190866,0.83051842769989
"CYLC2;SMARCA2",-0.556141579470341,0.83051842769989
"ADAD1;SMARCA2",-0.501393429035734,0.83051842769989
"KLK12;SMARCA4",-0.389149326901189,0.83051842769989
"CYLC2;SMARCA4",-0.528487866637708,0.83051842769989
"ADAD1;SMARCA4",-0.488396142848448,0.83051842769989
"STAG1;STAG2",-0.133843107221408,0.83051842769989
"KLK12;STAG1",-0.570595453471719,0.83051842769989
"CYLC2;STAG1",-0.32058483377084,0.83051842769989
"ADAD1;STAG1",-0.429283666002566,0.83051842769989
"KLK12;STAG2",-0.418054461410029,0.83051842769989
"CYLC2;STAG2",-0.474872260461565,0.83051842769989
"ADAD1;STAG2",-0.281457058380219,0.83051842769989
"GKN2;STK11",-0.169159373116912,0.83051842769989
"TTC7A;TTC7B",-0.0685954223980498,0.83051842769989
"KLK12;TTC7A",-0.427742264404021,0.83051842769989
"CYLC2;TTC7A",-0.4578307526883,0.83051842769989
"ADAD1;TTC7A",-0.357683385481333,0.83051842769989
"KLK12;TTC7B",-0.448959314347231,0.83051842769989
"CYLC2;TTC7B",-0.611316985327904,0.83051842769989
"ADAD1;TTC7B",-0.51094939844185,0.83051842769989
"DEFB123;WFDC11",-0.013082281735264,0.83051842769989
"STK11;WFDC11",-0.207897415336438,0.83051842769989
"BRAF;ZCCHC13",-0.00812007741921905,0.83051842769989
"KLK12;ZCCHC13",-0.649582388023544,0.83051842769989
"CYLC2;ZCCHC13",-0.476511784373973,0.83051842769989
"ADAD1;ZCCHC13",-0.473154650191172,0.83051842769989
"WFDC11;ZCCHC13",0.010698045597323,0.83051842769989
"DZIP1L;STX4",-0.472347180071223,0.83051842769989
"DZIP1L;KLK12",-0.608245919966451,0.83051842769989
"CYLC2;DZIP1L",-0.629723326314797,0.83051842769989
"ADAD1;DZIP1L",-0.321967103693655,0.83051842769989
"KLK12;STX4",-0.218617095122584,0.83051842769989
"CYLC2;STX4",-0.570614154742682,0.83051842769989
"ADAD1;STX4",-0.343558953881737,0.83051842769989
"INTS6;INTS6L",-1.65485710279738,0.996820526247479
"INTS6L;KLK12",-0.63153177937627,0.83051842769989
"CYLC2;INTS6L",-0.519765603772507,0.83051842769989
"ADAD1;INTS6L",-0.22190594236305,0.83051842769989
"INTS6;KLK12",-1.45679311472584,0.996820526247479
"CYLC2;INTS6",-1.53864166105203,0.996820526247479
"ADAD1;INTS6",-1.58050147299465,0.996820526247479
"ISL1;YBX3",-0.258478245432484,0.83051842769989
"KLK12;YBX3",-0.590932880978642,0.83051842769989
"CYLC2;YBX3",-0.529177593233964,0.83051842769989
"ADAD1;YBX3",-0.46172780616729,0.83051842769989
"ISL1;KLK12",-0.289651593634725,0.83051842769989
"CYLC2;ISL1",-0.495855438391349,0.83051842769989
"ADAD1;ISL1",-0.474974742597142,0.83051842769989
"MDM2;TP53",-0.433573891707643,0.83051842769989
"KLK12;TP53",-0.527107638643425,0.83051842769989
"CYLC2;TP53",-0.551513039597117,0.83051842769989
"ADAD1;TP53",-0.503287425380208,0.83051842769989
